	comment	0
0	，在商场里逛了一圈，发现还是小米的性价比应该是最高，用了两天，感觉不错，图像清晰流畅，赞一个	正面
1	：用了几天才来评价的，总体还是挺满意的，电视轻薄，挪动方便，画质也能接受，操作系统也没毛病，这个价位来说是推荐小米的！	负面
2	【送给各位小仙女，当大家看到我的这一篇评价时，表示我对产品是认可的，尽管我此刻的这一方面是为了肯定商家的服务，另一方面是为了节省自己的时间，如果不好 我会直接说的。所以大家就当作是产品质量合格的意思来看就行了。最后祝店家越做越好，大家幸福平安，中华民族繁荣昌盛	负面
3	1.客服给的安装电话永远打不通。2.客服建议自己动手安装，安装上去后，插线的位置和颜色对不上，客服根本无法沟通。3.要求电话回复未果。4.真心垃圾客服，和售后。	负面
4	6.18便宜了一块钱 接口能优化些会更好，别的都还好。	负面
5	618非常实惠，物流也很快，一回家就装上看电视了	正面
6	618搞活动买的，价格很实惠，才799，放在主卧，无聊的时候追追剧，就是物流不给力，11号买的，14号才给我送过来，还是同城快递，物流还写着收件人电话无法接通，明明是下雨没给我送，明明写着送货入户，还让我们自己搬，物流公司服务态度差，还好电视质量还行，播放效果也不错，就是广告时间太长了100多秒，中间还要插播广告，会员又特别贵～	负面
7	618活动才买的机子，到货不到两天机子就出现黑点了，联系的客服，说要工作人员检测才行，工作人员上门检测后，直接换了一台机子（包装上是售后用机）。换完机子后才发现和原先到货机子的有些许不一样，换了机子没有保护膜等。开机升级的次数也不一样，换了机子升级了两次才能用。再次联系客服，客服的解释是机子生产的批次不同。呵呵了。客服也不提七天包退的内容。第一次网购家电还是比较失望的。	负面
8	899买的，画质清晰，就是不知道咋回事，放某讯的平台，屏幕一会一会的闪	负面
9	f小米官网发售后服务好的时候就知道非常好用的时候就什么时候回来了吗没有啊厦航航航拍中国移动通信工程造价工程师证明一下午安全教育平台软件工程造价工程师证明一下，好评，简单实用，效果不错	正面
10	S速度快服你们务好	负面
11	爱用国货 支持小米 小米爱用户 家里一堆小米，希望小米能给我一流的产品，平民价格。	正面
12	安装师傅很负责	正面
13	帮舅舅买的   应该是不错的	正面
14	帮老母亲买的，电视很清晰。老人家不会用只好卫星接收器。很好！好评！	正面
15	帮亲戚买的，还不知道怎么样	正面
16	帮亲戚买的、还不错	正面
17	包装很好 快递很快第二天就到了 服务态度很好 用着也很不错 希望能耐用 用几天在来评价	正面
18	包装精致，电视高大上。非常满意，唯一不足就是隔一个房间wifi信号不是满格。是不是内置接收器可以改进一下？	负面
19	宝贝安全到家。客服热情，给个满分。电视一般啦。凑合看。	正面
20	宝贝不错	正面
21	宝贝不错！屏幕清晰画质好，下次还会购买	正面
22	宝贝不错，非常满意，满分五星好评。	正面
23	宝贝不错，好评！	正面
24	宝贝不错，淘宝几年才知道原来评论85个字才会有积分。所以从今天到以后，这段话走到哪里就会复制到哪里。首先要保证质量啊，东西不赖啊。快递还送货上门，不然就用别的话来评论了。不知道这样子够不够85字。谢谢老板的认真检查。东西特别好，我不是刷评论的，我是觉得东西好我才买的，你会发现我每一家都是这么写的。因为复制一下就好了。	正面
25	宝贝不错哦，卖家服务态度也很好，赞一个	正面
26	宝贝到货很快，昨天下单，今天早上就到了，装机师傅更是迅速，一个早上全部搞定，直接上墙，小米这服务必须满分，为了ns，买个小米电视，可以躺在床上玩塞尔达，美滋滋，现在真的可以躺尸在房间里一整天了，全部好评，电视分辨率也很好，操作友善，足球日还能看看足球，再也不用在笔记本上看了，不错不错	正面
27	宝贝电视很好屏幕清晰声音效果非常完美，由衷的喜欢	正面
28	宝贝发货很快，客服人也很好。安装简单。快递小哥也很好。联网直接看。高清的也不错。这个价格很便宜哦。	正面
29	宝贝非常好，就是父母不怎么会用，每次看电视都要视屏教他们??	正面
30	宝贝给老人买的，很好用，老人非常开心，电视质量也好。，相信小米。	正面
31	宝贝很不错	正面
32	宝贝很好，很轻便，给家里老人买的，应该会收到表扬的，老公试了一下，说音质很好，听起来悦耳动听，有点儿小遗憾的是马上就到618啦！如果等等的话，也许可以更便宜的啦，因为没在家所以没法拍视频和照片啦只能放一张别的照片弥补一下	负面
33	宝贝很好，家人非常喜欢。	正面
34	宝贝很好很完美，忘记买个再大点了。买的小了，屏幕这么清晰，再买个大的估计也没任何问题。很流畅，用一段时间看看。	正面
35	宝贝很满意、就是安装需要另外掏一百块钱	正面
36	宝贝很满意对得起这个价钱，做工各个方面都不错没毛病！！！快递小哥每一台都给通电态度很好！！！	正面
37	宝贝很清晰，质量还得用时间去证明了	正面
38	宝贝收到，物流速度超级快，东西也好总体不错，挺愉快的一次购物	正面
39	宝贝收到非常喜欢给五分好评	正面
40	宝贝收到了，不错好评！	正面
41	宝贝收到了，不在家，没有看到，不过相信小米	正面
42	宝贝收到了，国产品牌，值得信赖，超?我们镇上的农村淘宝天猫服务站，真一流的服务?是必须的。	正面
43	宝贝收到了，我非常满意！	正面
44	宝贝收到了，暂时看起来还不错，用一段时间再过来评价吧。	正面
45	宝贝收到挺好的	正面
46	宝贝收货后一段时间，因为没空，今天才装上用，很简单，本身家里有小米盒子，一连接WLAN	正面
47	宝贝太好了，满意！客服小姐姐的态度更好，非常耐心仔细得帮我调节电视机，超满意，给五星！有需要还会再来的，由于电视机在乡下没有拍下视频和图片，真的非常抱歉，下次回乡下时再追评哦！再嗦一句，也非常感谢快递小哥送货到家，开机验货的认真态度，也给个五星！非常感谢！非常感谢！非常感谢！重要事情说三遍！	正面
48	宝贝太好了，太划算了，没出手的不要在犹豫了！	正面
49	宝贝挺好，送货的物流也挺好的!	正面
50	宝贝下单后很快就收到了，一切正常，和上次购买不一样是快递小哥的态度，这次给你4分，给你机会做好，价格不在贵，在于品质，希望你们越做越好	正面
51	宝贝已收到，我很喜欢，还没开机不知视觉效果怎么样！	正面
52	宝贝已收到，性价比非常高，昨天下单，今天就到了，快递贼快！	正面
53	宝贝已收到很好，和描述一样，物流非常好五星?好评。	正面
54	宝贝真的很好比实体店里的电视机便宜多了。物流配送都很好送货到家，免费安装，目前看效果还不错，值得购买。	正面
55	本来网购电器还是比较不怎么放心的，算是第一次抱着试试的态度吧，性价比很高，切换速度很快，一次比较满意的购物！就是物流有点耽搁，我还是自己开车提货的。	负面
56	本来想拍个电视的图，可是电视没开，像个镜子反光把我家都反射出来?，不给你们拍了，我懒得开电视。电视不错。放卧室看挺好的，有些节目不能看，还要会员，哼(?&bull;ˇ?ˇ&bull;?)买的时候觉得超级划算，结果前几天抽奖抽到个满600可用的100红包，我立刻就肉疼了，电视再晚几天就可以用啊?买早了。红包也没用上浪费了&hellip;哼！	负面
57	比较不错，收到了就有人联系说安装，自己组装了，也不需要上门了，还不错吧，过段时间买个大的	正面
58	比较轻便，还是不错的	正面
59	比想象中小一点 也可能是我家电视柜大了 还算可以 画面不是太高清 这个价钱值了	正面
60	必须5分好评，速度快，而且物流直接送到村里，现在服务这么到位，真心满意，关键还是个大件物品，包装完好	负面
61	便宜实惠，小米应该质量不错的	正面
62	不错	正面
63	不错	正面
64	不错	正面
65	不错	正面
66	不错	正面
67	不错	正面
68	不错   不错   值得信赖	正面
69	不错   给家里爷爷奶奶买的  在农村 送到家了的 物美价廉	正面
70	不错  送货很快  画质清晰  暂时没发现啥毛病	正面
71	不错 很好	正面
72	不错 快递速度很快 电视质量不错	正面
73	不错！好评	正面
74	不错，大小合适，很清晰，照不出清晰度效果，	正面
75	不错，非常清晰	正面
76	不错，功能强大，细节都考虑了，支持小米	正面
77	不错，很好用，连接wifi直接看！	正面
78	不错，很清晰，	正面
79	不错，很值，满分好评！	正面
80	不错，画面清晰，大小合适，物流特快，5分	正面
81	不错，价格划算	正面
82	不错，就是点播的基本要收钱的	负面
83	不错，客服态度也好	正面
84	不错，屏幕清晰	正面
85	不错，挺好	正面
86	不错，效果很好	正面
87	不错，性价比很高，服务态度很好，路转粉，以后会多关注小米产品的	正面
88	不错，暂时没毛病	正面
89	不错，这个价格买到了	正面
90	不错、服务也好	正面
91	不错～	正面
92	不错不错！这个牌子很好，画面很美好清楚，家长很喜欢，说物流很快，很值得购买，感谢商家！	正面
93	不错不错，还是小米的产品好啊	正面
94	不错不错，价格实惠。看着也清楚，小房子用足够了！	正面
95	不错的电视，对得起这样的价格，感觉物有所值	正面
96	不错的哟，支持	正面
97	不错点赞	正面
98	不错哦	正面
99	不错傻瓜操作	正面
100	不错试机后正常。超值	正面
101	不错挺好的，我爷爷非常喜欢	正面
102	不大，很便宜，用一段时间应该可以的，不要期待太高，毕竟那么便宜啦	负面
103	才买几天就掉价了，还是聚划算买的。国产的电视还是买海信吧，反正价钱差不了多少，人家是自己做的，不像小米要叫别人做，再打上小米的牌子。买了吧就像，有一种强大的精神力量支撑着我，叫 ????&ldquo;想死又不敢&rdquo;。物流很快，有包送上楼。	负面
104	才收到货，等安装人员帮我安装	正面
105	操作流畅，片源丰富。虽然晚了一天送到，但618可以理解的	负面
106	差！差！差！799的东西，我就不追求什么细节了。但是开机广告加茫茫多的应用我受不了。关键是退货更搞笑。按海信电视机收费，返回费用28，小米要收100，而且不让我自己叫快递。网购那么多年，第一次听见返回不能自己叫快递的。按这道理返回费用随便他们订，绝对霸王条款	负面
107	产品不错，物流垃圾，十公里等三天。我以为易碎品怕坏走路送货呢，结果不是走路送货	负面
108	产品很不错，6/1号0点抢购，799RMB很划算，6/3号就送到家里面了，物流很好，客服也不错。电视机收到后，自己安装底座就可以了，接上有线电视，调试好了就可以使用，画质也不错，老妈很满意电视机。	负面
109	产品特别好物美价廉 服务人员也特别好	正面
110	产品质量很好，快件非常快了，我忘记评价不好意思。。	正面
111	超棒，真的很满意，物流也超快，大大的赞	负面
112	超级棒，超级棒，超级棒，姥姥很喜欢，很喜欢，就是遥控器如果能加钱换成语音的就更好了，毕竟老人不太会用，不小心按到别的就不会了，哈哈?，等以后买个最贵的用用。感受一下来自黑科技的力量。	负面
113	超级棒，在下面实体店铺看了各种的，最后还是选择了网购，超级实惠，到家立马安装好了，流程，好用。	正面
114	超级实惠的价格！使用了不错，好评好评	正面
115	出乎意料的好，不愧是小米，真的很智能很惠民，超赞	正面
116	出租房里给租户用的，还可以吧，家里的也都是小米，以后需要还会再买的。	正面
117	大小刚刚好适合方浴室里	正面
118	大小合适 送货很快	正面
119	大小正好放在卧室里，刚开始有一点不清晰，但用一段时间后就好了。关注了一段时间了，618买实在是划算呀～	正面
120	到了，便宜实惠，一直信赖小米。不知不觉中身边的东西都与小米有关了。???	正面
121	到了马上就看了 很舒服	正面
122	第二次购买	正面
123	第二次购买了，相信小米的质量。	正面
124	第二次买了很好很满意！小巧玲珑方便实用！	正面
125	第二次买小米电视不错	正面
126	第二个小米了，价格实惠，很好，好评	正面
127	第二台了	负面
128	第二台了，准备再买两台，就是没送挂架，还要另外买，麻烦	负面
129	第三台了，小米是我的心头好！无论买什么东西，首先的考虑品牌就是它！	正面
130	第一次开箱碎屏了，有点小失望，可是立马就返回重发了，等了五天终于收到了，包装完好，开机正常，非常清晰，灵敏度相当快，一点都不卡。这下不要再担心了。我是米粉，对小米很有信心，不管是手机还是电视的性价比都相当的高，是我们这些不是有钱人的首选。非常感谢！	负面
131	第一次买，看了还挺不错的...	正面
132	第一次买小米，电视还不错	正面
133	第一次买小米的电视，第一眼十分满意，体验过再追加评。 物流小哥服务到位，好评。	正面
134	第一次买小米电视，很好很清醒。配合天猫精灵很好用买给父母的他们都很喜欢。好评	正面
135	第一次拍小米电视机，性价比高！图像还算清晰，卧室看足够了。 尤其配合投屏神器使用，使用体验很爽。	正面
136	第一次送来电视机有问题，花了差不多一周的时间再送过来	正面
137	第一次下单到收货那么快，不到12小时！比想象的要好！希望一直耐用！	负面
138	第一次在网上买电视机，性价比高，画质清楚，色彩可以，很满意的一次网购，好评！！！！！！！	正面
139	电视?还不错	正面
140	电视?收到了，入户到家。暂时还没有时间安装呢，过两天再来追评	正面
141	电视比想象中要小一点，退货是需要花100快运费的，所以买的时候要考虑清楚了。	负面
142	电视不错	正面
143	电视不错	正面
144	电视不错	正面
145	电视不错，给爸妈在卧室里买的，自己动手安装很容易，整体外观不错，挺轻便的。物流不准时，中间问天猫客服也有不愉快的事情发生，好了，不提了，618降价50，客服也很快补了差价，问题处理的很及时	负面
146	电视不错，很好用，第一次送货入户，屏破了，联系客服，拒收补发了一个新的，态度相当好，物流还赔付了延时送到的费用，不错。	负面
147	电视不错，很清晰。	正面
148	电视不错，就是降价太快了。服务还不错网络电视很方便连wifi就可以用	负面
149	电视不错，开机连接网络就能用了，画面也好，儿子很高兴，每天都可以看动画片了，物流服务很好，速度快，服务到位，以前没买过小米的产品，以后要多多支持了，	正面
150	电视不错，售后服务也不错	正面
151	电视不错，外观好，一直信赖小米产品，物流人员服务好，特别周到，	正面
152	电视不错，物流更不错，因为着急要就和物流商量了一下提前两天就送到了。非常的满意！！！	正面
153	电视不错，显示效果很好！性价比高	正面
154	电视不错。	正面
155	电视不错。超值。	正面
156	电视不错的，尺寸刚刚好，适合面积不大的家庭用。画质也够清晰，这个价格超值。	正面
157	电视不错很好	正面
158	电视操作简单，音质图片色彩很好，好用的东西，物美价廉，客服服务也很赞，回复很快，真情推荐	正面
159	电视大小刚好，网络连接很好   很方便	正面
160	电视发货速度快，没有挂架，又买了架子，电视操作很方便，好评！！	负面
161	电视非常好	正面
162	电视非常好    比三星要好	正面
163	电视非常好，安装软件后不卡顿，很流畅。	正面
164	电视非常好，也非常清晰，大家快来买。	正面
165	电视功能强大！就是看直播的软件有点卡。要是小米能自己出看直播的软件就好了。	负面
166	电视还不错 就是小米会员和小米儿童太坑	正面
167	电视还不错，打开试了下，画质还可以	正面
168	电视还不错，功能马马虎虎，主要是新电视购买，居然没有送会员，这点让我出乎意料，所以感觉有些失望，至少说送几个月会员让人过过瘾再考虑还是肯德，可是没有，太让我失望了，哎！	负面
169	电视还不错，老在使用，物流师傅特别快，态度非常好，赞?。	正面
170	电视还不错，买给父母用的，以后准备买个大的看看	正面
171	电视还好，就是送货员态度不怎样，让帮忙装一下都不愿意。	负面
172	电视还可以，就是广告有点多	负面
173	电视还满意，反应速度挺快的，轻但是不薄哦！目前没什么问题！用一段时间再说	负面
174	电视还是可以的。家里面用的是有线每次开机需要设置信号源   有些不方便	负面
175	电视好，就是安装要收钱，来装本来要130，问了客服，告知回绝找到100的，所以要安装着注意了。	负面
176	电视很便宜。东西很好。。。物流人态度也挺好的移民啪啪啪我去同岁8呵呵恶魔之我去碎觉了好厉害的样子宿舍今个儿童摄影随心所欲他	正面
177	电视很不错	正面
178	电视很不错！就是快递太垃圾了一个劲打电话说找不到地方最后我自己跑下去接到他还一副不高兴的样子说话很凶 网购以来遇到态度最恶劣的快递员	负面
179	电视很不错，反应也快，物流人员还在家试了试！	负面
180	电视很不错，清晰度也可以，支持小米电视，喜欢的朋友可以放心购买。	正面
181	电视很不错，性价比超高	正面
182	电视很不错就是要会员	正面
183	电视很好，操作方便。好评。	正面
184	电视很好，第一次开机，还要小米账号，弄了很久。后续会跟进，评论	正面
185	电视很好，价格划算，还可以连接wifi，还可以投屏，比国产的那些好太多，手机也是小米的，一直都是米粉	正面
186	电视很好，买给父母卧室用，老人不会调到有线电视的信号源去，这个小米可以改进改进，要简化操作。刚买没多久就618，又降价100！	负面
187	电视很好，一直很信赖小米的东西。赶上活动就给老妈拍了一个。特别不错。再说一下物流，下订单就确认转天送货时间，服务也特别好，开机验收，而且很有耐心。感谢。	正面
188	电视很好。物流态度也很好，满分	负面
189	电视很好很清晰，操作很方便	正面
190	电视很满意，连接无线网，可以在线查找视频，利用投屏神器，可以把手机里面的视频，任意看，非常方便！清晰度很不错。	正面
191	电视很清楚，物有所值	正面
192	电视很清晰，大小也不错！就是什么都要会员！	正面
193	电视画面清晰度还不错，就是广告太多，没有机顶盒不知道怎样看直播	负面
194	电视机OK	正面
195	电视机不错，画面清晰，就广告多点，时间长点，看了几天了也没发现什么毛病，不错，这个价位很划算，值得入手购买	正面
196	电视机不错，物美价廉。就是物流太差了	正面
197	电视机还不错这个价位性价比很高了。	正面
198	电视机还行，清晰度不怎么样！ 物流真特么逗我，我这地址收了几百个快递都没问题，日日顺物流 ：还问我怎么走，走什么路，逗我吗，说了放前台还打电话让我跟前台人确认几遍，烦不烦！	负面
199	电视机还可以。以后再来追评。因为没有装别的，只是用网络无线看节目，节目很少。大多数需要会员才能用。有点伤心。不过电视画面都是挺好的。买来后女儿比较少看手机了。以后再来追评。	负面
200	电视机很不错	正面
201	电视机很不错，非常满意	正面
202	电视机很不错，画质音质都棒棒哒，给家里老人替换的显像管电视，很满意。	正面
203	电视机很好，就是给老人家用有点麻烦。	负面
204	电视机很好安装，还可以，刚刚好，放在房间里面	负面
205	电视机收到了，很不错，米粉用了都说好！大小放在卧室正好合适，看着也挺舒服的！  发货很快，物流非常负责，送到以后还打电话询问满意度！很满意就对了	正面
206	电视机收到了，物美价廉！	正面
207	电视机收到了，已经是第2次购买。电视机质量好就不说了，物流公司和快递员的服务更是一流棒棒的。	正面
208	电视机收到了，总体来说还是过得去，比起品牌电视色彩就差很多了，质量如何，还有待使用后再作评价。先给予好评。	正面
209	电视机收到了很好，快递小哥服务态度超级好。这么热的天气真心辛苦快递小哥了。	负面
210	电视机送过来，老人不懂直接在签收单上签了名，但拆开之后，看到屏幕有一点划痕，咨询客服后专员联系我说由于送货单已经签字，这个他们不负责，我无语。之后我再次咨询客服，让专员联系我，至今没有联系，只能自己吃这个哑巴亏。这是我购物这么多年第一次给差评。	负面
211	电视机挺好，师傅服劣态度非常好	正面
212	电视机挺好的   物有所值   连上Wi-Fi就能看了	正面
213	电视机挺好用的，关键是价格便宜！操作也简单，百度了一下，自己调试的，挺不错的！	正面
214	电视机质量非常好。	正面
215	电视机质量还可以，就是买的小了点，应该买40寸	负面
216	电视机昨天买的已收到，速度啊	正面
217	电视己收，非常满楚，质量又好	正面
218	电视价格实惠，送货很快，销量也高应该可以的，功能强大，试了机器还没有使用，后续追加！	正面
219	电视看上去还行吧，一分价钱一分货，清晰度还可以，总之就是值得购买，物流速度很快，发货也及时！	负面
220	电视没有达到自己的预期。尤其是插u盘电影和播放网络电视方面不满意。播放时经常卡顿缓冲，wifi链接家里路由器时经常断网反复链接。当然电视机价格摆在这里期望不要太高。放放有线电视足够用。客服态度不错	正面
221	电视轻巧超薄，美观实用，画质清晰，操作简单，功能强大，非常满意的一次购物。	正面
222	电视清晰度非常不错，功能也比较强大，可以投影手机，性价比非常不错	正面
223	电视清晰度还可以吧 没有他们说的那么清晰，毕竟价钱在这摆着，就是性价比高，好评	负面
224	电视收到，用了几天，很不错，小米品牌就是价格不贵质量不差，画面清晰，音质也好，给闺女用来看汪汪队，小猪佩奇，很好	正面
225	电视收到，昨天发货今天就到了，物流服务好，也快，外壳完好。。。安装过程中，有什么不懂的，卖家也及时回复，满分。。电视清晰，开机连接网络就能用了，画面也好，儿子很高兴，每天都可以看动画片了，物流服务很好，速度快，服务到位，以前没买过小米的产品，以后要多多支持了，大家放心购买。。。	正面
226	电视收到，昨天发货今天就到了，物流服务好，也快，外壳完好。。。安装过程中，有什么不懂的，卖家也及时回复，满分。。电视清晰，开机连接网络就能用了，画面也好，家人很高兴，每天都可以看喜剧片了，物流服务很好，速度快，服务到位，以前没买过小米的产品，以后要多多支持了，大家放心购买。。。 服务好~	正面
227	电视收到好几天了，一直忘记来评价，用了几天没有什么问题，还不错哦！内置wifi的，不用买网络盒子，宝宝们很喜欢看动画片儿歌，我手机摄像头有点坏了拍的视频有点模糊，其实现在很清晰呢！	负面
228	电视收到很久了，用起来放心	正面
229	电视收到几天了  客服非常细心  电视演了几天非常满意	正面
230	电视收到了，放了几天了，电视很好，很清晰，效果不错，价格还很实惠。不错值得推荐	正面
231	电视收到了，还不错，老爸老妈很喜欢	正面
232	电视收到了，挺好的，还可以用无线，超级好用！	正面
233	电视收到了用了两天再评价，目前感觉还不错价格也不贵 货物也是完好无损	负面
234	电视太好了，画面很清楚	正面
235	电视挺好  还算清晰  希望能用的时间久一点	正面
236	电视挺好的，很清晰，一开始在网上看到好多不好的评论，一直在犹豫，后来朋友说不错就下单了，收到货后看了几天才来评价的，真的不错，性能也很好，在同等价位里面应该很不错了。	负面
237	电视挺好的，看着舒服，满意，家里都用小米的，大小放我的屋里正好的，可以连接网络，看联通的机顶盒，送货快，自己买的架子自己安的，挺好的，看着满意！	正面
238	电视挺好的，买给父母卧室用的，他们说很清楚，用的数字电视，也一样好用，小米电视没有让人失望，不错不错不错不错不错不错	正面
239	电视挺好的，物流不咋滴	负面
240	电视外观简洁大方，图像质量清晰。快递也很给力，赞！	正面
241	电视我很喜欢，屏幕也很清晰，价格很实惠，大小也很符合我的心意，里面电视的内容也很全很多，以前是米粉，再次购买小米果然也没有让我失望，以后客厅还会重新买一台大尺寸的小米电视，真的很满意，功能齐全好找，喜欢，喜欢，喜欢	正面
242	电视物流速度特快！比手机都快??(??&omega;???)&nbsp; 电视很轻便，安装好试了试，很满意，第一次买小米电视，对于这个品牌还是很熟悉的！想问下怎么和小爱音响链接？ 支持小米，五星好评！！！	正面
243	电视相当不错	正面
244	电视效果不错，价格也很优惠。	正面
245	电视性比价高，大小合适，清晰度非常好，没让我失望。	正面
246	电视性价比超高，大小合适，很好用，画质清楚，色彩很好，非常满意的一次网购！	正面
247	电视性价比还是有的 如果追求画质就算了 因为便宜不好意思说画质如何 但是稍有后悔应该多花点钱买LG就好了  买东西抱幻想是不对的 客服售前还回应 售后只有气死你的自动回复呵呵 小米	负面
248	电视一点都不清楚，退货还要一百块钱！我表示非常的不开心，不清晰，就是不清晰！	负面
249	电视已经收到，，测试没发现什么问题，目前很满意，，，看看能用多久，，，	负面
250	电视已经收到了，，很不错可以的，一分钱一分货，千元以内的电视.我也只选小米32寸的真的很好了，小米的所有客服也非常有耐心，服务态度非常好我给5颗星。	正面
251	电视已收到  整体来说很完美 就是赶上618  物流方面有点慢！	负面
252	电视用了几天才过来评论，真心不错，祝小米公司越来越好	正面
253	电视用了些天了，发货快第二天就收到了给了我个惊喜从来没这么快过。电视非常薄，可以连无线，也可以看卫星机顶盒。画质很清晰。就是支架感觉有点低。对了，自从收货后，找客服就不理人了，再没理过我。	负面
254	电视用着还不错，图像和声音都不错，还好。	正面
255	电视真的很不错哦，价格实惠，也很清晰，节目很多很满意	正面
256	电视质量不错，我很喜欢。便宜舒服啊。嘿嘿嘿。	正面
257	电视昨天已经安好了，可以正常看了。快递速度杠杠的，早晨下单，晚上就送到了。辛苦送货师傅了！就是被自己蠢哭了，快递地址给填到单位了。智能电视联网以后还可以在线观看，不错！赶明有空了研究研究。	正面
258	电影也太过于轻了吧，用段时间在追评！	正面
259	东西不错 物流很快 网络用着蛮方便的 很好	正面
260	东西不错，会回购	正面
261	东西超级棒 在这个价位能买到这么好的东西就小米了 像素什么的都超好 美中不足的就是有广告	正面
262	东西非常满意，不用不知道，原来现在的电视连上无线网络这么强大，三千多个电视台，各种应用里的资源也挺丰富，比有线强多了。	正面
263	东西还可以  就是物流速度太慢了  2-3个小时的路程  愣是用了2天还有多   东西90分  物流只能0分甚至负分	负面
264	东西还可以，但是整体物流体系和安装体系太糟糕。预约了周日送货上门，结果很随意的打电话来变更时间，理由居然是没空。好，送到了我们才发现居然不负责安装，要自己约，还不提供发票，问客服，前后转了2个客服，居然也说不开票。一件小事折腾了一周，非常糟糕的购物体验。无语了。	正面
265	东西很好，物流很快，用后追评	正面
266	东西很好，值得购就是有一点，我买了，到了，今天显示799，这是？？？	正面
267	东西很好很好很好真的很棒	正面
268	东西很好用，功能很强大，上网，数字电视，USB都可以连接！	正面
269	东西可以，不错	正面
270	东西收到后，马上查看，发现与图片描述一致，真心超级喜欢，很划算。发货速度快，物流快服务也好，很快就收到了，给快递哥点赞。东西是正品，价格也很便宜，服务态度也好，质量过关，给老板点个赞，祝老板生意旺旺，哈哈，下次还会再光顾，希望能更优惠。	正面
271	东西收到了，但愿能用住哈哈	正面
272	东西收到了，挺好的，谢谢商家，下次还会光顾	正面
273	东西收到了很喜欢，特别表扬一下物流小哥很给力	正面
274	东西也就那样吧！画质不是很清晰！开机有广告！也懒得退了！毕竟不到800块钱的东西！要买的慎重！	负面
275	东西一般，播放时广告流畅的一批，一放其它视频老是播放有问题。网站物流配送时间明显有问题，这边晚上不送不说，告诉我下午不顺路，不过来送。预约了周末送，第二天早上10点又通知我收货。	负面
276	东西值得购买，绝对物有所值，物流也非常快，第二天中午就到了，感谢快递小哥	正面
277	对比电视海信，电视开机时间非常非常长，电视没联网感觉联网后会有巨多广告，遥控器按键体验非常差，廉价易坏，遥控接受需完全对准，没有数字按键。电视本身非常轻，显示质量一般，关机操作复杂，别的电视没体验过，所以电视还是买主流品牌吧，否则跟家里解释起来都很复杂，Ps家里人吐槽：等开开机就好干活了！这个怎么换台？为什么没有反应？电视这样关上了？没有，怎么关？还有不用大半夜买，送的那米粉卡小米商城一大把一模一样的，就小米客服这样子，我就估计小米售后也是渣渣，再见无爱了	负面
278	对于服务：很耐心的帮忙解答疑问，尽管遇到不太懂的后来也及时了解清楚并且反馈给我～所以这一块令我最满意； 对于产品：性价比很高，图像清晰，即能接机顶盒看电视，也能连wifi收看一些节目电影什么	正面
279	对于米粉来说，米家里的的东东多不会让我失望的，看图高大上，还智能。	正面
280	嗯 回来就打开看了 挺好的 家里有好多小米产品	正面
281	二次购买了，第一次电视被我侄子小孩子打掉，所以又买了一台。适合放房间，给父母用	正面
282	发货和物流都很快，服务态度也很好。	正面
283	发货和物流很快，电视的价格合适，送货入户并开箱验货，好评 好评	正面
284	发货很快，送货时师傅帮忙确认了外观及电源是否完好，用了6天了，好评好评，	正面
285	发货快，图像清晰，看片流畅，没选错就小米。好评好评！	正面
286	发货送货都挺快，质量不错，清晰度也挺好的，很轻巧，已使用一段时间，没有问题~	正面
287	发货速度很快，隔天就到了，质量不错，大爱！一直都在用小米的产品，是小米的忠实粉丝！	正面
288	发货速度快，客服小姐姐服务态度好，还会再次购买的！	正面
289	发货速度快，送货师傅态度很好。	正面
290	发货挺快的 安装也比较方便	负面
291	发货迅速，宝贝质量很好，操作简单，内置WiFi连接方便，物美价廉看电视神器。	正面
292	防水不知道，画倒是很好画，颜色很喜欢，用起来感觉不费，新手随便可以画挺好的，用完还会买的，图片一直忘记拍?总之这个价格超值.。值得购买哦	正面
293	房间比较小，所以电视看起来挺大，特别是物流，特别给力，180度鞠躬物流?，暂时没什么问题，看一段时间看看，再追评吧！	正面
294	非常不错。网络电视还是有点复杂。需要自己研究下。使用了几天，目前还不错。 安装第二天就上门来了，挂架安装100元	负面
295	非常差，买回来出去出差了几天回来用了一个星期，居然就坏了，遥控器怎么按都没有反应，电视里的视频也几乎都是收费的，客服说从收货日起七天就不能退货，现在看看售后怎么处理看能不能维修好吧，质量真是堪忧	负面
296	非常差的一次购物体验，5月底899买的，没几天618活动799  &apos;说好的保价退款各种拖，最后给退了50.我表示要手7天无理由退货退款，自己邮寄回去，你们不同意，一定要上门取件然后要我付100运费，我都表示如果电视运输过程中有损坏，我自己承担，你们还是不同意，说什么你们售后无权签收，如果我自己寄回去，你们就拒收&hellip;无语，店大欺客&hellip;网上查了下，网友都表示如果在小米想退货比登天都难，说好的7天无理由退货呢？把国家法律摆在哪？如果有时间一定起诉你们？实在没时间&hellip;	负面
297	非常好，超值	正面
298	非常好，功能强大，除了自带的系统很多电影都要开会员才能看，其他都很满意。买的时候还傻乎乎买了小米盒子，到货才知道电视就有盒子的功能了，还好店家马上就帮我退货退款了！好评	负面
299	非常好，功能强大，清晰	正面
300	非常好，就是广告太多	负面
301	非常好，没毛病	正面
302	非常好，物流给力服务态度好，包装完好。	正面
303	非常好，也不小，很清晰，很好用	正面
304	非常好。不知不觉就成了米粉，家里亲朋好友手机都是清一色小米，这次趁便宜又入了小米电视，性价比超高，质量也不错，老爸特别满意。小米的客服和售后态度也超级好，五分好评支持一下。	正面
305	非常好的电视 虽然没用过小米的产品 但是电视机买后的售后和质量还是杠杠的 按键也很灵敏	正面
306	非常好还特别轻	正面
307	非常满意，快递员态度也特别好。	正面
308	非常满意，收到货的时候看见屏幕有两条线，联系客服马上发货给换一台新的。非常满意的一次购物	正面
309	非常满意，特别是物流速度，昨天下午下单今天早上五点多就到了，太给力了！	正面
310	非常实惠的价格，画面也清晰，超值	正面
311	非常完美的一次购物，性价比超高！划算！快递很给力，阿里巴巴客服还提前确认送货时间，送货饿还当面拆开验货！	正面
312	服务态度好，速度快，产品不错	正面
313	感觉不错   毕竟便宜   不能要求太高   画质不是太好   但完全可以接受   快递也快    服务态度很好   总体来说还是非常满意的	负面
314	感觉不错，服务也不错，试用先	正面
315	感觉不错，很好用，方便智能，值得购买！	正面
316	感觉不错哈	正面
317	感觉还不错诶，这个价格蛮划算了性价比高的，用一段时间再过来追评	正面
318	感觉买了个平板电脑，画质差，广告多，有时候还出现花屏，过了七天就不给退货了，很廉价的东西，六一期间连续降价，保价一个月也是骗人的，上当受骗了，不给退货，不建议大家购买。	负面
319	刚刚安好，试机效果不错	正面
320	刚刚使用，感觉还可以，希望质量也可以吧，总之给个好评嘛，都是做生意的，不容易，也多评价几个字嘛，这样对大家都好。	正面
321	刚刚收到货，货物完好，物流也快，再接下来就看看电视的播放质量了，好用的话再追评	负面
322	刚买完不久就降100，有点不能接受。其他挺好，买的第三台4a	负面
323	刚拍 等追评。	正面
324	刚收到，就装起来了，感觉挺实惠的，画面也挺好清晰版	正面
325	刚收到，看了一小时，画质还行，也流畅，不卡，毕竟价格便宜，过些时候看看再讲！小米电视第一次尝试！点个赞！物流也负责，快捷！	正面
326	刚收到不会弄，老是放不出来，卡得要命，广告多，要下载，联系客服也找不到售后服务，不过现在好多了	负面
327	高清，挺好	正面
328	搞活动囤货，每次618.双11的活动价格确实便宜不少	负面
329	给爸妈买的 还可以吧 物流特别给力	正面
330	给爸妈买的，刚开始打开的时候画面好模糊，还以为分辨率太差了。后来发现要手机注册才可以看超清画质，超清的还不错。现在速度挺快的，，不知道用久了怎么样	正面
331	给爸妈买的，我还没有看到，等过几天回去看下怎么样，到时候在来追评，毕竟是小米大牌子的，应该错不了，物流还挺快的，送货的小哥也很负责，一再的跟我确认地址生怕送错，好评	负面
332	给父母买的，打开试了下，超级给力！过几天给送回去	正面
333	给父母买的，就是有一点不好，好多电视都收费	负面
334	给家里老爷子买的。没有回家去看，电话里说的小米电视特别好。身边邻居也想要呢！太赞了！	正面
335	给家里买的，反馈说还不错	正面
336	给老爸买的！还没看到！相信小米，支持小米！好评！	正面
337	给老公买的，老公在福建上班，之前的电视休战了，在网上挑了好久，老公说海信电视可以他想要买海信，我说我给他挑，我和老公用的手机都是小米的，我就给挑了小米电视，抱着试试看的状态，老公说刚开始收到电视开机的时候，感觉那个画面很假，像画上去的那种，本来我想去找客服的，之后开机越来越久，越来越清晰就，正常了，我就没有去找客服了。老公说看了一段时间电视可以！	负面
338	给老家父母买的，非常好，画质清晰，满足老家的需要，父母很满意，效果很好，包装很好，无一点破损挤压，很满意的一次网购，物流很快，服务态度很好，支持国产品牌！永远相信，美好的事情即将发生！	正面
339	给老人家看的还不错	正面
340	给老一辈人买的，很不错。第二天就送到了，同城相当的快。清晰度确实不是太高，32寸的4k高清屏，我实在是没找到。设置一下，难度也不高，基本很快就搞定了。总体来说，一次满意的购物吧。	负面
341	给力，0点下单，早上就派送了	正面
342	给妈妈买的，没有看到实物，妈妈说挺好的，应该不错！	正面
343	给妈妈买的，目前没问题，画质不是特别清楚	负面
344	给奶奶房间装了一台 挺不错 操作起来简单方便	正面
345	给奶奶买的 还没送过去  后期追评	正面
346	给外婆买的，感觉买小了，想换个大的，但是安装好了难得回来一趟帮外婆安装，要换的话感觉比较麻烦就没换了，建议买大一点的！！！	负面
347	给卧室换了个空调，总体来说不错哦，老婆非常满意，智能电视播放下分给力，还可以投屏，虽然小尺寸但卧室够用，就是没有语音输入，其它一切OK，五星好评。	负面
348	功能正常，总体不错	负面
349	观看效果，分两种，1收费的2有广告时间60秒，	正面
350	广告好多，电影大都需要会员，电视分辨率低，看多了头晕，遥控器有些不灵，果然便宜是有道理的&hellip;&hellip;	负面
351	哈哈，非常棒，刚连上wifi，放着孩子最喜欢看的猪猪侠，别提多开心了，这个价格物有所值！孩子超喜欢，就是看孩子天天看手机，担心看坏眼睛，所以特意买了个网络电视！物流特别给力！赞一个！	正面
352	还不错	正面
353	还不错 很清晰	正面
354	还不错 用网络图片比用 有线清晰度好点  家里老人用的 用的有线  就是每次开机都要点AV加载有线 不方便  因为老年人不会点  以前的老电视机 设置好  每次打开都直接搞好的	负面
355	还不错，安装简单，也还算清晰，就是播放时声音自己就突然大了	负面
356	还不错，安装也容易都是自己装的！	正面
357	还不错，很清晰。连上wifi就能用，物流也很好开箱验机后屏幕是好的才签收的	正面
358	还不错，就是看上去有点单薄，希望可以多用几年吧。	负面
359	还不错，就是太小了。	负面
360	还不错，清晰，便宜，互联网电视，使用家里的wifi就能用。	正面
361	还不错，体积轻薄，画质清晰，虽然刚开机时会感觉有点模糊，但后期会正常的，决定买的时候有点担心，会不会有什么问题，收到的时候还是满意的，不知道可以用多久，目前是很不错的哦	负面
362	还不错，唯一不足就是分辨率不支持720p	负面
363	还不错，物有所值！	正面
364	还不错，性能速度也蛮快的。	正面
365	还不错，这个价格可以买到很好了	正面
366	还不错啊价格还算可以	正面
367	还不错吧！就是不知道能用多久	负面
368	还行，画面不错！	正面
369	还行，就是不支持软件开机自启。。。	负面
370	还可以	正面
371	还可以  挺便宜的  哈哈哈哈哈哈哈哈哈	正面
372	还可以！客服服务态度很好！	正面
373	还可以，其实挺清晰的，手机像素不好，没拍出效果，买来小孩子看动画片的！大小尺寸刚好，性价比高！安装简单就装一下底座，拧四个螺丝，但是自攻螺丝拧起来特别费劲，怕一劲把拼命给挤破了！	负面
374	还可以，希望耐用，	负面
375	还可以，用一段时间在追评	正面
376	还可以。  不知道是否耐用？	正面
377	还可以吧	正面
378	还可以吧，通电联网就可以用了，价格也可以，安装方便！	负面
379	还没开机，搬家了再试	负面
380	还没开用，用了在来评价	正面
381	还没用，这个价格很值，回头用了再追评	正面
382	还没有试用呢 应该可以	正面
383	还没有用，用了再来评价	负面
384	还是不错的   呵呵哈哈哈哈哈哈哈哈哈哈哈哈哈  shxhejzjxgnsjxgndjxjvngjsjznxn	正面
385	好！物有所值。画质和声频都不错。	正面
386	好，很好，非常好	正面
387	好，价格实惠。	正面
388	好，有点出乎意料	负面
389	好很好非常好	正面
390	好平时给安装师傅的，工作认真，服务态度很好，谢谢！	正面
391	好评，不知道这么看TVB的连续剧，谁告之下，可以会员	负面
392	好评，很不错很不错，值得购买	正面
393	好评，很清晰，希望能看很多年	正面
394	好评，买给爷爷的，挺不错。	正面
395	好评，送货上门，收到通电，正常。	正面
396	好评，性价比很高，特别推荐。	正面
397	好评五分，商家服务态度好，快递速度快	正面
398	好像清晰度不是太高。其他挺好的	负面
399	好用高清	正面
400	和实体店买的一样效果挺好的 还是挺相信这家店铺买的东西吧，买给老人家看的还是挺实在，又挺不错的，价格也不贵- - 很实惠很喜欢~	正面
401	很棒，小米真的改变了生活，32寸，小卧室专用，物美价廉，操作挺流畅的，爸妈都说好，有点广告是正常的，以前没网络电视的时候，那5分钟10分钟的广告你是怎么忍受过来的，况且这广告质量还可以，没有假药保健品不孕不育等有线直播上让人恶心的广告，清晰度嘛虽说一分价钱一分货，但是看电视绝对够用，需要真4K就加钱啊	负面
402	很不错	正面
403	很不错 很清晰	正面
404	很不错!挺实惠，画面也很清晰，也什么问题!五分好评!	正面
405	很不错，价格便宜，质量还不错，重点是智能机，分辨率也不错，物有所值，几百块钱的东西，值	正面
406	很不错，就是看着不结实，不知道耐用不	正面
407	很不错，信赖小米，支持一下，棒棒哒???	正面
408	很不错。。。。。。。	正面
409	很不错?	正面
410	很不错的互联网电视机，免去用机顶盒了，直接链接网络就能收看到电视，无论是画面，音效都很棒，还能连手机，总之功能很多，服务也很周到，送货上门，还当面开箱验货，确认开机正常再验收。小米电视机正不错，赞一个。	正面
411	很大，很满意开始以为只有电脑那么大，就是不知道容不容易坏？	负面
412	很大～画面很好～唯一的缺点就是居然是不配高清线的，可能是我误解了，一般都是配高清线的～电视机的自带音量就很大了，不需要额外添加音响，还能看电视，舒服～	负面
413	很好 非常方便安装 物流第二天就到了 而且价格也很不错！	正面
414	很好 很清晰	正面
415	很好！刚刚好尺寸，价格实惠，搞活动时买的，孩子超级喜欢看的，家里买的一个超大的55寸的，又买了这个32寸的，画面清楚，智能联网，操作方便，真正的米粉！有需要还来！	负面
416	很好，不错，但是有点细	负面
417	很好，插上网线可以看很多电视电影，但不能看卫视直播	正面
418	很好，父母很满意。。	正面
419	很好，搞活动买很划算	正面
420	很好，给儿子卖的，	正面
421	很好，很适合老人用！非常喜欢！希望可以用的久一点！	正面
422	很好，就是小米系列配件有点少	正面
423	很好，送给奶奶爷爷，给他们看花鼓戏的，嘻嘻嘻，他们还骂了我一顿，说我浪费钱，哈哈	正面
424	很好，速度也很快。	正面
425	很好，挺不错的，物超所值，就是老年人使用，有些不会用，慢慢习惯就好了	负面
426	很好，物流态度也好	负面
427	很好，小米的电视，想都没想就下单了。收到发现电视是智能的，这么便宜能买到一台智能的电视，这是喜出望外。看了几天，非常满意。	正面
428	很好的网络电视机，试看过了，很满意，服务也很好，值得信赖。	正面
429	很好的一次购物体验。电视很好，可以连接WiFi，面质很清晰。性价比很高的一款电视。大家可以放心买。很好好好好好好好好好好好好好好好好好好好好好好好好好好好好好好好好好好好好	正面
430	很好哦价钱又实惠	正面
431	很划算啊，价格超级划算	正面
432	很满意。很清楚 小米真的是国产良心好货 很好	正面
433	很满意的网购，物流产品都无话可说。电视分辨率很好，画面清晰。特地看了很久才来评论的，小米还是可以信任的。加油！	正面
434	很飘逸，外层网纱上有纯手工缝制的精致立体花朵刺绣，很仙！  内里镂空背心裙让你的性感不失柔美气氛！  一种若有若无的羞涩，一种含苞待放的温柔，一种期待已久的相见，  上身效果美炸了！  自带仙气的款 非常的浪漫！在这个夏天穿着出街不会显得沉闷~  很提气质，又会很显皮肤白皙！	正面
435	很轻很轻很轻！色彩各方面也不错！不需要买盒子直接连接网络就有电视。配有底座。能否以后可以配备挂座（加钱也可以），主要方便我们嘛！谢谢雷总，谢谢小二！	负面
436	很清楚，这个尺寸蛮好，很满意的一次购物	正面
437	很清晰	正面
438	很失败的一次网购，从此不会在买小米的东西了。	正面
439	画面，音质都不错，性价比不错，东西收到了，物流挺快的，包装完整，看了下，没问题，，非常喜欢，物美价廉，五分好评，有需要还来，。客服服务也不错，，非常满意！！	正面
440	画面，音质还可以。电视总体不错，就是电子发票迟迟没到。	负面
441	画面清晰，不错	正面
442	画面清晰，物流快，看起来是正品，但愿能用时间长点	正面
443	画面清晰度还好，质量怎么样没用还不清楚，安装也简单，其他完美！	负面
444	画质清晰，618大促销买的，价格非常实惠。	负面
445	画质一般不过对的起这个价格，就是安装麻烦还要另外给150的安装费，这个可以在买电视直接体现呀，现在家里还没电视柜先将就放着了了	负面
446	活动购买，性价比高，一直都是在小米买的电视，满意，支持国产，支持淘宝，都是在淘宝网购。专一。	正面
447	活动买的非常便宜  画面很清晰  活动价格很划算的 也比较大看着就很有质感 很轻便	正面
448	货比到了，跟淘宝店说的一样。快递也很快，服务很到位	正面
449	货很好是正品，商家服务也好，我非常喜欢，下次继续。	正面
450	货很快就收到了，质量真的很好，画质清晰，性价比高，喜欢小米产品。	正面
451	货已收到，好好好领的优惠券849入手	正面
452	基本都要会员才能看到～还是可以的～降价很快～一下子从899到799	负面
453	己收到?很快的速度，昨天下单今天收货。	负面
454	家里的老电视机坏了真巧遇上618年中庆，799元物美价廉，画面清晰值得购买	正面
455	家里买了多样小米的产品，都还可以，这款电视便宜、质量也还行。送给老人看电视足够了。	正面
456	家里手机，扫地机都是小米，这次买的电视机，支持小米！	正面
457	价格便宜，很清晰，音量也很不错，很给力	正面
458	价格合理     外观也挺好           可以说一般	负面
459	价格实惠，功能很不错，最重要的是买了之后产品降价联系客服给退了差价，小米的服务真心不错	负面
460	价格实惠，质量还可以	正面
461	价格实惠质量也不错，各功能都挺好的，总统来说我很满意。	正面
462	价廉物美，不错	正面
463	界面简洁明了易操作，老人家用起来很方便！	正面
464	今天不在家，这么晚评价？电视剧相当好，小米我很像是小米，因为我家里好多人用小米手机。以后有需要我还会光顾你这个店。我还会介绍人过来会光顾你这个店。	正面
465	就这个价位来说还不错啊	正面
466	绝对的好评！高清智能！超级喜欢	正面
467	看电视剧还加广告，我的爱奇艺会员还无法用。还的花钱开通会员。	负面
468	看了几天 还是不错的	负面
469	看了几天不错。	正面
470	看了几天还可以	负面
471	靠谱，这是买的第n个小米产品了。真爱粉啊	正面
472	可以 不错	正面
473	可以，宝贝很好，看世界杯～	正面
474	可以，不跟你多bb	正面
475	可以，为小米点赞。第一次在老家网购，物流很给力呢。	正面
476	可以的，服务到位	正面
477	可以的，性价比高，就是墙架的话需要另外购买	负面
478	可以性价比挺好，值得购买。小米东西质量还是有保障的，有需要还会来。	正面
479	可租可买的反应还不错。	正面
480	客服常年不理人，还以为有挂墙的支架也没有，买了一个星期就掉了100元，清晰度也不行，开机时间长，开机也植入广告，无语了。	负面
481	客服姐姐超好，问题解答很及时。东西很好。对得起价钱吧。	正面
482	快递到货速度很快，质量的话看不出来，不过应该值这个钱	正面
483	快递服务蛮好的，电视使用看看，效果应该也不错吧！	正面
484	快递哥给个赞?，服务态度非常好	正面
485	快递太给力了~快~电视也不错，买家里用 服务好~	正面
486	快递特别好，画质清楚，大爱！	正面
487	快递小哥帮忙安装的，态度非常不错，谢谢了，宝贝画面清晰非常不错	正面
488	快递小哥很负责任，态度也很好	正面
489	快递小哥送上楼的，主动要求开机验货，确认没问题才让签收，赞一个，效果很好，32寸的电视里绝对最划算的了。	正面
490	快递已经收到了，服务非常周到。快递物流也非常快，而且图片也非常清晰。特别是客服猫米立新的服务非常周到给个赞。	正面
491	快递员速度很快 来前打电话联系 主动开箱验货 非常好	正面
492	快递员挺负责任的 直接打开然后插电给我试机器 不错的这个机器	负面
493	亏大了，当天送货到家当天价格就便宜了好几百，买了个32跟65寸的，就去掉了四百差价，要退回去就几百运费让我出，退也差不退也惨，这以后怎么让我敢买小米的产品。	负面
494	亏了 亏了 亏了  亏大了   买的值但就是亏了  早了几天 客服mm你要安慰安慰我???	负面
495	垃圾中的垃圾，想要壁挂电视还得给电视钻眼，不知道是我落伍，还是国标允许这种东西存在，还好意思叫电视。退货还不是客户自由，还得商家上门检验，然后收100多运费，霸王条款，按照这个逻辑，以后买衣服不合适，还得商家派人来验收？电视节目也不是全免费，还要办会员。总之，希望其他消费者小心。	负面
496	老人用着反应很好，就是画质有时候不清晰，价格是很便宜了	正面
497	里面没有说明书也没发票	负面
498	两个角落有一点阴影，不知道怎么回事。应用商店里没有支持第三方电视直播的软件，这是个硬伤！一分钱一分货&hellip;&hellip;	负面
499	令人动心的美，万里挑一的景。美中不足的就是广告有点长?	负面
500	买的第二个，价格不错。第一个被小儿子一锤子爆屏了！	正面
501	买个随便耍耍，感觉还可以。可以可以可以可以可以可以可以可以可以可以可以可以可以可以可以可以可以可以可以可以可以可以可以可以可以可以可以可以可以可以可以可以可以可以可以可以可以可以可以可以可以可以可以可以可以可以可以可以可以可以可以可以可以可以可以可以可以可以可以可以可以可以可以可以可以可以可以可以可以可以可以可以可以可以可以可以可以可以可以可以可以可以可以可以可以可以可以可以可以可以可以可以可以可以可以可以	正面
502	买给爸妈看，填错地址不能修改，但电视还是不错的	正面
503	买给孩子看的，画面很清晰，声音效果也很棒	正面
504	买给妈妈的，很好	正面
505	买给妈妈用的，看起来还行，刚开始用，没发现啥问题，希望质量好的	负面
506	买来给孩子看的，她老是要看手机，所以买个电视机给她看，大屏幕远一点看能放心点。整体效果挺好的，画质清晰，第一个月可以领一个一分钱会员蛮好的，因为广告真是太长啦省去广告真是太爽啦。	正面
507	买来就是当显示器用的，顺便看看视频节目。最大的优点就是价格低，这么低的价格就别挑了，功能该有的也都有，正适合我这样要求不高的。想手机投屏的就算了吧，投个照片肯定没问题	负面
508	买了寄回老家小孩子看，清晰度很好。声音也很大，好评！！！	负面
509	买了两台一模一样的小米电视，挂在了一起，结果一个遥控控制了两台电视，也就是两台电视机只能同时进行。可是我两台电视想要打开两个不同的界面，无法完成，沟通多次，客服人员只是敷衍。电话答应给我退一台，结果电视机打包起来好多天没见人来收件。客服人员服务态度不错，但都是为了五颗星一直在敷衍。问题得不到根本解决，买电器还是到实体店，如果我这样的问题在实体店出现，我相信早已处理完毕。	负面
510	买什么都是习惯性好评，因为怕麻烦，除非有特别惹恼我的事，那咱也不是那么好说话的，哈哈。现在买个东西还要经得住电话轰炸呀！！！所以为了省事，干脆所有点评都是复制粘贴，听说达到多少字以上，还有积分啥的。想想也不错，赶紧数数字凑到了没！！！小时候不好好读书，现在发现编段瞎话都那么难！呵呵了	负面
511	买在家里的 家里人说还可以	正面
512	买之前看了好多好多，价钱比这更低的都有，但看了差评和追加评论后，都不敢买，后来想试下小米机，毕竟我是米粉，一直是换小米手机，很多说售后不好，但我手机买一年后再找售后都是非常有礼貌热情的，帮你解决问题的，所以我挺纳闷，售后挺好的呀，说到电视，真的选对了，操作简单，连上无线网可以看了，我是小米视频会员，不用注册直接登录，还有小米视频会员会每个月送四张点播唬看vip视频的，这个不错，电视很多东西看，屏幕清楚，下面图有连无线网播放的和数字电视的，都不错，总之这次购物很满意?	正面
513	卖的比小米商城贵  服务还差 和他们客服反应  就是不还我钱  我要投诉	负面
514	卖家发货快第一天下单，第二天就送到。已经用了几天了暂时什么都正常希望以后会耐用	负面
515	卖家服务态度很好，电视的清晰度很好。特别是送货那个帅哥服务态度很好，还帮我安装电视，以后买电视就在这家。	正面
516	卖家服务态度很好。质量很好。特别是送货的小哥哥更是非常的服务到位。。。。。	正面
517	满意，便宜又实用。喜欢，特别感谢日日顺物流，服务非常好	正面
518	满意，老妈说画面清楚又大，还买了一个架子只要二十块钱，老妈说实体店买绝对不止，买的值。	正面
519	满意的一次购物，电视机已经收到，质量不错，值得购买！！	正面
520	没帮安装，当时我不在家，是亲人在，就拆箱通电而已，我自己回来装的。	负面
521	没估计好尺寸 买得太小了...准备放桌子上当显示屏用 哈哈哈哈哈	正面
522	没啥说的我家在农村，他都给我送起来了。一般我都要到镇上取	负面
523	目前还不错	正面
524	目前可以， 活动买的，比较划算	正面
525	目前没有问题，待观察机身很轻，屏幕的色泽也不错，给老人用，大小合适，就是开机太慢关机还要慢，对于老人来说有点难	负面
526	能够预约送货，挺好！	正面
527	配送的师傅人超级好。	正面
528	屏幕清楚，速度快，又高清。一点都不卡，用了一段时间了，不错，挺好的，支持	正面
529	前天6点买的，第二天就到了，如果早点买可能当天就到，速度贼快，拿的时候也不重，就几公斤，拿到后超清晰，关键还可以投屏，喜欢，支持国产	正面
530	清晰，放在房间大小正好	正面
531	清晰度不错，大小刚好，对于我们这种出租户来说可以了。网速链接也很好，方便	正面
532	清晰度可以，价格实惠，就是广告太多	正面
533	缺点：好像没有屏幕的亮度和对比度的调节，自带系统广告太多，时间又长，让人很烦！ 优点：1.价格真的很便宜，2.自带的系统内容很丰富，3.音响效果真的不错。	负面
534	确认晚了，确实不错	正面
535	日日顺物流	负面
536	如果各位考虑买这电视然后看到我这个评论的话，你可以不用考虑买了。给各位总结一下以下原因： 1、售后服务没有保障 2、质量太差 3、一旦有问题、会派师傅上门给你检测、所谓的检测就是看一下而已，然后就走了，整个过程三分钟，你预约他家师傅还要等，根本浪费时间！ 4、就是他家肯给你售后服务，也是要收钱的，光是他收回去的运费就要100块！ 5、如果你买了收到货后屏幕是爆裂的，恭喜你！你的钱就当掉了吧！	负面
537	色彩各方便都很满意	正面
538	商品很好 商品很棒 老板人很好 非常耐心的讲解解释一切疑问点 以前一直不知道原来评论还是有积分的 自从知道了以后一直都是好评＋长篇大论 首先得是产品是好的我才评论的 推荐都来这家看看	正面
539	尚未使用，用后再追评吧。东西还是不错的，先给个好评。	正面
540	沈阳地区用的日日顺物流，太次了。年轻司机，提前半个小时给你打电话，告诉你到了。我们父子俩下楼等了半个小时，没见人。告诉我到了，后来知道找错地方。来了后还没等我们提意见，他先发火了。最后告诉我，我物流的，不怕你投诉。我爸六十多了，心脏不好，要不我就跟这哥们练两下子。	负面
541	实惠 超值	正面
542	使用了两天才来确认收货，质量不错，画质清晰，配合家里的小米路由器，小米手机，完美！以后搬家再配个小米冰箱就完美了。物流比较快，服务周到，开机验屏的，值得推荐，价格美丽！	负面
543	试看了几天，非常好	正面
544	试了一下，还可以。	正面
545	试用了几天音质画质都很好，只是中间环节可能有有问题，开机时屏幕没有设置界面，快递小哥送货时说你要花点钱叫人来安装调试才能看到电视，果然检测人员来之后输入密码就有设置界面了，折腾了几天恼火，卖家王凡不错及时申报检测人员及时到位。点赞。没有影响我出差。	正面
546	试用一星期，质量一流，服务安装到位。	正面
547	是跟人家要的链接来买的 电视机大小也行 价格也行 物流也不错	正面
548	适合小户型，很不错。	正面
549	收到货了，人家亲自帮忙装好了！特别高兴，已经是第二次买这款电视了，第一个买回老家了！！大品牌值得信赖，值得拥有！！我和老公手机也是用小米的，绝对的小米粉！！！	正面
550	收到货了，物流很快，物有所值	正面
551	收到货头一天发现问题，5月25号申请换货居然一直到6月2号客服才给我申请。在这其间价格居然也降了一百多？???这次网购算是最差的一次了！	负面
552	收到了看质量很好，以后怎么样在来。	正面
553	收到了用了半个月才评价，确实不错	正面
554	收到马上装上试看了一下，感觉还不错。	正面
555	首次进入系统慢，开机有广告，连接上网络，基本上要开通小米影视会员 ，否则不能看。质量现在看来开了几次机，没多大问题。清晰度也就一般，一分钱一分货吧，顶部电视塑料边框感觉不牢固。	负面
556	首先物流服务很好，送到村里给我打电话，我让我爸去接的，又送到家里帮忙检验一下。偏僻乡村不至于再预约安装服务了就远程教爸爸安装，挺好安装的，爸妈都说698的价格超值，感谢小米让我用上了便宜实惠的产品	正面
557	说是保值618，但是呢现在价格降了，还送什么米粉卡。电视很小。但是配送人员服务很好。。	负面
558	送货的小哥相当厉害。服务态度很好。电视机刚刚装上，用了一段时间在追评。	正面
559	送货非常快，客户和送货的态度都特别好。一直都z小米购买	正面
560	送货很快 东西非常好	正面
561	送货很快，凌晨下单当天下午就到了，家里买过不少小米产品，希望小米越做越好。	正面
562	送货入户，通电验机，	正面
563	送货上门，求的送货小哥哥帮弄好的，很方便，打开就可以用、电视也不错、很清楚	正面
564	送货速度超快，开机后运行速度也很快，特别是跟比家里的老电视一比，简直飞起来了，影视资源很多，屏幕还有护眼模式，小米为发烧而生，一点也不错	正面
565	送货特别及时，电视大小很合适，出租房用直接用WIFI看电视，打发月子里无聊的时间	正面
566	送货特别快 昨天下午定的 今天上午就到了 师傅服务特别周到 也很热情 很愉快的一次购物..	正面
567	速度很快，电视已经收到，要明天来安装，装好看看效果	正面
568	速度快	正面
569	速度快，尺寸合宜，画面清晰，音效不错	正面
570	速度快。而且服务热情，送到以后还给电视通电，无毛病才走的。必须赞一个。	正面
571	速度是真快啊	正面
572	特别高清，音质也很清晰，还没移wifi，用手机热点也可以看，真棒，900块钱真的超良心，支持小米	正面
573	特意过了几天才来评价，小米的东西真心不错，家里还有小米手机。质量真的没刺可挑。	正面
574	挺不错的！小米的东西做的是比较靠谱的，就是植入广告太多啦，电视是没多少钱，分摊到电视的系统广告里面去啦！高手就是高手！雷神加油！	负面
575	挺不错的，可以连苹果手机。投影用的挺爽的	正面
576	挺不错的价格良心	正面
577	挺高级的挺好的，画质也挺好大小的话，差不多比以前的款式要小一点嗯，大人的话就说一下	负面
578	挺好，老爸挺喜欢的，就是他老是按不好，总体还不错啦，满意，不会弄的时候，客服也很耐心，很喜欢	负面
579	挺好，物流也 很给力，谢谢店家谢谢小哥哥	负面
580	挺好的，给奶奶用，设置下就很简单了	负面
581	挺好的，价格便宜	正面
582	挺好的，买给父母放卧室看的，价格也便宜	正面
583	挺好的，买了两个，一个32一个49，这个是32的，刚帮我爸妈装完49的，用起来还是不错的	负面
584	挺好的，送货入户。画质也不错。	正面
585	挺好的、价格也不贵、送给爸妈的、爸妈很高兴	负面
586	挺好的很轻薄，一点也不卡	正面
587	挺好的买了10台店里用	负面
588	挺好用的，特别方便，比家里的传统电视好用多了	正面
589	挺满意的，经济实惠，很轻便，我们自己买了挂架，标配只有底座。使用情况要是有小米的使用会员就好了，很多都要付费才能看，清晰度一般，但是总体质量效果配得上价格，发货也很快，电子发票给的也很快，希望能用住。	负面
590	同一天别人买799、我确买了849	正面
591	头天拍的第二天就收到了，神速啊！安装方便，自己三下两下就搞定了，画面清晰，音质不错，关键是方便使用，连接wifi 就可以直接使用，价格也合适，本次购物，本人表示满意	正面
592	图个便宜放孩子小屋看的 大小合适 快递不给开箱看货差评 开机慢购买页面承诺送达日期也没履行 买完之后还便宜了100只给返回50 退货据说还收100多 对小米无感了 期望这能用久一点????	负面
593	图像清晰，大小也比较合适！	正面
594	图像清晰，功能强大，操作方便，很好	正面
595	网购这么多年体验最差的一次 买了六台小米电视，分两批发货，三台顺利送到，另外三台不知所踪，请客服帮着联系物流 得到的答复是把已经送货的三台电视的物流员的电话给我让我自己打电话联系看看电视是不是也在他车上。。。很少买小米的东西，从此会更少了。	负面
596	为什么图片上写的价格是799，购买后价格是849？	负面
597	我妈说不错	正面
598	我是6.1凌晨买的，大约在6月3日就到了，我叫他们放到附近的农村淘宝店，6月4日收假就拿去安装了，我是帮UU公益买的，送给贫困学生的，学生在家看电视，很高兴，也很感动帮助他们的叔叔阿姨们。产品质量很好，好评。	正面
599	我是我们村第一个在淘宝上买东西的人。他们买东西价格一般不超过五块	负面
600	我收到了放的还清楚的很，我以带刂堇智迨辛恕７浅Ｂ意了，下次还要卖买的。	正面
601	我原价849元买的根本不是广告打的799 问客服也没有人回复 物流是不错 其他的 非常让我不满意	负面
602	物流超级给力，昨天下单今天上午一早就收到货了！给快递小哥点赞，冒着狂风暴雨，外面水浸泡到小腿上了，身都湿透了，二话不说提着电视下车一口气跑上六楼超级给力！！！今日今日有这样服务秒赞???	正面
603	物流超快，商品超值	正面
604	物流超快，质量没的说，好评，	正面
605	物流超快，质量也不错，清晰度高。这个价格买到也很惊讶。必须好评。	正面
606	物流非常满意 服务到位	正面
607	物流非常细心，非常负责	正面
608	物流服务很好，耐心帮忙安装，教使用，感谢，电视看着还可以，希望质量好，支持国货	正面
609	物流给力，宝贝包装完好，方便好用，画面不错，资源车富！	正面
610	物流好！质量好，服务好，！！！	正面
611	物流好快，下单后隔天就收到了。买来房间看的，有小米帐号的直接接上网线就可以看了，挺不错的	正面
612	物流很给力，货是到了，还没装上也不知道效果，后续追评咯	正面
613	物流很给力，机子还没用，用过后来追评！	正面
614	物流很好，很负责，送货到家，一直很信赖小米，已经开始使用了，效果很好。	正面
615	物流很快  隔天到货  第二次购买了  相信小米的质量	正面
616	物流很快，按约定的时间到了，物品完好，支架自己很好装，屏幕清晰，开机流程按步骤来很快就能看电视了。	正面
617	物流很快，隔天就收到了，安装很简单，电视画面很清晰，不错，性价比高，点赞^O^	正面
618	物流很快，质量很好	正面
619	物流快，服务好	正面
620	物流老师很好！	负面
621	物流速度，可电视机子的外包装：纸盒我就不开心；看不懂了！！！就一个建筑工地掏出来的纸箱一样！！！惨不忍睹啊！ 万幸的是内里的电视机完好，插电也能亮：家里人表示不追究了：毕竟电视没问题！ 我相信小米品牌的质量：可，很介意这物流的职业品德！！！宝宝不开心	正面
622	物流速度很快，五星好评	正面
623	物流速度快的没有话说，客服也非常好，电视也好	正面
624	物流太给力了。超赞?	负面
625	物流挺快的	负面
626	物流真是太好了，又快又好。电视也好，统统搞定。都点赞5棵星	负面
627	物美价廉 非常不错的一次购物	正面
628	物美价廉！非常好，重点要说物流不行，网点和个人电话都关机，投诉之后才给反馈电话，说6.18实在太忙送不过来，你忙我可以理解，态度一个个的都不好就不可理解！	负面
629	物美价廉，物有所值。 快递服务很好。送货入户服务到位，辛苦了！我会介绍更多的伙伴购买。	正面
630	物美价廉~~~好评~~	正面
631	物美价廉好评	正面
632	物美廉价？！！！谁说便宜没好货，简直打他脸。超级轻而且不用大麦盒子了方便。奈斯。比心	正面
633	习惯性好评，物流服务态度不错，到家给安好调试好了才走的，用一段时间看看卡不卡。	正面
634	系统反应很快。分辨率也很好，第一次在网上购买电器，非常不错	正面
635	下单第二天就到货了，色彩鲜艳，高清，性价比高。希望能耐用	正面
636	下单后两天收到货，包装完好，电视机外观无损害。功能很多，清晰度还可以。连续看五、六个小时，发热不明显。就这价格性价比很高。	负面
637	先说东西，实际屏幕效果比视频要好，开机时人站在星空下的画面很赞，也清晰。近距离看，屏幕能看出像素点，稍微离远一点，屏幕很可以的。之前看到别人说有水纹，还有点担心，我这个完全没有。买过小米的不少产品，信任感还是不错的，这也是看到评论，即使担心也依然愿意相信的原因。 再说物流，简直给力。以前买手机，上午买下午到。这次买电视，中午12点多一些下单，晚上快递来电话，没让送过来，约定第二天早上7点送到，非常准时。而且拆箱，验屏，签收后才走。虽然这是快递本来就该做到的，但现实是，做到这样服务费真的不多。 电视给老妈买的，收到当天晚上就开车给老妈送过去了。	正面
638	相比大品牌图像清晰度上还有差距，但价格便宜，性价比还是比较高的，总体来说比较满意。	负面
639	小哥大中午过来真是不容易，点个赞	负面
640	小米产品，质量就不用说了。不过还是第一次买电视，清晰度很高，看着很舒服。	正面
641	小米出品必出良品，电视不错，很清晰，很超值，就是内存能大点就好了 好	正面
642	小米出品必出良品，电视不错，很清晰，很超值，就是内存能大点就好了！	正面
643	小米的产品，性价比超高。	正面
644	小米的电视还是很不错的，性价比高，安装后试看了一下，很清晰，不错不错！	正面
645	小米的东西就不用说了，性价比那是是肯定的高的，这几天的使用当中还是不错的，很对的起这个价格	正面
646	小米的东西就是不错，电视很智能，价格也实惠，配上小爱同学真棒，唯一的缺点就是内存太小，装不了几个软件内存就满了	负面
647	小米的东西就是性价比高	正面
648	小米的东西没的说、非常好	正面
649	小米的东西质量应该不错  东西我还没看  老婆看的	正面
650	小米的缩水货，真是砸小米牌子。电视重量轻，感觉就一层薄薄的皮。我用的天猫魔盒效果一般，声音单调。本来玩ps的现在也没兴趣了。需要高品质的朋友不要图便宜。不过物流挺快一天到了。	负面
651	小米的性价比还是不错的，家里父母看的，我没看到	正面
652	小米电视4A 32寸图像稳定、画质清晰、声音清晰，这个价位买智能电视性价比高。家里有宽带的，只要有wifi可以直接看数字节目，可以省去不用数字机顶盒安装一堆东西，麻烦！看当地新闻频道可以装普通家用天线就可以收到，我买电视也就是时时了解时势，这一要求很好的满足了。整体来说32寸小米电视功能强大，质量稳定，我给满分。 小米客服耐心热情、回复及时，我非常满意。送货师傅入户送货，态度真诚，并且给小米电视当场点亮，打消我对电视质量的疑虑，评级服务我给满分。	正面
653	小米电视不错，智能联网，超薄轻，携带方便，还可以看网络电视，画面也不错，操作简单易学，好评五分。	正面
654	小米电视果然没有让我失望，屏幕也很清晰，价格也实惠，大小也适合，电视内容也很全，很满意。五星好评	正面
655	小米电视还可以 真心可以。	正面
656	小米电视还是真的不错的，小米的产品一直在用真的很不错。小米手机都用了，电视肯定也不错。支持支持。	正面
657	小米电视很不错，价格实惠，功能性强，清晰度高，发货速度快，服务态度很好  非常满意	正面
658	小米电视机不错。帮同事买的，他们都说好。	正面
659	小米电视机已收到，特地用了一段时间再来评价。物流很快，也是送到家中，服务很好！电视机质量也不错，画质可以，900元的带wifi，性价比很高，希望是能够经久耐用！好评！	正面
660	小米电视就是不错，是高清的，20号下的单22号就到	正面
661	小米电视就是好，特意用了几天才来评价的！	正面
662	小米电视蛮不错的，买来放宿舍看的，32寸大小也合适，画面也清晰，价钱也合适。	正面
663	小米智能电视32寸的，收到了！超出想象的好！喜欢的朋友可以下手了！画质清晰！声音好好听！	正面
664	效果不错   孩子看动画片合适   32寸在我的小客厅里刚好  送货师傅也很负责 仔细	正面
665	效果不错，小爱音响可以控制 就是屏幕是有一条划痕	负面
666	效果还不错	正面
667	信赖小米，支持小米！	正面
668	性价比高，好评。 外地上班买个电视看看挺好。	正面
669	性价比高，外观漂亮	正面
670	性价比高，物流隔了一天才安装，收了100安装费，不知道贵还是便宜，给大家参考	负面
671	性价比还是高的 几百块能入手智能电视 小米牛逼 当然 画质还是对得起价格 毕竟是在房间里凑合看看 够用了 而且操作速度也不赖 最想说的就是 800的电视还要另外花100安装 感觉也是有点心痛呢！	负面
672	性价比很高的电视，送给家人的，购物也愉快！	正面
673	性价比真的很高！没想到千元以下都能有那么好的电视机。应该早买早享受！	正面
674	颜色声音清晰度都好还便宜一个字好！	负面
675	要是能送个挂支架就更好了	负面
676	一般一般没说的那么好	负面
677	一次又买了四台，之前买过一台，网络电视感觉功能还不错，比几年前花了三四千买的网络电视功能好多了。画质也可以还凑合价位在这放着！性价比挺高！放在店里用希望可以用久一点吧。	负面
678	一分钱一分货，套路家不去看看哦鱿鱼丝11来咯农作物啦啦啦不过还是萝莉控哦玉兔精拉巴次仁去写作业可口可乐了了路上啥艰苦朴素讨厌我的挤来挤去腾讯新闻无条件咯么的姐姐哭咯哦哦下午，挺好的	正面
679	一开始担心，1G运存和4G内存不够用呢？目前来讲还是很快的，就怕时间一长系统不断更新，故意把你老机子搞慢。32寸放在卧室大小合适。	负面
680	一下买了5台，没挂架，客服没人理你！没任何礼物！没任何优惠。很失望！很失望！	正面
681	一下买了两个电视虽然没有抢到优惠卷，有优惠卷的话可以-300的呢！但没想到我收到货的时候师傅帮我拆和检查有没有问题再走！这个服务不错！看电影和看电视剧根本没问题！超舒服的画质和声频！值得买！价格也非常便宜性价比很高！	负面
682	一直都很信赖小米的产品，米粉一名。	正面
683	已到货，目前很满意。试看后再追评，物流很给力服务态度杠杠滴。	正面
684	已经第二次购买了	正面
685	已经是第二次购买了  非常好   性价比很高   物流也很快    送货员态度非常好   当面开箱通电验机  没有发现问题   送货员非常配合一起验机	正面
686	已用一周，画面清楚！非常值得购买！	正面
687	以后还买小米电视，特别好用。	正面
688	以前从来没有好好评价过，不知道浪费了多少积分，听写评价超过100个字可以得积分，以后每条评价都会妥妥的超过100字，已经是第N次在天猫网上购物了，价格实惠，货真价实，喜欢的亲们不要犹豫了赶紧下手吧！现在都不愿去超市购物了，天猫网上应有尽有真是太棒了	负面
689	以为会很小 结果我觉得不错 画质也可以接受 喜欢	正面
690	因为是小米粉，这是第一次从网上购小米电视，以前都从实体店买，这个和实体店没有区别，最主要的是便宜了不少，而且装起来也简单，值得拥有	正面
691	用了好几天来评论了 一开始以为32寸会很小 结果比想象的大多了 画面很清晰 这个价格买到这个算是超值了 看看后面持续使用的效果了 现在就比较满意了 当天购买第二天就到了 棒棒棒棒棒棒了	负面
692	用了几个星期才来评价，屏幕很好很清晰，完美。	正面
693	用了几天觉得挺好的，服务态度也不错，给赞五星，不满意的就是买完了就搞活动直降100，不开森???	负面
694	用了一段时间，因为平时太忙了，现在才来评价。发货蛮快的，第二天就收到，这款机型感觉还不错，明度和色彩都舒服，好评	正面
695	用了一个多星期，一切没问题	正面
696	用下来可以 实惠	正面
697	用着还不错，就是广告太多	负面
698	用着还不错尤其是遥控比我的海尔的遥控上档次多啦	负面
699	用着还可以吧。	正面
700	由于送到家里了。还没有安装，但是快递小哥送到家里我家六楼搬到楼上，给快递小哥点个赞?回家装好会追评的	正面
701	有点小，卧室用用还可以，功能真强大，特别喜欢手机投影功能，自带的电视资源要会员才可以看全集，要不只能看1-2集，小米的家电第一次买，还买了空气净化器，喜欢小米的设计，简单漂亮	正面
702	在淘宝花了好多好多钱，以前基本都没有认真评价过，后来才知道淘宝评论积分可以涨淘宝值，才知道评论的重要性，所以后来无论买什么东西，我都会把这段文字复制粘贴，评论80字以上就可以得50个积分，当你看到我这个评论的时候证明我是真的觉得所购物品品质好质量好，值得推荐，网上淘实在太方便了！	正面
703	在这里要表扬一下天猫的工作人员，我收到货看到爆屏了第一时间联系小米客服，小米客服一直拖着我，叫我等，后来我申请天猫介入，天猫很快就处理好。天猫的服务态度直的很好。	负面
704	暂时都不错，交了个小米儿童会员，有时候网络会卡下	正面
705	暂时没发现什么毛病。用一段时间来追评	正面
706	暂时没用	正面
707	早几天就收到了，师傅帮助通电试了正常，待安装使用后再续评。	负面
708	早上下单，傍晚收货。包装完好无损，日日顺物流师傅一起验视后才让签收，认真负责态度超好。电视易于安装，连接网络后下载速度快，没卡顿现象。清晰度很好，音效不错。今年第二次买小米电视，必须赞一个。	负面
709	渣渣萌新客服，不知道的东西直接否认不可以，问他连上Wi-Fi了然后怎么收看卫视台，他直接说不能收看，叫我退款，还叫我买机顶盒才能看卫视台，我当时也不懂，心情直接炸了，退款你奶N个锤子，100运费不是钱？想想买盒子又怕被坑，还好老子问了下其他店老板，别人家老板给了我软件链接，我下载安装就可以看几W个电视节目了，啥壁玩意，还想坑我买机顶盒，还直接叫我退款，想想都不爽，气归气，电视还是不错的，一个电视直播软件就能完美解决，非得瞎几把乱说	负面
710	照片拍的不是很清楚，感觉还不错，给父母买的，就试了一下，资源挺多的	负面
711	这个电视给爸爸买的，收到货一直没有去安装，今天安装完毕，效果非常不错。电视的尺寸和分辨率适合老年人观看。一直信赖小米的品质和诚意！功能强大。 电视支架距离宽，放不到小柜子上，安装在墙面上。安装师傅工作熟练。	正面
712	这个电视给爷爷买的，收到货一直没有去安装，今天才安装完毕，效果非常不错。电视的尺寸和分辨率适合老年人观看。一直信赖小米的品质和诚意！	正面
713	这个东西看着就非常美丽大气上档次，里面的美女看得非常清晰，特别是3D肉蒲团，看得相当到位！无限个赞?！不知道字数到了没，到了的话就不再夸张了！	正面
714	这个价格，已经很好了，在小卧室足够	正面
715	这个价格，这样的电视非常不错	正面
716	这个价钱买到这样的好货非常值???	正面
717	这个价位超级棒！性价比太高了  图像清晰无卡顿！音质好！ 很满意！  老米粉 ！  以后继续支持小米！	正面
718	这个价位电视机还是不错的，物流速度好评，可以的	正面
719	这机子非常好，32寸放在不到20平的卧室里不大不小。给父母看的，通过首页画中画设置后开机就能看电视。这个设置后操作简单，很适合老年人。性价比非常高的一部电视机，既适合老年人看，也适合年轻人。	负面
720	这是我多次次到网上买家电 觉得便宜 效果还行 毕竟价格在那里 到货也比较快 看看之后使用效果还行 很满意 买给家里老爷子看的 喜欢看电视 要是可以之后会继续网购家电的。 好评全五分	正面
721	这样的价格能买到这么的电视，物有所值！	负面
722	这已经是第二台了，一如既往的优秀，就是电视有点厚感觉还是十几年前的厚度，系统的话ok的，有了智能电视基本不看数字电视了，这时代的变化有点迅速哈哈哈{?●感谢雷军同志，创造了小米电视啦啦啦啦	负面
723	真快，就是安装100有点贵	负面
724	真是便宜好用！楼梯房也送货入户，非常满意！	正面
725	真是没想到能买到这么物美价廉的东西    说实话真心感觉国货越做越好了   这做工   这分辨率没话说      支持小米   愿小米能陪我们走的更远更强	正面
726	真是无语，都不给我送到家 还得自己去拿，要是没有车还得自己走一个小时的路程扛回去吗？	负面
727	真心不错，刚开始拿出来放在60寸电视机前，没比较没伤害啊，看着真是小很多，不过单独在小房间用，还是非常OK的，清晰度也可以，色彩也不错，音质也不错，看网络电视也很稳定，一定要说不满意的就是，明明下单前说是低价最后时限，结果几天后还是这个价，哈哈	负面
728	整体来说不错?，这个价格也算可以了	正面
729	之前买了一个55寸的，很不错，家里本来就用的小米盒子，不用单独再买了，买个小的，想着以后配合主机，就直接当电脑用了	负面
730	支持国货 好	正面
731	支持国货!还不错。	正面
732	支持国货！支持国货！支持国货！第四次购买了，小米电视影片更新快，基本和优酷爱奇艺同步更新，话音清晰，屏幕分辨率不刺眼，送货师傅服务态度很好，大热天送货看着都累，多买国货振兴科技智造，国家创新科技的骄傲品牌！	正面
733	直接给送到家 当天买第二天就到了物流特别快！很划算活动买的！	正面
734	质量非常好，与卖家描述的完全一致，非常满意	正面
735	质量还不错，爸妈很喜欢，客服态度不错，快递服务也好，好评！！	正面
736	质量好，家里买了第二台，去年双11买了台在婆婆房间，老公觉得这次活动力度挺大的，果断下手了。物流的配送人员服务态度太差劲了	负面
737	质量很好！画面很清晰，给宝贝买的看动画片，很方便，连WiFi就可以了！物流也快！总之，非常满意！	正面
738	质量很好，发货非常快，客服超赞	正面
739	质量很好很实用	正面
740	质量可以各方面不错	正面
741	质量用了几天感觉还不错，希望质量能越来越好，加油	正面
742	智能，网络，高清，品质比想象的好！	正面
743	终于收到我需要的宝贝了，东西很好，价美物廉，谢谢掌柜的！说实在，这是我淘宝购物来让我最满意的一次购物。无论是掌柜的态度还是对物品，我都非常满意的。掌柜态度很专业热情，有问必答，回复也很快，我问了不少问题，他都不觉得烦，都会认真回答我，这点我向掌柜表示由衷的敬意，这样的好掌柜可不多。再说宝贝，正是我需要的，收到的时候包装完整，打开后让我惊喜的是，宝贝比我想象中的还要好！不得不得竖起大拇指。下次需要的时候我还会再来的，到时候麻烦掌柜给个优惠哦！ 很好，很满意	正面
744	终于收到我需要的宝贝了，东西很好，物美价廉，谢谢掌柜了！说实在，这是我淘宝购物来让我最满意的一次购物。无论是掌柜的态度还是对物品，我都非常的满意。掌柜态度很专业热情，有问必答，回复也很快，我问了不少问题他都不觉得烦，都认真回答我，这点我向掌柜表示由衷的敬意，这样好的掌柜可不多，再说宝贝，正是我需要的，收到的时候包装完整，打开后让我惊喜的是宝贝比我想像中的好！不得不竖起大拇指。下次需要的时候我还会再来的，到时候麻烦掌柜给个优惠哦！ 终于收到我需要的宝贝了，东西很好，物美价廉，谢谢掌柜了！说实在，这是我淘宝购物来让我最满意的一次购物。无论是掌柜的态度还是对物品，我都非常的满意。掌柜态度很专业热情，有问必答，回复也很快，我问了不少问	正面
745	主要是分辨不清楚	正面
746	专门买给八十多岁的奶奶看的，32寸刚好。色彩度不错，小米系统操作也不算复杂。就是遥控器的简约风格老人家不太会用，要适应一下。免费看的资源很多，足够老人家看啦。	负面
747	自带盒子，价格超级划算，一开始还担心花屏之类的，估计这个是概率问题！一开始不会设置清晰度，现在好了，很不错！妈妈很喜欢！	负面
748	自己安装的，就把底座用螺丝刀玄紧，放在桌上，插上线，问了安装师傅挑选频道，就可以正常收看啦，挺简单的。	负面
749	自己家里用非常不错，价格实惠。	正面
750	总体还行，就是插网线没反应不知道什么情况，现在用的无线网络也还可以	负面
751	总体来说很满意，送货入户，给点亮屏幕，不安装，安装也简单，两个角，装上就行！很简单，899这价格无敌	负面
752	最近很忙，忘记确认收货了，不好意思！电视不错，很轻，画面显示也可以，功能很全，使用也很方便。快递的服务态度很好，总之是物有所值！！！好评！	负面
753	最失败的一次购物，小米的态度就是拖，一直拖，一个65寸电视没货，硬是把物流更新已发货，且到目的地，天天打物流点电话说没到，更奇怪的是，还不能延长收货，联系客服，就知道反应一下，谁知道反应到哪，没一点用，包括400电话，就是摆设	负面
754	昨天回老家装上了 老家是用锅 不知道是锅的原因还是怎样 画质不清阿	负面
755	昨天买的今天就送到家，现场快递员服务也很好马上试看验收，看了觉得很好，好评，祝老板生意兴隆	正面
756	昨天下午下的单今天就到了，比我大瑞文的光速qa都快。东西怎么样先不说，服务态度特别好，还免费安装，完了还给打扫卫生，感觉受到上帝一般的待遇了。我个人是非常的满意。	正面
757	作为一个优秀的米粉。小米的东西真的是物美价廉，下次肯定是所有东西都会在小米购买。	正面
758	799抢购的，感觉很便宜！	正面
759	799挺好的，物美价廉！	正面
760	i非常满意，手机，电子秤都是小米家的，一直支持小米。	正面
761	nice大夫，	正面
762	ok	正面
763	ok 电视挺好 重要的事上午拍的下午到货 快递小哥辛苦了	正面
764	安装沟通很费劲	负面
765	安装很方便，这价位电视还可以！对清晰度有较高要求的不建议买！物流快递很棒！	负面
766	爸妈很喜欢	正面
767	帮爸妈店里买的，看电视总比看手机好。爸爸给装起来的，画面很清晰。暂时挺好的。	正面
768	帮别人买的，配送速度超级快。买来放卧室投屏用的。不清楚效果具体怎么样。不过618下来挺划算的。	负面
769	帮别人买的，说很好！！！！！！！！！！！！！ 小米物美价廉！！	正面
770	帮老人买的电视，家里说蛮好的，简单方便	正面
771	帮朋友购买的，一直喜欢小米的产品。	正面
772	帮朋友买的，朋友说还可以，发货速度也蛮快的，希望以后用着也没什么问题，好评先	正面
773	帮朋友买的，她说还可以	正面
774	帮朋友买的，挺好?	正面
775	帮同事买的，已经看过了，质量蛮好的，价格也便宜，和很满意	正面
776	棒棒哒，经济实惠	正面
777	棒棒哒，质量很好，只不过发现买过之后竟然降价了	负面
778	包装的很好，送货员送到之后主动开箱插电检查	正面
779	包装好，宝贝完好无损，服务好，送货上门。质量好，价廉物美。	正面
780	宝宝非常满意，一直是小米的粉丝特爱。谢谢卖家。	正面
781	宝贝非常喜欢	正面
782	宝贝很不错，物美价廉，快递也很快，以后有需要还会来买的哦，赞赞赞。。。	正面
783	宝贝很好，很值得期待！小米科技，就是不一样！	正面
784	宝贝很好很清晰，也够轻巧	正面
785	宝贝收到了质量播放清晰明亮播放效果颜色完美	正面
786	宝贝早早就收到了，很喜欢我看连续剧，小宝宝看动画片。只是想多看几天来评价.??????	负面
787	宝贝真棒，快递特别快，第二天就到了，还是送货上门，快递员试机后才离开的，真不错，宝贝连接无线网就可以看了，节目很多，很好，家人很喜欢，我用手机是小米的，电视也不例外，过段时间准备买台大的！很清晰，赞赞，客服也很满意，有问必答！值得信赖！	正面
788	本来准备新家用的，结果迫不及待的想要试下，效果不错，直接不换了，先用着吧	负面
789	比较不错，速度很快，服务态度很好送货上门让顾客满意。	正面
790	比较满意！	正面
791	比想象的清晰，视屏量也比较大	正面
792	比以前买的创维轻，配合小爱很好玩。	正面
793	便宜 好用 只可惜没有领到优惠券	正面
794	便宜 实惠 就选小米	正面
795	便宜功能全  值得I	正面
796	便宜好用	正面
797	便宜很好，买给爸妈的	正面
798	标准流程服务	正面
799	不差价，没有给补到手价？只给你补活动价价，说什么那是天猫挥形迨，没想到小米这么大的企业，也要和消费者耍赖	负面
800	不错 挺满意的~性价比高~开始看电视有点模糊~感谢客服猫咪张静的耐心解答	负面
801	不错！性价比高！	正面
802	不错，800块放在卧室里头，晚上也不用躺在沙发上看了，满意吧！	正面
803	不错，安装方便，还算清晰，给老爸房间刚刚好。	正面
804	不错，该有的功能都有了，挺划算的	正面
805	不错，很喜欢，很清晰	正面
806	不错，目前来看，画质清晰，也很好用	负面
807	不错，送货上门，还帮忙开机调试。	正面
808	不错，性价比高	正面
809	不错，总体是满意的，直播电视需要自己从网上下载app，小米应用中心没找到！	负面
810	不错不错快递也很给你。	正面
811	不错的电视	正面
812	不错的购物，值得拥有	正面
813	不错的选择	正面
814	不错电视，清晰，服务上门	正面
815	不错电视挺好的	正面
816	不错我挺喜欢的！	正面
817	不错哟，值得拥有	正面
818	不错质量挺好的，比想象的还要好省了一个小米盒子画面质量也挺好，照片下面的那一个是	正面
819	操作简便好用哦，物流给力，为祖国之崛起而骄傲	负面
820	操作简单，图象清晰	正面
821	操作简单方便	正面
822	测试过电视没问题，等待挂上墙效果再追评。	正面
823	插上电就行了，很方便。用的无线网络，隔了一间房子还有两格。	负面
824	差评，买来没过几天，就优惠200元	负面
825	差评，网络电视全是广告，而且加载很慢。我的三星同样网络电视不卡，这小米卡住半天不动，切换到最低清晰度也卡，很后悔买了这个电视，便宜没好货	负面
826	超出预期的好	正面
827	超高性价比，支持支持支持	正面
828	超划算现在买～嘻嘻嘻	正面
829	超级棒。便宜功能有全。画质也不错。	正面
830	超级好，不过送货人说安装要安装费，没让他装自己装的	正面
831	超级喜欢这个，活动价超级值	正面
832	超值！快递小哥送货上门看到家里都是老人，还帮忙安装试用，在这里给小哥赞一个！	正面
833	出租屋放刚刚好	负面
834	当天买的当天就到了，很好安装。下载直播软件看电视也很方便，画质也还算清晰，这个价格很值，已经试用一个星期，值得推荐，希望经得起时间的考验	负面
835	当天上午下单，下午就收到了，神速	正面
836	到得好快，通电试了下。感觉很好！希望能用得久点。快递师傅很给力。	正面
837	德玛西亚，啦啦啦啦啦啦啦	正面
838	等使用后再评价，谢谢！	正面
839	第二次购买，图像清晰，价格便宜。之前双十一给爸妈买了一台，这次给公婆买的，没想到比双十一还便宜一百元。感谢日日顺冒雨送货！	正面
840	第二次买，很实惠	正面
841	第二个小米电视了，性价比高，很划算。	正面
842	第二台 爸妈家里用 很好	负面
843	第二天就到货了，超级快！电视很清晰！	正面
844	第一次差评客服打死不买小米	负面
845	第一次买小米电视，没想到几百块钱的东西这么好。给力	正面
846	第一次买小米电视，性价比高，画质清晰，很喜欢，点个赞～	正面
847	电视不错！小米的物流太给力！直接送货到家里，还主动要求拆箱验货。大中午太阳暴晒着坚持给我们调试好才走。	正面
848	电视不错，必须好评，智能电视还是头一次用呢，在家看电影有感觉	正面
849	电视不错，快递上门安装，五星好评	正面
850	电视不错，清晰，实在好。当电脑显示屏，还是清晰度不够。物美价廉啊。	负面
851	电视不错，清晰度也很高，比我们这买的要便宜好多，非常划算，下次还来买！	正面
852	电视不错，用着没什么问题	正面
853	电视不错值得购买	正面
854	电视超级好，又实惠，值得购买	正面
855	电视非常好)不愧是大品牌	正面
856	电视非常清晰，送货很快	正面
857	电视非常完美，可以看直播电视台，可以看很多电视剧，哈哈～	正面
858	电视刚刚收到。快递小哥很负责任。现在就等售后人员来安装啦。小米可真棒。感谢感谢。	正面
859	电视杠杠的，中间连网碰到小麻烦，在这特别感谢猫米王森耐心指导	正面
860	电视还不错，就是不能用 小爱同学 开电视   也没有蓝牙功能，画质什么的还是可以的，自己从网上买的架子，自己安装的	负面
861	电视还好，还没买来天线，等用用再来评价，先给个好评	正面
862	电视还没用，总体看起来应该不错	正面
863	电视很不错哦，操作也很简单，连上无线网什么电视都能看，宝贝想看哪个动画片就看哪个，非常的满意呢	正面
864	电视很大，信任小米的品牌，买给爸妈的，他们也说非常好，把以前的小米盒子收起来了，因为电视自带了一套系统和盒子一样好用，先收货，过会再补图吧，好评！物流也很快哦，一天就到了！	正面
865	电视很给力，物流特快。 给老妈买的，希望她会喜欢	负面
866	电视很好 我很喜欢 谢谢 好	正面
867	电视很好！刚安装上就看起来了？本来以为带挂墙的底座没有带！明天自己买个挂主卧！非常不错	负面
868	电视很好！我是用了快一个月才发的评论！真挺好孩子看也不刺眼，值得你拥有！	正面
869	电视很好，画质清晰，音效也不错。不用机顶盒，连网就能看到。快递小哥也不错，送货上门。	正面
870	电视很好，是想买的那种，画质和音质都很好！	正面
871	电视很好，太划算了，还省了一个盒子，想看上啥就看啥，小米太棒了。服务超赞，我家离县城50公里，还送货上门，第一次哦！第三天就到家了，一个字，快	正面
872	电视很好，我很喜欢小米的这款电视。	正面
873	电视很好，物美价廉	正面
874	电视很好，物美价廉，快递员人很好，不在家还特地送到上班公司来，辛苦了，有需要再来哦	正面
875	电视很好，物有所值，只要以后别降价就行	正面
876	电视很好，性价比高。	正面
877	电视很好，音质很清晰，画面也很清晰，很满意的一次购物	正面
878	电视很好非常清晰，就是应用少了点，以后可能越来越多吧	正面
879	电视很好给我姥爷买的送货的物流给送到家的电视很给力物流也很给力五星好评	正面
880	电视很好也很清晰 就是不送挂件	正面
881	电视很好用	负面
882	电视很划算，还可以投屏，手机就可以当遥控器。快递小哥服务也蛮好的	正面
883	电视很轻 32寸的客厅小完全够用 画质也很清晰 性价比真的很高 我还是听我妈介绍的 没想到小米的电视也做得不错 很喜欢	正面
884	电视很清晰，???	正面
885	电视厚度比预期的厚很多，广告有1分钟，太长了	正面
886	电视机画质挺好的，功能也齐全，性价比高	正面
887	电视机轻薄，配我的小客厅刚刚好，屏幕画面稳定，刚看了一晚上电视，觉得不错，值得购买	正面
888	电视机收到了，卖家发货很快，已经看了，是正品，很喜欢小米的牌子，手机也是小米的，还很便宜，去店里看了下其它牌子，至少得一千多，果断的买了小米！	正面
889	电视看着不错，用一段时间再来评价	正面
890	电视收到了，给送到家里了，很满意。现在看了几天，电视像素挺好，质量不错，支持国产，支持小米。	正面
891	电视收到了，试了2天，可以玩游戏看电视看电影，很清晰，满意	正面
892	电视收到了，挺好用的	正面
893	电视特好用，清晰度也挺高的，这个价格买到太换算了，还是个大牌子的，大爱！？	负面
894	电视挺好的	负面
895	电视挺好的     看了一段时间才来评论的    以后还会追加的	正面
896	电视挺好的，价格便宜	正面
897	电视挺好的，只是刚买完就降了100	负面
898	电视挺轻便的，用着还行，适合小房间。合适就是最好的！	负面
899	电视性价比挺好的 家里的电视都是小米的 质量都没问题	正面
900	电视已经收到，和介绍一下，图像清晰操作简便。爸妈都很满意。	正面
901	电视已经装好了，看了几天，感觉还不错，还挺清晰的	正面
902	电视质量很好，很喜欢，买了很多小米的产品了，都不错，值得购买，支持国产。	正面
903	电视自己安装好了，非常简单，直接插的网线，不卡。	负面
904	东西不错，快递让我非常满意，速度快，态度好，很愉快的一次购物	正面
905	东西是好东西可能生意太好啦服务一般	正面
906	东西收到了，快递速度比我想象的要快，小米智能电视，非常不错，很多功能慢慢了解，用过段时间再评论吧	正面
907	都蛮好的，清晰。功能又多。	负面
908	多次购买了	正面
909	多次购买了，这次是帮一个老人家买的。挺好，他很喜欢！这次618很实惠，没想到。	负面
910	嗯！不错，系统资源也挺好，我主要是坐月子不能去客厅，在卧室里安装了一个，32寸的正好，在小就显小了，颜色挺好，送货的大哥也很好，我是自己挂墙上的没有找售后客服，用了这几天没有问题才来评价的，过段时间再来追评	负面
911	发个评论这不让说那不让说的。	正面
912	发货快，送货上门，赞。画质可以，声音洪亮，，，其实我还没有看到电视，为亲属买的，待我看过再细评。哦，电视没有模拟音频输出口。	负面
913	发货速度快，电视?要用一段时间再看	正面
914	发货速度挺快的，两天就到家了，还给送到家里面挺好的。东西也挺好看的	负面
915	反了五十块，因为降价了，要是自己不说就没有了。习惯五星好评！	负面
916	方便，不多拉线。一根电源线。很轻，操作简单	正面
917	放电视看还行，做显示屏就差多了。	负面
918	放在出租屋里刚好，清晰度也蛮高的，租户很满意	正面
919	非常棒的小米电视	正面
920	非常好 值得购买 画面清晰流畅 性价比很高	正面
921	非常好！很清晰！性价比高！值得入手	正面
922	非常好，非常满意，物有所值，送货上门的，??????	正面
923	非常好，很喜欢，轻便能联网。孩子大人都喜欢，以介绍朋友买了	正面
924	非常好，挺适合卧室的	正面
925	非常好，投屏很方便，下饭利器	正面
926	非常好，小米 性价比非常高，非常满意，舒服了 &hellip;&hellip;！	正面
927	非常好，支持国产！??????	正面
928	非常好，值得	正面
929	非常好，值得拥有	正面
930	非常好。值得信赖	正面
931	非常好的电视剧，如果有12V就更加完美了（房车上用）	正面
932	非常好用	正面
933	非常满意	正面
934	非常满意	正面
935	非常满意	正面
936	非常满意	正面
937	非常满意	正面
938	非常满意	正面
939	非常满意，	正面
940	非常满意，超值的，没想到几百块钱，居然可以买到这么好的小米电视	正面
941	非常满意，送货快。服务好	正面
942	非常满意，约定的时间到	正面
943	非常满意，值得拥有。	正面
944	非常满意，做工精致，使用方便，科技含量高	负面
945	非常满意电视非常好安装师傅也挺不错的！好评五星！	正面
946	非常满意物流也满意	正面
947	分辨率不是很高。有时候会自动重启。放在房间没怎么看过  看中的是小米的智能生态系统。	负面
948	服务很好	正面
949	服务很好 特别是快递 物流很快 没有想到还是送货上门快递小哥服务没得说	正面
950	服务很好，电视也很好，这个价位绝对性价比很高了 很好	正面
951	服务态度非常好 感谢妹子的服务 帮我解决了问题 家里人看着很好 很清晰很高兴	正面
952	感觉还是很不错的，比预想好很多，老爸老妈感觉还是挺喜欢的，毕竟是自己买的，加上质量感觉也不错，希望父母和和美美，开开心心。清晰度，轻重都感觉非常好，一直喜欢小米这个牌子！ ????物流也是非常快，第二天就到了，非常值得购买，到货后，快递员还要通电确认才让你签收的。  啦啦啦～	正面
953	感觉很好?	正面
954	给爸妈买的，本来以为只能送到镇上的，没想到真的送货到农村老家了，服务不错。	正面
955	给爸妈买的，更喜欢可口可乐了了可口可乐了了	正面
956	给爸妈买的，他们很满意，还说很清楚。只是售后有点问题，不让自己安装，不然以后坏了不给休，小米公司安装需要80的安装费，后来才说只要不是屏幕碎了就给休，这让我很担心电视质量问题。没有七天无理由退款服务	负面
957	给别人买的，暂时还没听到说不好。	负面
958	给大姨妈买的电视，大姨妈很满意，物有所值，发货快。质量好~	正面
959	给家里老人买的，不超千元的价格性价比很高，物流很快，快递帅哥人超好，见是独居老人没有预付安装费也帮忙安装到位。唯一欠缺的是有线电视机顶盒遥控器和这款电视机的遥控器不能合一链接，给老人使用带来一定难度。	负面
960	给快递小哥5星好评	正面
961	给老爸老妈买的，很喜欢，服务也很到位&hellip;&hellip;	正面
962	给女朋友家人买的，很满意?	正面
963	给五星	正面
964	给小朋友看动画片专用&hellip;&hellip;很好??	正面
965	功能很好很强大	负面
966	功能很强大，很喜欢。好评，客服态度很好	正面
967	功能满意，很实用，物流服务周到	负面
968	关注了好久，终于下手了，父母又体验到了网络时代的福利。满意，支持小米！！	正面
969	国货精品，好用实惠，下次还会买。	正面
970	过了几天才来评价的，清昕度可以，功能先近，能上网。好评！	负面
971	还不错，爸妈用的挺好的，投屏很强大	正面
972	还不错，送货到家，帮忙试了一下，通电之后没问题才离开，很贴心的服务呢?小心心给雷总，支持国货，支持小米	正面
973	还不错，性价比还比较高	正面
974	还不错，用一段时间再来追评。	正面
975	还不错目前，期待后续观察	负面
976	还不错其实，有广告	负面
977	还不错自己装了，蛮清晰的	正面
978	还行	正面
979	还行，清晰度不太行。	负面
980	还行吧物美价廉	正面
981	还好，爸妈在家里看，要求不高	正面
982	还好，放在房间里也算可以的，画面清晰度也挺好	正面
983	还可以，毕竟只有这么多钱	负面
984	还可以，很喜欢	正面
985	还可以啊，物美价廉	正面
986	还可以吧，第一次在网上买电器，还可以	正面
987	还可以电视	正面
988	还没安上，给老人买的。	正面
989	还没收到货，淘宝降价并无任何通知，商家随心所欲想降就降欺骗消费者，联系退货运费还需100，烂烂烂&hellip;&hellip;	负面
990	还没用！配货很快！物流快	正面
991	还没用，用过之后再评。	正面
992	还没用，用了再来评！！	正面
993	还没有安装，大品牌应该值得信赖！	正面
994	还没装网线不知道好不好，感觉还是挺好的	正面
995	还是不错的，值得购买	正面
996	还是挺不错的！	正面
997	行，物廉价美	正面
998	好	正面
999	好，电视很清晰，赞	正面
1000	好，没的说，可以选择	正面
1001	好，物超所值	正面
1002	好，小米。合资还是合作！！	正面
1003	好。正在使用。效果好	正面
1004	好好好	正面
1005	好好好	正面
1006	好好好，太好了，安装简单，画面清晰	正面
1007	好好好好好。全世界最好的一家。	正面
1008	好评！电视很好，宝贝很喜欢看	正面
1009	好像 还 ok吧	负面
1010	好像买小了，清晰度不高	负面
1011	好用 开心	正面
1012	呵呵	正面
1013	呵呵，买完才几天啊，就降价了，好无语啊	负面
1014	和以前买的一样好	正面
1015	很nice，很漂亮，很便宜，很喜欢	正面
1016	很棒很棒！连上网络就能用，挺清晰的。值得购买	正面
1017	很不错&hellip;给父亲买的操作简单	正面
1018	很不错，服务很周到，大夏天的很热，多注意身体	正面
1019	很不错，各方面都很好，值得购买	正面
1020	很不错了，毕竟这个价位！	负面
1021	很不错哦。家里老人很喜欢。特别是快递小哥，很敬业。晚上9点多还送货上门	正面
1022	很方便好用性价比之王，小米家的东西都超级喜欢	正面
1023	很好	正面
1024	很好 没问题	正面
1025	很好，第二次买了，给女儿看动画片的	负面
1026	很好，服务周到	正面
1027	很好，父母很喜欢。	正面
1028	很好，买给老爸的，老爸说画面很清晰呢	正面
1029	很好，买给奶奶，老人家很满意！！！	正面
1030	很好，满意	正面
1031	很好，每次有什么不懂得客服都很及时也很有耐心，点赞	正面
1032	很好，完美	正面
1033	很好，物超所值，家里好多都买的小米的，希望小米越做越好   哪天超越苹果	正面
1034	很好，物流很快	正面
1035	很好，物流很快	正面
1036	很好，喜欢，很实惠！	正面
1037	很好，性价比很高	正面
1038	很好。便宜。就是广告太多	负面
1039	很好的的电视，物美价廉，功能强大。。值得拥有。	正面
1040	很好很满意	正面
1041	很好很喜欢，一直喜欢小米	正面
1042	很好哦！	正面
1043	很好完美	正面
1044	很好用	正面
1045	很好用，操作简单。	正面
1046	很好用，已经买第三台了	正面
1047	很好用父母很喜欢	正面
1048	很划算很便宜	正面
1049	很快就安装完毕，没影响老人看世界杯。	正面
1050	很满意，妥妥的	正面
1051	很满意哦⊙&forall;⊙！	正面
1052	很轻，马马虎虎吧，毕竟便宜	正面
1053	很清晰，便宜	正面
1054	很让人惊喜的电视，这个价位真的很实惠。就是为了联网看电视的，小米在物美价廉这一块做得很棒！?物流很快，快递小哥给力，实物和图片一模一样，挺满意的，希望活动多多，店家生意兴隆&hellip;&hellip;习惯淘宝的方便快捷，甚少去实体店了，哦嘿呦哈呵呢啊	正面
1055	很实惠的电视机，喜欢！	正面
1056	很喜欢，价格便宜质量强大，很喜欢！	正面
1057	很喜欢。不错，品牌的还是靠得住，嘻嘻，	正面
1058	画面非常清晰我买了又介绍我朋友又买了好评	正面
1059	画面很清晰，爸妈很喜欢。	正面
1060	画面很清晰，能连无线网，能投屏，总体感觉不错！	正面
1061	画面清晰，反应快，家人喜欢。	正面
1062	画面清晰，运行也流畅，就是遥控器有点那个，下了直播软件，没有数字按键，家里老人觉得很迷惘啊。 服务不错	负面
1063	画面有点模糊    毕竟几百块钱	负面
1064	画质非常的好，售后服务也相当的好，信赖小米，客厅一台卧室一台，我是小米粉	正面
1065	画质很不错哦，家里人很喜欢，性价比超高！会跟亲朋好友推荐的！	正面
1066	画质清晰，操作简单，服务很好。	正面
1067	画质清晰，感觉还不错。	正面
1068	画质清晰，性价比高	正面
1069	画质真心不好，不过价位低嘛	负面
1070	活动时买的挺便宜的，快递服务非常好，送货上门，马上通电验屏。	正面
1071	货到了，质量还是不错的，快递小哥很给力的。总体还是很满意，好评。	正面
1072	货真价实，便宜实惠！	正面
1073	几天几百块，吃不消啊！	负面
1074	家里很多电器都是小米的，支持小米！	正面
1075	家里很多小米	正面
1076	家里老人很满意，操作简单	正面
1077	家人很喜欢！非常满意！	正面
1078	价格便宜 小米的品牌值得信赖	正面
1079	价格实惠，送货服务好	正面
1080	r格合m	正面
1081	就是贵了	负面
1082	看的有线电视，还不错，画质清晰、个人觉得挺满意的	正面
1083	看电视又当显示器划算	正面
1084	看电信电视清晰度很差	负面
1085	看了快半个月才来评价，真心不错比我之前买个哪个好多了，小米电视国产支持?	正面
1086	看了两天才来评价，不错画面很清晰，非常完美！	正面
1087	看了两天还挺好的    以后再来	正面
1088	看了一晚上，还不错	正面
1089	看了这么久！非常满意！手机也是小米！顶国货！！！！！	正面
1090	看我堂姐买了，觉得好，就趁着这次活动买了，很喜欢	正面
1091	可以，感觉性价比还是比较高的	正面
1092	可以，性价比比较高	正面
1093	可以播放，无坏点。	负面
1094	可以等用几天在来评	负面
1095	可以可以，这电视功能很强大	正面
1096	客服很nice，就是有个别的回复很慢，而且苹果x投影投不了，很难受	负面
1097	客服售后态度很好，物流也很快	正面
1098	客户很满意，八台电视顺利，完美激活！	正面
1099	客户外喜欢	正面
1100	快递帮忙装，苏宁超棒?????	正面
1101	快递大叔很好人，我比较信赖小米，希望会很好用	正面
1102	快递师傅帮忙检查，没问题才离开，服务绝对一流	正面
1103	快递师傅是我网购里遇到最好的一个，大热天耐心送到家还给安装好了。世界杯俄罗斯2-0沙特阿拉伯	正面
1104	快递员很给力，大家放心购买吧！	正面
1105	快递员进门都不脱鞋的吗？？没看到我家全是地板？	正面
1106	快递贼给力，送货上门，现场拆箱验收哈哈，电视比想象的大一些，放到卧室里正好	正面
1107	垃圾骗子我要投诉你等着吧	负面
1108	连上无线不知道什么原因，就是看不了，问客服就绕来绕去让测这个测那个，但都是好的。一直找不到原因，最后过了会儿自己好了，也是醉了。感觉客服一点儿也不专业。	负面
1109	连续看了几天，电视很好，没有什么问题。后续使用后再追评，值得购买	正面
1110	买的第二台了，性价比超高，赞！！	正面
1111	买的第二台小米电视啦 挺好的	正面
1112	买给爸妈房间用的 还可以	正面
1113	买了给家里人用的	正面
1114	买了两台，划算，售后不错	正面
1115	蛮好的	正面
1116	满意，安装简单	正面
1117	满意好！清晰。	正面
1118	满足预期，第二台小米电视了，老爸老妈说要换电视，第一个就是买小米，毕竟手机，电视，都用过，值得信赖！	正面
1119	貌似还不错，给爸妈买的	正面
1120	目前感觉良好，没啥看不过的	负面
1121	奶茶店用，好用的不要不要的，没事就放点音乐动画片，哈哈	正面
1122	男朋友送的六一礼物，满满的爱，但是售后差的不要不要的。分辨率更加差	负面
1123	偶尔会有重影。	负面
1124	拍了宝贝第二天就送到了  送到了家里 服务很好  自己安装的很简单    清晰度比我家里两千多的还好   反应很快  很不错的一款电视   值得拥有	正面
1125	朋友说很好	正面
1126	品质很好 非常满意	正面
1127	轻巧方便，老妈说电视很清晰	正面
1128	清晰度不高	负面
1129	清晰度高，性价比很高	正面
1130	清晰度很清晰，宝宝看的爱不释手	正面
1131	清晰度可以挺实惠的	正面
1132	清昕	正面
1133	确实很清晰，非常满意！	正面
1134	商品非常好！画面清晰，老人家非常喜欢，尤其是快递小哥服务非常好，	正面
1135	商品很好，很划算，功能很全，画质很不错！可以下手，放卧室很合适！	正面
1136	上午到的，中午师傅就来安装。物超所值。师傅态度也十个赞。非常满意	正面
1137	上午拍下，下午就送到了。快递小哥还试了一下机子，像很清晰哟，忘了拍照，今天出门了，没在家，下次追评的时候给补上吧。	正面
1138	师傅非常好?直接送到门口！	正面
1139	十分M意。	正面
1140	使用了一段时间了，算是迟来的评价了吧：  Emmm.....个人用着感觉挺好的。分辨率略低，至于清晰度看上去还算可以，算是比较满意了吧。 很好	正面
1141	试了一下屏幕清晰，售后客服态度也很好，一步一步教会安装	正面
1142	视频播放蛮清晰的，就是物流快递慢了一些。	负面
1143	是个脚落都有暗影，联系客服，回复一直是同步中，便宜无好货，售后的解决方式就是拖着，态度也是爱理不理的，建议大家不要购买，谁买谁上当，购物体验差到极点，本来想退货的，想想都不退了，不要买，不要买，不要买，大家千万不要买，	负面
1144	是用地频天线看电视，没有网络没有有线电视，很清晰，用了一个星期才评论，没有什么问题，希望比较耐用，开始还满意	负面
1145	收到 安装正在摸索使用中，以后追加。	正面
1146	收到 很完美 送来的很及时	正面
1147	送货超级快，性价比很高	正面
1148	送货快，电视清晰，价格实惠	正面
1149	送货确实快，难得碰到一个不需要沟通就把货送上楼的	负面
1150	送货上门。服务特别好。给送货小哥哥点赞。电视性价比高	正面
1151	送货上门棒棒哒，电视机质量超级好	正面
1152	送货师傅很好，客服部服务也很好。有个小插曲最后都解决了。谢谢你们。	正面
1153	送货速度快！电视轻便！使用方法简单！	正面
1154	太差了，东西送到没有说明书遥控器螺丝，前前后后催了两个星期才分两次发到	负面
1155	太快了 晚上下单 第二天就到了 简直了	正面
1156	太小了 和图上对比差距	正面
1157	特地看了几天才评论的！感觉挺超值的！小米电视值得信赖！???	正面
1158	特意用过了才来体验，就这个价位来说，性价比很高，放在卧室挺好，就是安装软件麻烦点，其他都挺好！	负面
1159	挺棒的	正面
1160	挺不错的，老人家喜欢	正面
1161	挺超值的。值得购买 性价比超高	正面
1162	挺好	正面
1163	挺好的	正面
1164	挺好的	正面
1165	挺好的	正面
1166	挺好的 满意。	正面
1167	挺好的！很方便，功能强大，	正面
1168	挺好的，操作简单，可以用手机下载投屏神器，随时随地操作	正面
1169	挺好的，第一次买小米，全五星好评！！！！！！！！！！	正面
1170	挺好的，反应快，画面够用。	正面
1171	挺好的，非常感谢	正面
1172	挺好的，老人很喜欢。客服和快递员都很好，非常的棒！给你们点赞哦！??????	正面
1173	挺好的，买了好几回了，送货快，电视质量还好	正面
1174	挺好的电视机了，挺清晰的，主要现在都是网络看电视了.可以自己选择清晰度，也没有什么挑剔的，送货速度超快，颜色和图片一样  功能也大多都有的，好评好评！	负面
1175	挺满意超级清晰。老爸满意一直说物超所值	正面
1176	挺满意的！谢谢小米！	正面
1177	投屏功能比较好用 送货比较快	正面
1178	图像清晰，安装简单	正面
1179	外观漂亮，画面清晰度有限。	正面
1180	完美	正面
1181	我妈很满意和高兴	正面
1182	我去年买了一台小米电视用着挺好，而且小米电视自身产生的热量很少，夏天不用因天热用不用开电视而纠结了。下订单后.发货和物流都很快，.好评！	正面
1183	我是绍兴柯桥的顾客，对小米电视很满意，服务也好，物流也好，值得购买，	正面
1184	我是忠实的米粉，这次买的电视又是我愉快的一次购物，比同种型号价格低，质量好。支持小米	正面
1185	无力说啥，差到极致！	正面
1186	五星好评！好清晰	正面
1187	物超所值	正面
1188	物流超给力日，晚上下单第二天就收到宝贝了	正面
1189	物流超快，当天送到，画面清晰，超赞	负面
1190	物流超快，头天下单，第二天就收到货了，画面清晰，适合卧室看	正面
1191	物流服务特别满意，送货愉快	正面
1192	物流跟电视都不错，又快又好，全五星	正面
1193	物流很给力  送货上门	正面
1194	物流很给力，谢谢！小米很棒！	正面
1195	物流很快	正面
1196	物流很快！服务很好！	正面
1197	物流很快，第二天就收到了。给力。	正面
1198	物流很快，电视也超棒。客服也很好，很愉快的一次购物	正面
1199	物流很快，很积极。该主动帮我开箱验货	正面
1200	物流很快，画面清晰，小米的忠实粉	正面
1201	物流很快，头天订下单，第二天就到货了。电视清晰，使用也简单，教了一下老人，也会用了。确实蛮好。	正面
1202	物流很快啊昨晚买明天到	正面
1203	物流很快一天就到了，快递员送到了还通电试了下，很好不错	正面
1204	物流快，电视好，满意！	正面
1205	物流快、服务好。电视还没用	正面
1206	物流满意	正面
1207	物流日日顺真的很快，很快，快。小米电视性价比真的很高，很高，高。	正面
1208	物流特好，有责任性。必须给5分。	正面
1209	物流特快，电视画面清晰，售后服务有问必答，5分	正面
1210	物流特快，性价比高。由于未安无线网，暂时连接小卫星观看，效果不错。	正面
1211	物流尤其棒！！！要求送进屋并教会我使用。赞	正面
1212	物美价廉，赞赞赞！	正面
1213	物美价廉。性价比高。好评！ 乐米鸿奥，猫米苗苗，解惑，服务周到。赞！5分。给快递小哥点赞！	正面
1214	物美廉价！	正面
1215	喜欢就是没有记忆播放功能，老人家以前是看DVD的方便	负面
1216	系统好用，图像清晰	正面
1217	先买了咋说	正面
1218	先用了在说  快递五个星	正面
1219	相信小米，支持小米！这款电视可以下载当贝市场，直播也可以看，浪费我前段时间买的盒子了	正面
1220	想了好久才下的单，没让我失望，电视清晰，老公都喜爱，满意一次购物，还有第一次超出差不多900快的东西在网上买的，不般都是在实体店买的，喜欢喜欢喜欢喜欢喜欢喜欢	正面
1221	向往已久的小米。小米上市伊始，雷布斯饥饿营销，小米手机想买而不得。转求其他，同时的荣耀，以后还有cool。	正面
1222	像素不是很赞	负面
1223	小米壁挂垄断服务太过份了，自己壁挂不给安装说明书，还说可以自由选择，这让客户怎么选择	正面
1224	小米的，没问题，很好，这个价格历史最优惠了800    。。32寸	正面
1225	小米的品质很好，很满意的一次网购！	正面
1226	小米电视，这才是真正意义上的网络电视，前三集在手机上看的，买回来马上投屏到小米电视上，看电视连续剧（天下第一楼）全新的体验，感觉确实不错。	正面
1227	小米电视棒棒哒！	正面
1228	小米电视不错，播放电视和投影播放很好。	正面
1229	小米电视不错，性价比很高	正面
1230	小米电视很棒，我已经买了几个了，远电视就买小米电视	正面
1231	小米电视很好！画面清晰！快递员直接送货上门，还开机验货！给你个赞！	正面
1232	小米电视就是不一样，屏幕颜色好，性能稳定，运行速度快，准备下手个大的?	正面
1233	小米电视是大品牌  画面清新  声音挺大  送货上门服务特别好   还有保修   很满意！	正面
1234	小米电视收到	正面
1235	小米电视质量不错，清晰度满意！大家放心购买。	正面
1236	小米还可以的啊，性价比高，现在家里手机也都是小米，可以投屏，	正面
1237	小米其实还是蛮努力的做电视，一直在追求更好品质和更高技术，一心想做性价比高的电视产品，这点的确值得表扬。要说小米电视给人印象最深，颜值和品质最惊人的电视产品要属于小米电视4，4.9MM超薄机身，无边框设计，全金属机身，采用行业首创分体式设计、金属拉丝工艺，可以说是小米做电视以来的最美电视；去年还惊艳了一堆歪果仁。	负面
1238	小米确实性价比高，值得买	正面
1239	小米一如既往的好	正面
1240	小米真棒，国货也是棒棒的，	正面
1241	小米忠粉，很不错，和以前买一千多的一样，只可惜我们山里没通网	正面
1242	性(x&igrave;ng)价比高	正面
1243	性价比不错，最便宜的小米电视了	正面
1244	性价比超高！几百块钱买台电视简直太给力了！临时放客厅，等大电视到了就挂到卧室！还有不得不说一下物流，当天就送到家了，是真的送到家，而且帮忙调试通电以后才签收的，绝对的好评！	负面
1245	性价比高，给老人看的，不错&hellip;&hellip;	正面
1246	性价比高，画面清晰度很好	正面
1247	性价比高。	正面
1248	性价比合适，挺好的！	正面
1249	性价比很高	正面
1250	性价比很高！安装简单，我自己就操作了	正面
1251	性价比很高的电视，32寸的电视这个清晰度算不错，功能也挺好	负面
1252	性价比强，小米电视非常好	正面
1253	颜色偏黄的感觉真的很不错，师傅说他们都是安装固定的调试工作压力大的问题是厂家的销售人员的服务质量，我只能呵呵了	正面
1254	遥控垃圾，不灵，差	负面
1255	遥控器和包装不小心丢了，结果不给配	负面
1256	爷爷很喜欢	正面
1257	也算是物美价廉，给长辈用的，正在摸索中。。	正面
1258	一分钱一分货！有道理！	正面
1259	一分钱一分货，凑活用先，画质一般般	负面
1260	一如既往的好，很喜欢小米的很多东西。	正面
1261	一如既往的喜欢	正面
1262	一天就到真快，给老人买的，够便宜	正面
1263	一直都用小米，价格实惠：非常满意的一次网购	正面
1264	已经买了三个了，电视很好。。	正面
1265	已经用上了，一如既往地好用	正面
1266	已试用，给老人买的，很好很强大，就这个价位可以了，雷老板有心了，小米良心之做！顶！	正面
1267	应该还不错，买来送人了	正面
1268	应该还行吧    我自己没看到货   寄回老家的	负面
1269	用了几天才来评价，屏幕效果清晰 很好  功能也全	正面
1270	用了几天感觉还不错	正面
1271	用了蛮久了，质量好，操作简单，小米就是好，在这家已经买了两个电视了，值得信赖。	正面
1272	用了四天。送货是苏宁易购的快递员。送货上门插电。没问题后。立马签字。屏完好。确认收货。音质还可以接受。大概一台电视七八斤。画质对得起价格。总体来说还不错。就看能用多久了。	负面
1273	用了一周，目前感觉良好	负面
1274	用手机投屏非常的清晰，重量也很轻，配送快。	正面
1275	有待观察，目前没有问题	负面
1276	有]怎愚k？	正面
1277	暂时看着还不错，过后在追评	正面
1278	暂时没有什么问题，期待质量过硬，资源免费的多。挺好	负面
1279	早点关门大吉，	正面
1280	早买三天，多花50，急性子就是吃亏	正面
1281	这次有活动，买来划算多了，这价格性价比高的	正面
1282	这个电视很满意	正面
1283	这个价格的电视  出租屋一族使用是可以的  安装是很简单。一分钱一分货的世界，对得起价格了。	正面
1284	这个价位的电视，非常不错，快递也给力	正面
1285	这个价位就很棒了，看电视很惬意，很好的一次体验	正面
1286	这个价位能买到真的很实惠，就是没有安装墙上的架子，	正面
1287	这块液晶电视很好，给父母买的，老爸，老妈很喜欢，画面清晰，质量不错，快递小哥送货上门，服务态度很好，物美价廉???	正面
1288	这一部买给爸妈看。不错！性价比很高！！！支持国贷小米！！！	正面
1289	真的非常好用哦&hellip;&hellip;手机投屏非常方便呢！物流也很快，很好?	正面
1290	真心感觉很好	负面
1291	之前我弟弟买的看着挺好，现在的店里又买了一台。	负面
1292	直接能看电影电视剧。非常好。	正面
1293	直接想不到这个价位买这个电视	正面
1294	值得拥有	正面
1295	质量不错，喜欢，赞一个	正面
1296	质量不错。妈妈很喜欢。	正面
1297	质量很好，包装很好。价格比实体便宜	正面
1298	智能电视，投屏都很方便的	正面
1299	重量很轻，还没使用，等用了再来评价	正面
1300	装上了自己花钱装的。还行	负面
1301	自己安装的，还行	正面
1302	总的来说还是挺不错的	正面
1303	租客用得挺满意，期待后期质量	正面
1304	最近忙忘收货了，电视不错，老妈很喜欢。	负面
