,evaluation,0
485,电视整体看起来不错，图像清晰,正面
3151,用了一周多了，也下定决心来评价一下。家里接闭路电线来看，画面很模糊，看着很刺眼。后面我让老爸改用网站来看，他说偶尔也有字体变得很大的情况，看都看不清楚。总体看起来电视还是很不错的，但我爸用着，他的评价并不是很好。拨打4k电视，也没有达到预期的效果，屏幕也没有宣传的那么好。如果再给我一次机会选择的话，我会加价去买三星了。但这个价格，还是值得了。,负面
2970,1 电视清晰度可以接受 如有更高要求的不建议买 2 电视开机忒慢 3 抢购的时候没注意发票信息，给公司买的这些还得自己找发票 4 玩了一下里面的游戏 ，卡死两次 5 999抢购的 也就这样了还是不错的总体来讲,负面
3550,屏幕漏液，灰屏，旧换新了，质量差不说，售后服务真的是差到极点，6月2号提出处理，到了29号才完成，这还是我自己接二连三催着他们才处理。每次问他们处理进度如何，都是叫我迟点再联系他们，无力吐槽，最后要我投诉才处理，打售后电话又说是天猫商城负责，不关他的事，天猫商城又说要厂家处理，打电话给售后说给我答复，我没得到任何答复，我的天呐，推来推去。交叫上门取旧机就更来气了，迟迟不收件，物流是他们合作的却不关他的事一样，你不催他不急，会故意拖到你七天退款期限，退款的时候还会敲诈无理由100元运费，什么鬼东西，质量问题是无理由吗？买这个垃圾品牌的要注意了，如果看重售后的就别买，等你们遇到要售后的时候就知道什么叫垃圾了。掌柜敢不敢回复我的评论，如果认为我乱说，我可以提供图片证明。唉，心累,负面
2477,基本上只能给一个中评到差评标准，使用半个月 做以下总结，真实评价不喜勿喷，选择片源时候死机基本上每天一到两次，画质只有它机器自带的画面比较清晰，进去片源以后色彩不好看，并且不能调节，需要返回主页选择显示效果。赠送的会员没有任何吊用，我以为可以像其他一样什么都能看，但是里面都是svip的片源 需要再花钱升级到钻石会员才可以。属于欺骗顾客，基本的同步最新电视剧都看不了，片源还少。电视声音巨差，还拿中国新歌声当幌子，声音没法听，我用了外接音响才能听，更别谈音质了！不能插稍微老一点的机顶盒因为根本没有音频视频老式接口，过了七天退货，所以退不了了，给大家一些使用感受，过几天就没有送E卡活动了，也没有满减券 我买的2 9 9 8*，基本属于贵的买价了吧,正面
2058,总体来说还行，音频输出端口不方便,正面
2275,电视一般般，物流很差，不满意哦！,正面
1144,物流给力，送客户的！后续评价！,负面
1156,非常大气，性价比非常高，强力推荐！ 晒单： 收起 向左转 向右转,负面
3335,物流挺快的，也挺准时的，就是一点京东的价格太坑人了，我买的时候价格是1498还没有一天呢价格就降到了1298,负面
1690,产品质量很好,正面
3492,电视机相当不错，安卓系统不错！卡车送货小哥送货到位就是第一时间没找到地点，我亲自去接的给我搬家里了！这回送货速度超快一天不到就到了！ 自己用鲁大师检测了屏幕坏点！发现有个瑕疵！反正你们微鲸一年内只换不修！明年的六月肯定让客服换个新的！被我抓到把柄了！抓你小辫子！下边二张就是屏幕瑕疵也不知道是坏点呢？还是偏光板上的灰尘！我在TCL 55寸曲面三星屏上见过比这个更大的！无奈退货了！谢谢请尽快登记送我原装挂架！,负面
2789,1.说一下优点 显示解析度可以。而且是Android L比那些4.4的好多了。视频源用的腾讯，真给力，喜欢的网络动画不用开电脑看了。会员可以用蓝光品质播放，细节很到位，这个需要自己设置，它默认的是高清。 2.说下建议 因为是大屏高分，所以部分第三方手机应用闪退不支持，比如慕课网，哔哩哔哩等。还有一个就是屏幕封装有点缝隙。这几个希望改进。期待新系统的推送。 3.对了，什么当贝市场呀，自己装一下，还有HDP不错。 想看高清还是装个数字电视机顶盒吧，网一卡真的跪了,负面
650,电视不错哦，就是手机太差拍的不好，非常的喜欢，看电视流畅，用了几天才来评价的,正面
915,画面清晰，流畅度一般，用了一个多。没发现质量问题,负面
1296,价廉物美，喜欢！,负面
1304,电视还行，物有所值，最重要的是京东的售后好，师傅电话联系送过来，安装好调试好，态度特别好,负面
2515,有时候会死机，画面卡在那不会动，还有界面真不行，乱七八糟的，这电视只能说一般。,负面
1596,先前618买的，一段时间使用后觉得很满意，性价比不错。做为贺礼再次购买送人。,负面
2942,安装有点贵，京东还是很给力的,负面
320,是在做活动是买的还是很优惠 物流速度很快 京东物流必须赞一个 上门的装修师傅很亲和 售后也很耐心 购买体验是非常不错的 画面还是蛮清晰 而且遥控器反应速度快 看电影看电视剧都可以下一个当贝影视快搜搜得到 而且风行的这款电视在网上的评论也都是蛮好 属于高性价比的那一种,负面
1315,安装师傅态度不错，不知道电视效果怎么样。,正面
985,已经收到了还没有安装使用应该不错！,正面
3272,一天多就到货了，安装也很快，暂时没发现什么毛病，音效确实不错，不愧是李健创立的品牌，性价比高，操作也简洁方便，速度也挺快的，各方面还有待考证，就是自带的安卓看电影电视很卡，老是在缓冲中，另下的就不会。还有屏幕漏光挺厉害的，透光也是，做工还有带加强，不是全金属外壳，还有要求会员的片太多，不是会员几乎看不了什么东西，你们的会员并没有这么值钱，建议买微鲸电视送永久会员！！！,负面
1508,物流很快，电视也很清晰，重量也不是很重，很适合挂在墙上。 晒单： 收起 向左转 向右转,正面
3704,并没有智能语音 遥控器上本该是语音的那个按钮是静音键 亮度略低 但是瑕不掩瑜还是挺不错的,负面
289,电视图像很清晰，质量保证价格也合理；物流也很快；大家放心购买！,正面
3831,屏幕不错，但是声音一般啊，看片还得配音响,正面
1591,电视还是挺清晰的，也挺薄，认为性价比非常不错的一款电视。现在小孩整天都在看动画片。就是还是希望不用金卡会员的电影能多点。,正面
1042,老顾客了，东西很好，会回购,负面
2761,遗憾左下角轻微漏光，处女座不好忍啊,负面
1611,价格实惠，价格实惠，很好。,负面
3520,特地用了一段时间才来做个如实的评价： 优点：送货快，货源与物流有保障；边框窄，外观精致；性价比高； 缺点：1.下边框与显示屏接触不严密且不均匀（外框不直，见图），当然这不影响使用；2.虽说是4K高清，但很多片源播放不了，送的一年白金 会员4K片源均可播放，但我用的是移动宽带，移动宽带送的魔百盒里的4K片源好多播放不了，不知什么原因；3.送的白金 会员片源少，比移动的少多了，且没看到有实时在线电视；4.送的挂架虽是免费的，但是质量一般，其中一个支架已变形，且螺丝孔是滑牙了（我自己借了丝锥攻丝处理了）；5.内存太小，装不了太多软件；,正面
3451,并没有智能语音 遥控器上本该是语音的那个按钮是静音键 亮度略低 但是瑕不掩瑜还是挺不错的,负面
910,此用户未及时评价，系统默认好评。 2017-12-25 20:13:54 追加： 小米真心不错，物超所值,负面
3545,把电视安装的，让我开门进来觉得都快掉地上了，好想去扶下，所以给差评！决对的差评！！！已经对电视好与坏都没了没了兴趣,负面
2636,微鲸电视还是很不错的，6・18后一天买的，价格挺优惠一千七百一十六，一年会员，没有语音遥控器。屏幕挺好的，画面显示清晰，色彩很舒服，不过浓郁也不泛白。会员内容挺丰富的，想看的内容都有且都能正常播放，比如吐槽大会、中国新歌声都有。不过也有不足，比如处理器一般，GPU也一般，有些电视画面会有拖影，内存组合1GB+8GB，有点过时了，可能是内存小的原因系统偶尔会有卡顿。不过这个价格有这样的电视，我挺满意的，希望微鲸电视继续加油,负面
1886,风行电视清晰度和音效都挺好，真是物美价廉，性价比高！,负面
3571,性价比非常高的国产智能电视，除了开机有点慢之外，毫无缺点。超清片库，太灵了。,正面
651,电视非常的好，很喜欢。性价比超高，从快递到安装服务都很满意。全部给满分。,负面
138,妈妈说，电视机不错，用一段时间再说呗,负面
926,看上去很不错～还没装～装好在发图,正面
6,非常好，客服还特意打电话做回访,正面
2374,电视倒是不错，也挺便宜，但是偶尔会出现卡屏现象,正面
111,物流客服都很给力，比想象的还大，画面也清晰。,负面
4093,第一次买微鲸电视，整体感觉电视不错性价比高，但是有一点感觉有点霸王条款，系统自动更新，不能进行选择是否升级！整体满意！我家客厅有点小，刚装上看一会儿还有点晕可能太清晰了。再就是京东的配货速度相当6！给??????！,正面
3251,坏了 换新的,正面
1513,特快送货，上午下单，下午到货。,负面
964,内容较多，操作方便，轻薄，不知是否耐用，待观察,正面
1220,好还实惠,负面
4080,朋友家里用的感觉不错，也在网上做了调查研究后决定买的这款。用了几天感觉很好，画面很清晰，声音也可以，如果追求高品质音效，那得配个音箱，普通需求足够。片源一般般，主要连电脑的所以也不是很在意。唯一个小毛病，电源线只能接插线板，接我家的固定插板都不通电，正在和客服联系,负面
489,服务态度好，速度又快 晒单： 收起 向左转 向右转,正面
4060,最差劲的一次购物，半颗星都不想给，电视无法领取会员客服都无法解决，让打技术支持电话，打电话给技术支持，态度不错，告诉我也没办法解决，要下班了，第二天再找相关人员解决。电话过程中，旁边其他客服聊天声音特别大。 特别是京东回复客服，完全没有替客户解决问题的态度，微鲸客服严重需要培训啊。太失望了，本来抱很大希望的。这台机器肯定是退货后从新包装了又直接发过来的。账号已经被领取过了。,负面
2010,质量不知道，反正做工不细，清晰度也一般，色彩也不好，对画质要求高不介意购买,正面
876,东西非常不错，好用 屏幕尺寸合适，观看起来很过瘾,负面
218,宝贝收到很好，再来物流也快。,正面
1074,电视买来几天了，才来评价，我觉得还是物有所值，电视自己调试的，快递员也很尽心，尽力，还从小区大门口给扛进来的，感谢快递员。。另外，电视还是清楚的。,正面
939,不得不说风行电视真是良心品牌，买之前还一直在纠结电视会不会很小，结果买回来一看屏幕真大，尤其是边框很宅，几乎屏幕全部占据了整个电视；昨天下的单，今天就到了，客服也是十分贴心，下单五分钟左右就打电话过来确认送货时间收货是否方便。电视试着操作了一下，反应速度很快，电视电影播放流畅，应用和游戏丰富，关键是这么优质的电视价格还很优惠，绝对的物超所值！ 晒单： 收起 向左转 向右转,负面
3465,自己等不及直接拆了装上去。价格真的有点贵。这已经是第三台了。去年这个价可以买50寸4k。物流速度蛮快，当天就收到了。屏幕暂时没发现瑕疵。画面不知道为什么跟前面两台相比色彩不够艳和暖，有点淡，不知道这个4k是不是纯正，还是缩水了。声音可以接受。,负面
326,画质清晰，音响效果好，屏幕大 ，装在房间里，感觉在看电影一样的！,正面
973,好，不错，看起来很大，很好看,负面
1000,电视非常好，售后安装小伙非常棒，服务态度好,负面
2657,电视小了点，电视清晰度还可以呀，只要在1.5米到2.2米之间观看即可。远了显得小 ；近了分辨率不够，很粗糙,正面
4242,"电视太厚了,比我另一个5年前的还厚,做工一般",正面
938,服务不错，送到家，可以 2017-12-03 09:45:39 追加： ?手点太快了，没满分，给满分好评，服务不错，很有耐心，赞个！！！???,负面
3562,第一次买这个牌子的电视，刚到家屏幕就有问题，换过流程麻烦又费时间，前后一个星期，好在售后人员和物流人员态度很好，让我心里暖和些，电视外观可以，屏幕不怎么样，漏光严重，经常开机要几分钟，这个问题估计以后系统会完善，但是屏幕漏光就没得解决了，便宜货凑合用了,负面
1033,电视已经收到，安装送货很快，师傅态度也很好，画质很清晰，总体都很满意,负面
2050,与想像中的一样，按预约时间送货。电视画面可以，声音没有广告说的那样完美，跟hifi有一段距离。操作简单。,负面
827,大品牌信得过,负面
3227,刚买到手就降价，心里很窝火呀！用久了再来追评吧！语音遥控功能有点鸡肋,负面
2547,电视机边框缝隙大，和物流人员搬动试机的时候可以看到显示屏在边框里有很明显的晃动，这个是我最不满意的地方，还有喇叭确实不怎么样！不过性价比挺高的，毕竟价钱比别的品牌低，希望以后别出毛病，以后再追评！,负面
1429,索尼的就是低端系列也秒杀其它品牌高端，真行啊，就是优惠幅度小，全年无优惠，不行就下市也不降价，总之很牛叉,负面
201,双十一买的特意用了这么久才来评价，确实很满意，上门安装师傅服务也很好??，后期回访也很认真！十分满意的网淘！！！,负面
619,用后感觉，缺点:1开机比较慢，2资源比较少.优点:音质不错,负面
2527,靠语音电视打出来的品牌，以为所有的电视都是语音的。唯独32寸的没有，收到后问客服，客服说写了没有语音，我没看到这四个字。建议加上。我也是买了两台微鲸了，唯独这个不满意。,负面
1620,电视很不错，帮朋友代购的，我朋友非常满意，店家服务挺好，送货及时,正面
3597,原来的坏了换新的,正面
2720,第三方软件可供下载的不是很多，刚买了两三天，卡过一次，遥控器失灵了，强制关机了一下，恢复过来，主要说一下送货的，中午已经到货了却送不了，说要等明天，最后我找车自提的,负面
598,这款电视很不错！以后买大宗家电就在京东了，送货快，服务好！,正面
1091,不错,正面
4099,非常不错，第三次买了 这次介绍给同学的。起先，知名度不高 怀着忐忑的心情，结果一直好，就是挂架比较贵，年费还涨了199，现在299了。,负面
2210,昨天到货 一点都不满意 底座没包装在里面 现在都还没给我答复,负面
506,因为我自己双十一买了台55寸的、觉得很不错、双十二给哥哥买了台43寸的、原本想买49寸的、结果49寸当天停售一样的、浙江台州、武汉全没货、没办法就买了43寸的,负面
3102, 都已经一个多月了，上个月4.8号兑奖的，等了这么久。好伤心。感觉是骗子！对这个微鲸也是很失望 ,负面
3457,看着价格便宜就买了活动力度很给力这个还是有什么说什么！但是从配置和搭配的硬件看就不是很完美了必经一分钱一分货啊！希望以后不要搞怎么多坑！这坑多了好不容易搞上类的口碑就………… 我是微鲸第一批产品的购买者那那时候活动又给力给的配件更更的没毛病！就是看着这么好的服务质量又过了这么一段时间看着刚刚生产出来的产品估计不会比原来的差所以就下手在买一台放在卧室里结果希望越大………… ！说说这太2017年上市的电视吧不重很薄这个不是盖的女孩都很轻松的拿起.遥控器操纵电视.电视里的精准度没有原来的好.是不是蓝牙和红外的有区别这个我不清楚.电视的清晰度这款调低了人看着有点别扭.动画就好点（所以那么便宜）！声音很一般要调到18以上隔1.5米才能完美和我前面卖的55寸的比开到10就可以说扰民了.后面的接口少了很多是不是精简了这个我不好说 这些都是我个人的意见（可以说是吐槽)!总之对品质有要求的建议就不要买这款了！多花点钱还是有保证的.,负面
34,给奶奶买的，奶奶很喜欢。送货的服务也不错哦。,正面
3937,第二台，只不过今年的价格是出奇的高了,正面
2633,电视挺好的，暂时没什么问题，反应有点慢，内存加1g就完美了,正面
1414,很好 价格又不贵 给赞,负面
1927,开机有点慢，但是超清啊，可以直接连WIFI也很方便啊，能看的片子挺多的,负面
3688,这个电视一开始送来的时候，开机试机的时候，不知道怎么回事，一直屏幕不亮，还以为有问题。后来打了售后，在他们的指导下，现在没有问题了。大小和我家背景墙还蛮配的，现在体验还不错。,正面
171,电视已经收到货，整体来说，操作界面很清晰，很简洁。会用普通电视遥控器，就能熟练操作风行电视。电视画面非常清晰，应用包含许多内容，比如，电影，综艺，幼儿卡通等等。屏幕大，我今年双12下的单，活动价买的非常超值，晒单还给价值1500多元的风行3年的金牌会员，更超值啦。这个电视值得购买，一定推荐给身边的朋友。,负面
655,电视机收到了，49寸的感觉也很大，颜色也好，物流很快，也帮我们搬到家里，安装师傅态度好，很负责，还帮我们连接调试电视节目，教我们选节目，这是第一次在京东买这么贵的电器，以前还不放心。现在放心了！老公也喜欢这电视机,负面
3775,6月1日0点秒的43D电视，性价比非常高还赠送了挂架，放在卧室非常适合，上半部分很薄，下半部是接口和板卡的位置所以比较厚，可惜现在的底座简配了，面积跟重量直接减去一半，遥控器也比43J的简单，总得来说，43D是不错的选择，关键是开机不会有广告。,正面
3699,618搞活动买的，今天送到。嗯，初步选定了好几个品牌，比较来比较去.最后选定微鲸的，也主要冲外观而选择它，边框做得比3S小，而且无缝的，底座也好看！ 2.屏幕色彩：微鲸是用京东方屏幕，而3S是LG的，都是硬屏，没什么感觉漏光，色彩对比3S偏冷和淡一点，特别是人像肤色总感觉偏蓝白色（色彩模式我已调成暖色）没3S的真实，但差距不大，看高清电视节目糙点比3S的大，可能是屏幕大的原因，看4K电影就很好！内存2g，16G，相比小米的32G小了一点，但是足够了，你其他的一个g的四个g的还有个别冒品牌充4k的要好，(据说可以用软件检测出）。 3.声音：，音量也不大，放最大声也不会很大，对声音要求高的以后再加个音箱吧！ 4.反应速度：就是快，开机快关机也快，并且没有广告各！ 5.系统：跟小米也差不多，主页分栏比小米明细清楚一点，送的会员很好，片源很多，连接网络也很快，到期也会继续买！ 不足之处是每次选择操作都要回到主页面。总结：整体感觉这微鲸55D2UA性格比很高，55寸6.18卖②⑨⑧⑧。据说还有蓝牙遥控器送，在等ing。 ?,正面
3826,家里人都说好，很清晰，看高清电视很爽，音响一般，看电视够了，有追求的还是再上别的音响。,正面
4189,lj啊，刚过一个月就出了问题，卡机，进不去系统了，不能退了，给换了一个，悔不当初啊,正面
2918,对比了，小米，还有雷鸟。总体来说性价比高。屏幕是京东方的硬屏。内容还可以。就是有的需要砖石会员。整体来说还是挺好的。遥控器很好用,正面
933,画面清晰，遥控板手感好。就是开机和关机时间较长。,负面
2545,到手24小时，使用了几个小时。蓝牙遥控器配对出点问题，最终恢复出厂设置才好。优点目前没发现，或许电路设计会比其他品牌好一点。说点缺点吧，屏幕边框贴合度极差，色彩不讨喜，色温调整冷不冷，暖不暖，作为数码骨灰级的我来说颜色这块较差，音响效果不理想，和hifi完全不搭界，我是直接外接了2.1音响。遥控器因为是蓝牙的，所以遥控关机后必须按电视机背后的五键才能启动电视，这个设计有点逆天。hdr没看出什么效果，动态背光很鸡肋，目前个人使用已经关闭并且降低背光到50，开启动态背光的话画面忽明忽暗，细心的用户会比较反感，普通用户可能发现不了。整体画面效果比较失望，中肯评价，完毕,负面
4068,电视非常不错，非常优惠的价位能购买到55寸的曲面屏大电视真心划算啊，系统用起来非常流畅不卡顿整体看起来是很惊艳的，就是整体有点厚，但这个无所谓，电视嘛，就是放在家里，又不是拿在手上，这个不是痛点，电视可以用一年的会员，可以看很多的高清大片，电视直接看不了直播电视，得下载个软件，名叫电视家，下载后可以看，不谢，其他都还好，整体很完美。,负面
3531,第二次购买，觉得微鲸的电视不错，资源还算丰富，就是没有直播，这点比较不满意，其他都比较满意！,负面
264,电视收到了 包装很完好 感觉很厚实 外观很好 边框薄 要是黑色会更显薄 开机速度很快 各种界面切换很流畅 可以看出系统强大 总之很好,正面
2916,电视不错。 画面也很好。就是会员不太给力。 腾讯视频好多电影都不能看。 比如变形金刚。 异星觉醒等等。,负面
2738,差评 绝对的差评 刚买来 开机没事 然后签收过后看了一会 屏幕左上角就出现竖条彩纹不断闪动 打电话反映情况 两天后才给解决 说只能换机 采集完 证据 然后换机 要7-15天 无语 你让我看什么啊 质量问题 大家谨慎购买 毕竟新牌子质量保证不了,正面
351,质量好，画质清晰，不错,正面
3469,特地用了一段时间才来做个如实的评价： 优点：送货快，货源与物流有保障；边框窄，外观精致；性价比高； 缺点：1.下边框与显示屏接触不严密且不均匀（外框不直，见图），当然这不影响使用；2.虽说是4K高清，但很多片源播放不了，送的一年白金 会员4K片源均可播放，但我用的是移动宽带，移动宽带送的魔百盒里的4K片源好多播放不了，不知什么原因；3.送的白金 会员片源少，比移动的少多了，且没看到有实时在线电视；4.送的挂架虽是免费的，但是质量一般，其中一个支架已变形，且螺丝孔是滑牙了（我自己借了丝锥攻丝处理了）；5.内存太小，装不了太多软件；,正面
1643,物有所值,正面
1104,电视很清晰，整体造型时尚大方又漂亮，快递服务到位，装机服务人员很专业，细心。很满意这款风行互联网电视。,正面
3610,电视还不错，做工一般，电源开关处还有一层黑色的垫子露外面的，有点掉档次，声音效果一般，物流慢，慢的让人想退货,正面
4148,自己安装特别简单..清晰度很好.我爸妈俩老都说不错，试了语音遥控还可以.就是音乐不能语音遥控--音响真心的不咋样，有待提升--可能是6.18原因吧物流特别特别慢！总体感觉上还是老人家说还可以-都可以简单的操作。,负面
874,好，物流快，服务好！物有所值！,正面
805,画面质h非常好,负面
3448,用了几天了，总体还可以，就是开机有点慢，希望可以优化好点,负面
538,外观很漂亮 很清晰 无边框感觉很大。,正面
1933,联网不行自动跳台很不满意,负面
1673,很好非常好,正面
122,感觉不错，装起来美的很，现在只想看电视了，什么都不想干,负面
3364,我以前买了一台乐视的电视，但是呢，后面还是想有一个多的选择，选择了这个微鲸啊，还有选择了pptv，然后还选择了这个创维一些国产的品牌，但是仔细参考参数之后还是做出了一个大胆的选择，选择的微鲸，使用了，之后的感觉非常的不错，老婆也非常的喜欢，感觉比那个乐视的话还是有一定的优势。可惜的话就是会员不够多，然后的话价格稍微贵了一点，现在可能那个平板液晶平板这一块也涨价了，所以说这个也情有可原。喜欢的可以大胆下手了，不会失望的，至少比创维，海信要好多了…性价比更高！,负面
2811,挺好用的，美观实用。。。中间坏了一次，给换货了，总体还行，希望别再出问题,负面
1232,一下子购买了两台。风行电视，画面清晰，系统流畅。而且节目内容非常丰富。一台放在那地下一台直接挂在了墙上，美观。大方。 2017-12-17 11:37:54 追加： 两台都非常好。风行电视，就是好。,负面
3594,电视机质量不怎么样，一个55寸的半年不到屏幕坏了，之后换了一个新的又出现网络连接不上的问题，每次都得回复出厂设置才行，建议大家买之前考虑好。,负面
2704,电视和描述的一样，画质比较清楚。就是遥控器与电视连接蓝牙的时候费了不少周折，还好，都是小插曲。弱弱的问一句，你们的遥控器和电视连接蓝牙的时候好连接么？希望以后能一切顺心！后期我再追评哈！,负面
2874,产品本身什么都满意，就是有几点：1.开机贼慢 2.内置应用商店的应用少的可怜 3.影视资源也不算多 4.遥控器比较寒碜都没有带滑滚 5.厂家的客服不咋地，一个互联网企业问点小问题都不专业怎么立足！,负面
3878,第一次买微鲸这个品牌。新家还没装修好，电视提前买了，都没地方放了，放在床上测试了下，4k效果很好，反映也很迅速，很流程，遥控器没问题了，没发现失灵情况，屏幕检测了一下，有轻微的漏光，问客服，客服说小于国家标准，我看也不影响观看，整体感觉很好，希望后期会更好。,负面
4158,东西送货超快的，已经在试用，音质不错，但是不提供免费安装服务让人确实太郁闷了，之前买的联想和乐视电视都提供免费安装服务的，互联网品牌还是不行。售后堪忧………,负面
402,发货快,正面
2848,电视不错，色彩艳丽只是有一点点漏光但不严重，就是刚买完还没有确认就又降了一百，店家又不给补差价心里感觉不舒服，但是客服的服务态度还是不错的，给点个赞吧。,负面
1210,给亲戚买的，性价比挺高的大品牌。,正面
2939,1.电视效果很好，画面太美，系统流畅不卡顿。 2.外观设计超喜欢，无边框很美，简单．超薄．大气上档次。 3．物流有点慢，厂家发货速度要加强，京东自营由厂家直接发货，这个有点影响京东的配送效率。 4.安装的小插曲，微鲸售后服务需要加强做好三点一线的工作，作业人员与第三方安装工程公司的信息要统一，以免影响客户的需求。 5.该型号微鲸客服说免费安装，可第三方安装人员说要收费一百元，安装人员与公司确认需收费，说是微鲸未通知到十分到家公司，导致无法安装，经多次电话给给微鲸客服要求安装，由于微鲸的工作问题，第三方（十分到家公司）和客户不满意，微鲸公司需加强。,负面
2431,开机特别慢，今天第二次开机的时候居然用了10多分钟，进去之后主页面基本和电视猫页面是一模一样的，总体来说还算不错的，毕竟价钱在这，,负面
3317,才买几天就降价200块了，这么坑，东哥知道吗，京东的保价还能相信吗,负面
2584,电视很好，服务也很好，售后非常积极。安装人员人很耐心、细心，有不懂的问题都积极解答，天气热，大哥也兢兢业业的为客户服务。画面不错，就是动态补偿有很大提升空间，小幅度慢速动的话问题不大。音响不好，没有立体音效。这都是收货半天的感受，看看以后会不会出问题吧，普通电视正常使用起码五年不会有什么毛病，看看微鲸表现怎么样吧。多支持支持先进国产产品不会错。,负面
3216,外观可以 画面也蛮好的，就是开机速度比较慢，没有五分钟那么夸张 三分钟是有了，可能是新机器的原因？整体不错，但是物流真的让我无语了，五月一号九点三十二分付款买的电视，系统显示当天下午就可以送货，结果下午物流来电话说最快第二天才能送货，说卖方客服下单下晚了，让我联系卖方客服，可是我联系客服了 客服告诉我物流与我预约到第二天送货了，我就晕了 谁和你预约的？这是其一，其二，第二天下午货送到 开机验货，物流送货人员找不到电视开关 竟然把电视的质保贴给弄坏了 说开关可能在里面，当时老人在家 问物流送货人员 这样没事吗，物流的说没事 不影响观看，所以才签的字。我回来后老人告知事情。其实也没什么事情 质保一年 如果这个电视连一年都看不住的话 我想就算找也没用的 他都敢把电视质量弄得那么差 还怕你找？ 已经与微鲸客服沟通，客服说已经签收 没有办法了 除非有证据显示 是物流人员弄坏的。其实说的也不是没有道理。算了 吃一堑长一智。,负面
2188,清晰度OK，但没有电视直播，不知道是不是现在不允许啊,正面
255,不错很好就是放在我家三楼有点摆不下太大了点,正面
1360,价格合适，系统好用，资源挺多,负面
298,宝贝很好！海尔售后服务态度一流的棒！信赖京东，信赖国产大品牌！买电器上京东！,正面
1500,开机一周后的评价，电视机质量很好，画质好，很清晰，色彩逼真。快递很给力，很快就送到家里，当场开包装，检验无损后方离开，帮的师傅安装的，很专业，很耐心，是一次满意的购物。 晒单： 收起 向左转 向右转,正面
2439,其他都挺好的。就是开机有些慢,负面
2473,对品质无法言明，因为我毕竟不是专业人员。播放过程有时候会黑屏没声。咨询一下说是系统问题，要重新更新？？？,正面
204,京东秒杀，1349抢的，应该是39寸里面相当便宜的一款了，下单后，第二天就送货上门非常快，家中急着用，没预约就自己装了，座装就安装两个支架，很方便。打开电视机，连上家中wifi，马上就能使用，色彩也不错。不足的应该在于自带的片源，与bestv合作，但片源不能说高清，还是要自己安装应用。插上家中的模拟信号线也没有问题。,负面
3527,清晰度一般，说好的送白 金 会 员也不送。 各方面都很一般的电视，早知道买快倒闭的乐视了,负面
4209,电视还行，买了后有点小问题，客服叫了维修的来解决了。然而价格没几天就降价这个感觉有欺骗性。之前买的时候还问了有没有优惠，有没有其他活动，告诉已经最大力度了，已经优惠了等等，看了两天准备来评价，一看又有活动，价格更便宜了。这才一个多星期，感觉是活动天天有，价格总在变,负面
397,这款电视特别不错，画质特别清晰。画面特别不错。相当喜欢。49英寸也显得特别大气。很薄。跟我家的客厅很配！外观很舒服。电视的内容也特别多，很好看。电影种类很多。总之一万个满意！！！ 2017-12-23 17:56:59 追加： D49Y。特别不错的一款风行电视。,负面
733,电视不错，比较满意！！！,正面
557,很满意,负面
4045,发货一如既往的快，电视质量不错，待机状态下开机很快，不超过十秒，断电关机状态下开机时间稍长，但也在30秒之内，第一次开机后，配置升级系统用的时间稍长，系统升级是自动的，没有提醒，升级时机器进不了设置应用界面，升级后第一次开机时间稍长，我还以为出了问题，待机功耗很低，可以忽略不计，开机时功耗在100W左右，客服服务态度好，有问题能及时帮助解决，专门配置的三合一**线很有用，连接广电机顶盒必备，开始没有发现，客服提醒了才知道，机器接口多一些就更好了，一些老式的设备就能一起连上去，现在需要插拔换接，有点麻烦，电视画面清晰，会员里的4K节目质量很好，希望以后这个续会员费能够低一些,负面
1114,不错,正面
3042,很不错，买的时候觉得大，安上一点也不觉得大。价格比以前贵了，没辙，送货师傅第一时间没找到总开关，差点送回去，真愁人。,正面
380,电视很给力啊，完美屏，没有任何坏点和漏光，画质清晰，声效也非常好。关键是做工很精细，不输任何一家电视大厂，总体性价比非常高,正面
615,到货很快 合肥上午拍下午到 来到帮忙通电测试了,正面
635,快递师傅态度很好，送货速度真快。尤其是客服小婷更是服务到位！买回家电视高大上，比实体店便宜很多啊，双12买的，还送三星音响。一个字值！,负面
1275,挺好的，方便安装,负面
4064,不错，好用好看好听！但资源少了一点，希望丰富资源，尤其是教育类的。,负面
36,给老爸卧室买的，质量很不错，第一次买夏普，网络直接连接，送了一年的爱奇艺，不错,负面
1014,画质、音质都不错 晒单： 收起 向左转 向右转,正面
1029,非常快的物流，下单第二天一早就到货，东西不错，一分钱一分货,正面
4067,第一年轻人第一台电视机，价格可以，屏幕也不错，资源粗略看也还行，有部分4K资源，其余基本都有蓝光画质可以选。不过美剧怎么找不到权力的游戏呢？希望7月新一季出的时候能有。语音试了一下还可以，常用的比如说看电影之类，反应还是不错。,负面
4196,居然没有发票？！京东太让人失望了，电视刚开始用，有些功能还没试，用过再评价。遥控器非常好用，操作和手机类似，很简单，家里老人也很快上手。,负面
1318,电视不错,正面
1900,这款电视全国最低，话面很清晰，声音也很好，我朋友圈的人看了，都叫我帮他们定，要买的速度了，绝对超值 晒单： 收起 向左转 向右转,正面
1680,宝贝不错，超过我的想象，物流给力，服务好热情。,负面
1426,非常不错,正面
2991,这次购买微鲸的经历，相当懊恼！投诉无门。电视到家当天晚上发现漏光的问题，三大块区域严重漏光，局部小范围漏光，第二天打电话，过了两天所谓的微鲸售后工程师上门（就是县城小家电里的维修工）然后他联系了我，再然后他也没上门还是联系的其他人上门 经过检测 符合换机条件，接下来就是漫长的等待， 每隔三五天打电话催，售后说您的电视符合换机条件，鉴定报告没问题，再然后就是一拖再拖，想不到的是 拖了 二十多天 最后又来两个人，说不符合换机，真是RI了狗了。 这就是微鲸的售后和所谓的电视品质。今天我又发现遥控失灵 气炸了 气炸了，准备撰稿 写一篇微鲸的 使用报告 各个细节 以及体验，包括售后！ 如此玩弄消费者与鼓掌间！ 大家慎买 足够让你悔青肠子，现在水军太多，切莫被水军的好评欺骗！败坏国产名声的微鲸 差差差差差差,负面
2421,好用，便宜很多，遥控操作方便，就是太卡了，开机慢,负面
125,挺不错的，价钱实惠,负面
515,发货速度还是不错的，电视也拿出来看了，感觉还行，希望能用久点吧,正面
3805,"618想换个电视，因为看的少主要给父母看，就想换个便宜的，锁定小米4a，kktv55max,暴风tv55B，微鲸55dk，618当天，小米4a 55寸二六六6，55max二五一9，暴风55B二五四9，微鲸一分钱没降二九99，看了暴风的评价质量真不怎么样，kktv看评价比较卡，cpu频率1.0g，并且型号不明确，最后还是下单小米4a，结果晚上才发现小米4a没有3.5mm耳机接口，不能用我得书架音箱，退单小米4a，下单微鲸，虽然贵250块钱，语音遥控器加多的8g存储及828cpu，差不多也这个价了。 说说性能，低端就是低端，屏幕色彩比较暗淡，音箱效果没有重音，就是个能发声的喇叭，蓝牙语音遥控器长时间不用按第一下会没反应，可能跟低功耗有关，语音识别跟小米比还是差点，只能搜东西，关机都不行，内容方面宣传很多实际上还比不上第三方聚合的内容，好的方面就是安装软件方便，官方给了几种方便安装app的途径，比其他厂家屏蔽app安装良心多咯，系统操作基本流畅，但偶尔还是有点卡顿，特别是在直播软件中，cpu频率还是太低了，系统流畅度跟同事小米3s差远了。",负面
1198,第二次买，送人的，不错,正面
1740,挺好的，暂时用着没问题,正面
1929,开机有点慢，用起来还行,负面
1926,开机有点慢,负面
2611,小电视，买给小孩看的，刚开机蛮卡的等了一分多钟后来直接按的页面键进去的，二是有广告，最差劲的是广告的音量比我们正常看电视的音量高，你必须先把音量按小等过了广告后再把音量调高，第三蛮厚的挂墙不合适！唯一选择的理由是买给孩子看的过度品，别那个8g的内存啊因为只有1g的运行内存所以基本是摆设，速度不如专门的电视盒子，如果只是过渡期品的话不是很注重体验可以入手,负面
1297,还是可以送货快,负面
4090,一直在很多电视机之间选择，最后还是选择了微鲸，毕竟硬件上的差距还是拉开同档次的竞品不少，前面就知道这个牌子当时的价格比现在还便宜。。。没想到这个还能涨价的，不过也好，保值。希望不要漏光。硬件肯定没得说。就希望网络能好一点。资源丰富一点。售后稳一点。,负面
589,安装及时到位,负面
618,快递第二天就到家，超快，快递小哥很礼貌程序走很负责，检查屏幕，通电查看一下，没毛病，挺好的，里面的功能还没有仔细的看，需要研究一下，都是风行自己的系统，然后他送的金卡非常有必要可以看4K电视，显示清晰度还可以，第一次在京东买东西，分期买的还是比较给力的，总体还是物有所值，值得购买，就看能不能看一年了，希望可以。,负面
2849,电视大小可以～发货也挺快～不过今天一看降价了，特别不爽，说是七天内补差价，过了七天不给补～心情不愉快～差评差评～今天看了一下一起买的别的几家七夕做活动都降价了，都给补了差价～好吧，人家规矩严格些，也只能怪我自己买早了呗～大家买的时候看看日子哈～特别是买完了七天内天天关注看有没有降价，因为说不定第五天就降价了，只是你不知道而已就这么错过了～因为人家不会主动告诉你的，哈哈?,正面
160,实惠值得购买，性价比高，下次再光顾,负面
1535,发货速度快，把奶奶接来了，闷得慌，我很着急啊，买了这台电视，很快就收到了！电视质量不错，每天从早上打开，到晚上睡觉，不卡顿，不死机，虽然暂时借的网，但依然很流畅。这个系统和界面都很简约，不花哨，奶奶学习两天，已可独自操作了。另外，宝宝才四个月大，不过一放起卡通片也是看得咿咿呀呀的，呵呵，我抽空看了两部电影，战狼，摔跤吧爸爸，效果不错。很满意，价格公道，质量可靠。,负面
1984,买这款主要是冲4K屏和性比价来的 开机后仔细看了一下屏幕 颗粒感比一般电视的要小的多 也没有出现其他网友所说的漏光现象 硬件上面由于才使用还没什么感觉 先使用一段时间在来评价,负面
83,老家乡里的电视被小娃娃弄坏了，一直都想换一个新电视 在京东上看了又看等到双十一的时候也没下手心里还有些后悔 直到前几天看到风行电视在搞活动果断下单 昨晚师傅送货到家安装好了 电视效果不错 清晰 声音洪亮 物美价廉 希望风行能够越做越好 越做越大,负面
4191,第二次买微鲸的产品，主要还是看了之前哔哩哔哩上面的比较。最后在和小米电视之间选了微鲸。在软件方面没有太大问题，因为微鲸本身就是电视猫的定制版，软件安装也没有太多问题，非常方便。但是有一点觉得略微小失望，就是原本写支持HDR，但是好像不知道如何在系统里面打开…如果没有HDR虽然也没有影响，但是一开始不宣传就可以了…,负面
3470,并没有智能语音 遥控器上本该是语音的那个按钮是静音键 亮度略低 但是瑕不掩瑜还是挺不错的,负面
2728,看起来是挺好的啊，可我第二次开机就卡这界面至少三分钟，可这还不是最离谱，最离谱是昨晚看电视时候，第一集切换第二集的时候，只有声音没画面，还要我用遥控退出，重新选择进入才有画面，我对此相当的无语，入手才两天啊 让人更不爽的是，说有语言识别，遥控要自己选配，就像你请我吃饭，你只有饭没菜，菜要自己花钱买一样,负面
455,不错……看起来很大气……,负面
1521,非常不错,正面
75,送给姐姐乔迁新居的礼物，今天到货并安装好了。京东服务非常细心，电视也完好正常，姐姐很满意!,负面
2195,只能说一般，无论画质还是功能，都没有T某L好，为了便宜选择了它，有点失望，应用那里竟然不能搜索电视猫软件，等于没有直播可以看，除非链接有线广播电视，介意的朋友谨慎购买，虽然说7天无理由退货，可运费贵的离谱，也就没理了,负面
3439,开关机太麻烦，很慢。待机唤醒不能直接进入指定信号源输入很不方便。网速也很一般加载视频不够快。,正面
249,挺好的，老人看听清楚,正面
1054,挺好的，快递很快，服务周到，好评,正面
1542,外观漂亮，画面清晰，家人很喜欢,正面
3360,电视机清晰度不错，开机有点慢，自带看片软件里绝大多数电影、电视剧都需要白金 会员，不知道一年以后咋办？？？,负面
1692,性价比比较高、看了几天了、没发现毛病、智能电视无广告,正面
2034,看了一段时间了，屏幕变的有点弯曲，不知道是不是因为屏幕太薄的原因，成一个鼓面了，还有两回看了几集电视剧遥控器对电视没有反应了，强制关机再打开才好的。安装人员安装调试时有一个螺丝短了，说等有空再来给上上，是有一次给我打电话来给我弄，可是我没在家，再就没联系过我。功能跟清晰度还是没的说的，反应也可以。总之没那么完美，只希望能用的住就好。,负面
614,不错，东西性价比很好，不愧是大品牌，飞利浦的，值得拥有。,负面
3192,不错，挺清晰的，系统也流畅，只是感觉语音功能有待提高，稍微复杂谢就听不懂,正面
2790,电视机边框缝隙大，和物流人员搬动试机的时候可以看到显示屏在边框里有很明显的晃动，这个是我最不满意的地方，还有喇叭确实不怎么样！不过性价比挺高的，毕竟价钱比别的品牌低，希望以后别出毛病，以后再追评！,负面
1830,早上下单下午就送来了，性价比高，没发现漏光和坏点，屏和主板三年保修推荐大家放心买，当然色彩和同尺寸七八千的机器有区别,正面
3129,5.1上午买的，下午价格降了200块钱，果断申请价格保护京东神速退款，相当于花了3398。电视这个价位还是可以的，家里去年买了43还有50的，系统无广告操作简单很方便，2Gram?16Grom也够用了，画质的话还可以，屏幕够清晰，4个角度看偏色也不太明显，脱影也可以接受，观看了好多4K短片效果很不错，对得起这个价格，连接ps4打游戏HDR效果有点亮瞎眼了，建议把背光调低一点，语音遥控也挺方便的特别适合老人使用，总体来说在今年电视价格普遍上涨的情况下微鲸这款还是挺超值的。,负面
2428,开机慢。。。。。。。。。其他还好,正面
3220,整体还不错。就是开机有时侯比较慢。装挂架还要预约这点比较不满意,负面
1368,很漂亮哦！图像清晰,正面
2832,巨坑！上个月买的2800 现在跌到2700 还有满1000减50元 坑！电视机质量也不好，画面不清晰。本来想退货告知已经超7天 真是后悔死了！,负面
2213,电视不错 发货速度太慢，下单一个星期后才送货，资源一般,正面
4179,为了个摇控才晒的单，在官网店拿了好几十台电视了，记得我进手第一台电视时的客服都是抢着回答问题和服务的，可是还没到两年，好像微鲸的初心变了，每次和客服交流对话都是和像机器人一样死板。做为客服无法为客户带来好的体验，这是作为客服的悲哀。但是微鲸的电视质量还是有保证的，拿了那么多台电视机，就只是坏个了摇控，画质和色彩也还行。就是现在涨价涨的厉害。再一个是二代的电视的脚比一代的不方便。最后祝微鲸越来越好，成长的同时别忘了初心。,负面
2400,8号晚上下单.九号下午到货.相信京东.电视机是4k的好用.就是开机有点慢,负面
488,物流很快，飞利浦老牌子，配送人员很专业，安装很简单，,正面
3583,电视买了快一年，用着很爽！近期因遥控器故障，微鲸售后给换了个新遥控器，但还是配对失败。经工程师上门检查，估计是蓝牙接收出了问题。申请京东售后，换了台新的！不错！赞一个！下次换电视还是微鲸1,负面
310,买了送人的，大小很合适，送货很快，包装也不错的,正面
3560,电视收到了，去年买了55寸的，LG硬屏的，效果棒棒的，今年给父母买个43的，虽然不是4K的，但是总体还过得去。虽然我是米粉，但是电视微鲸比起小米，没有广告是一大特色，其次后面的接口微鲸在侧面比起小米在后背方便多了。但是微鲸现在参数配置也不标出来，比起去年不实在了希望改进，让客户能了解清楚好比较。总体这个价格送一年会员还是不错，比小米实在。希望送的手环早点寄出来。,负面
2300,质量也不知道怎么样还没用。总之物流超慢，且工作人员态度也差，客服态度一般，对整个购物过程很不满意。,正面
4236,一分都不想给，京东这次让我太失望了，买的电视没有声音，说是退货上门取件，规定好的时间不去，一直拖着，联系客服，客服也不回应，千万不要相信京东自营，说的特别好，做起事来，你就知道了，这次真是太失望了！,负面
568,客服态度好。电视还没有开始用，还不知道效果。用了再评价,正面
2161,本来不记得评价的，既然发信息要评价，那就说说吧！不高兴，买完就降价。画质还可以，内置网络盒子不怎么样，虽然送了会员，但内容不多，更新的慢。,负面
1835,物有所值吧，毕竟这价位，出来第一年就用小米产品到现在,正面
4043,东西很不错，但是，能否吐槽下微鲸为了省成本HDMI线也没有，电源线过短导致我只能走明线，但是总体来讲还是物有所值，好评，自己慢慢装应用玩吧，安装略贵，一台169，另外不管买几台，会员只送一年。,负面
2368,试看了一晚，视频资源很给力，但系统不太好，开机太慢，？,负面
4006,烦人，才买的就降价，然后现在618又降价，总体来说，产品还是不错的。,正面
2444,送货隔日到，日日就顺了！通电安装加钱一百人，开机时间有点长，视频切换转圆圈，不要说是网络，60电信网，系统还要加强，运行内存不高哦，够用，声音还可以，图像处理清楚。rnmmp.,负面
1965,对比了小米、乐视、海信，最终选择了微鲸。到货很快，京东配送人员服务也很好。55寸的放在客厅很合适，安装很简单，自己安装的，电视清晰度挺高的（当然前提是网速得好），音响效果挺不错的，晚上开的时候能看到漏光现象，可以直接连接无线，很方便，送了一年的会员可以看4K和蓝光，资源挺丰富的。最后，希望可以用的久一点吧,负面
90,果然超薄，也没有太多发热，双十二下单，除了送货时间久点，其他都不错,负面
2576,音效差了点，其它都非常满意，这个价位，值,负面
1080,质量不错，物美价廉！,正面
3400,东西不错，就是物流到货后安装人员服务差，网络设置、连接都不管。。。。最后是自己去请了个程序员来搞定！,正面
1918,感觉不错，性价比不错，功能挺多，就是遥控器没有九键，有点不开森,正面
3763,泉州 物流很快 总结以下几点： 1.包装很结实 55寸箱子特大 送货到家 快递员很迫不及待的开机查看后就让签字跑了 2.内容丰富 看了一下午 第一次重启会更新系统大概6分钟 之后重启再更新一次就好了 3.LG硬屏画质不错 而且看久了也不会觉得眼睛难受 4.系统很流畅 但是看动漫时觉得掉帧 可能是我动态视力比较好 也可能是优化不好的关系 期待下次更新能修复 5.网上说的漏光的 我自己试了试 暗环境下 黑色图片 背光调最亮 并没有看见漏光 是我人品好 6.机身比我想象的厚多了 看最后一张图 反正吧 唯一让我不喜欢的大概就是厚度还有动漫掉帧！！！品控质量还是不错的！ 独角鲸和南鲸豚 这两个是真的会去回答你问题的客服,负面
2753,电视屏幕很差，买了五台，五台都是电视屏幕不是漏光就是坏点要不就是屏幕有黑斑，第五台黑斑没第四台那么大就说电视正常范围之内的，什么态度,负面
3944,电视吧，掉价太快，系统强制升级，感觉有点上当，这样升级最多一年，估计同手机一样越来越卡最后没法用（有点像，官方在故意淘汰），大家电，可以不升级不，我不想，最多两年换电视机，,负面
330,挺好的，看的很清晰，给老人买的，大小也比较合适。就是安装的时候别再单收60元上门费就更好了。这钱收的让老头很不爽，不如揉在电视里。,负面
4215,性价比一般，开机巨慢，很厚，屏幕颗粒感明显，找不到关机健，好像没有。想买40寸的，一直说不支持在当地区销售，都一年还一样，非常不满意。家里两个微鲸的，对50寸的挺满意，这个32的真心不怎么样！建议40寸的，要是像我一样，不支持当地销售的就换别家电视，最后一张是50寸的,负面
2277,电视只能算一般般，没有什么突出的亮点，机身还有4.73G空间，1.5G的运存，开机就70%以上，乌龙配置，2700多的55寸能有这种功能就不错了！屏幕说是4K的，还不如上次买的乐视S50的清晰，音质更加谈不上好了，只是能发声音而已。能装第三方软件，但清晰度不尽人意，将就着用吧！满意度5分而已！LOGO旁还有一道很深的划痕。,负面
526,电视很清晰，飞利浦大品牌值得信赖。家里面飞利浦用了10年也没坏。相信品牌的力量，综合好评。,负面
3859,送货师傅很负责，帮忙拆箱后才离开。电视很清楚，功能齐全。WiFi也很快。唯一不足的是三合一视频线质量不好。,负面
1358,做工很好，很满意，好评，下次继续光顾,正面
3573,50寸也没有很大 颜色偏黄 音效很差 之前买的55寸特别好 感觉微鲸开始不走心了,负面
4182,lj啊，刚过一个月就出了问题，卡机，进不去系统了，不能退了，给换了一个，悔不当初啊,正面
1978,两个角落漏光严重，希望质量好点吧…………,负面
2261,金色的机身很大气 很薄 唯一有问题的是电视机的两个支脚感觉不牢固 插优盘的时候电视机有晃动 还是安装墙上支架比较好 4K画面清晰流畅 就是觉得语音搜索功能比较傻 还有就是会员的影片资源有待丰富 实在有点少 不过没有广告还是不错的 值得表扬 不知道能不能保持,负面
2941,安装费要169，最坑的是打雷就没图像了，然后又好了，我去,正面
2364,999买的，还带一年会员，性价比真的无敌！系统不是很稳定，收到电视第二天就死机了，必须拔电重启，有的时候还会莫名其妙的卡在那里好长时间。厚！真厚！特别厚！,正面
4230,"电视太厚了,比我另一个5年前的还厚,做工一般",正面
868,给亲戚买的，不错的购物体验,正面
296,电视机不错，双十一的价格也不错，但安装师傅的收费与网页上的价格不同，送货、安装是同一个人，不清楚是谁的问题，最后电视机是自己安装的。,负面
3343,朋友家用的就是微鲸，很不错！虽然物流很让人失望，但电视不得不说还是很不错的，55的比照片照的大，也许网速好，没有缓冲的情况出现，很流畅，虽然资源不多，但很可以了，这个价钱挺好的，使用一段时间，再来评价！感谢客服长须鲸！好评！,负面
2767,别信参数，根本不相符。描述是IPS硬屏，结果打开电视设置显示为A+屏。反映客服也没回复。物流更差。不到100公里的配送距离，三天送到。物流车没标志，送货员不着工装，显示物流公司管理太差。,正面
1030,用了两天再来评论的，太帅了，第一次在网上买大件物品，一开始只是想买个电视，就先从网上看看，然后去实体店做下对比，店里比网上的贵好多，一直不敢买，担心网上的不行，这个品牌我以前也没怎么听过，我从双十一就开始各种看电视品牌，了解电视质量等问题，直到双十二，我看到了风行，价格很实惠，看了评价也还可以，一天我那心就一直纠结，到底买不买，晚上过了12点就回复价格了，本来都打算买大品牌的，大品牌贵着两千多，心思买个又好又实惠的岂不是两全其美，最后我就下定决心买了风行，京东快递果然很快，两天就到了还赶在我爸的生日前一天，给了老爸一个惊喜，老爸很喜欢，我也很喜欢，推荐大家都来买，真的很不错，款型功能都是我喜欢的，希望可以用的久一点,正面
1251,不错，很好的电视。,正面
2775,总的来说，微鲸的电视内容很棒，也许是国内最棒的。屏幕也还行，用的是国产硬屏幕，颜色好看，除了漏光，其他都好。但也正因为是硬屏，太脆弱了，莫名其妙就碎碎平安了。给微鲸打电话，说上门师傅鉴定并收取30元。好吧，自掏腰包3000块给你们做硬派广告，请收下。 如此评价晒单你们打算送什么礼物呢？挽救一下我的电视？,负面
2362,总结……差，开始问客服也用的不耐烦，电视很快收到，这是物流的速度，但是礼包官网一直找借口搪塞，不肯承认错误，或者老板没有专业培训客服吧，或者肯定是。现在怀疑电视也会出现问题，不知道哪些好评哪里来的，表示很怀疑？,负面
883,电视机挺好的，比实体店要便宜?,负面
1395,电视很好，比我想象的要大，第一次在网上购买，很满意,负面
1776,这个价位，能买这么大的电视，已经挺好的了！！！我们全家都挺满意的，就是不知道使用一段时间以后会怎么样！！！质量如何还得需要我们用时间来验证！！！如果有什么别的情况，我也会再和大家分享我的使用体验的！！！！ 晒单： 收起 向左转 向右转,负面
1040,第一次在网上购电视，之前还有些犹豫，买回来效果好不好，会不会有问题，有问题怎么呢，但买回来后，发现不错，很好,正面
399,"因为搬新家所以购买了创维58H7　58寸电视。58h7，cpu是a73，内存ddr4，电视机整体设计时尚，显示效果很惊，4K高清片源,清晰度非常好，色彩非常鲜艳，看起来好有立体感，身临其境感觉，特别是图片显示，也是4K高清图，色彩异常靓丽。酷开5.8的系统，系统响应速度很快，资源挺多的。视觉无边框，我比较喜欢，无边界方显大视野；2GDDR4+8GFLASH，配置好电视才能运行快；电视外表整体做工还行，拥有HDR技术，广色域技术，4KMEMC，色彩好，拥有HDR技术，广色域技术，4KMEMC，画质清晰音质也还好杜比解码+DTS解码，立体环绕音效，搭载酷开系统5.8。科技感太强了，图像超清晰，音效也超级棒，关键是后台内容也很丰富，非常满意。相信品牌的力量，物美价廉，这款电视做到了!",负面
3621,已经是买了第二个50寸了，之前也买了一个43寸的，质量很好，效果也不错，不过55寸的3000元以内的就很一般了。,负面
66,不错,正面
742,还可以，屏幕很清晰,正面
2529,目前使用情况良好，不过语音为啥不能粤语呢，没搞明白是不行还是我理解错了，有点小郁闷。不过画质和音质还是不错的。,负面
2845,真是会营商的商家，刚买回来就掉价，合着是忽悠消费者，之前买的觉的还行，所以才又买了一台，没想到效果不怎样，运转又慢还掉价(ToT)/~~~还高清呢……都看不清图像,正面
580,最近有事儿一直没顾上评价 电视非常不错 快递也很不错 推荐大家购买 双十一购入 价格也很优惠,负面
2528,老早就关注微鲸啦，一直没有下手，本来打算入手小米电视的，这次808活动力度很大，就选择微鲸啦。刚通上电，现在是语音遥控不好用，一直识别不了。别的用过几天看看，好啦在来追加评论,负面
2522,根本就没有语音遥控功能 详细的说明书也没有,负面
3896,购物体验非常不好，6月1日0点抢的货，开箱后感觉配件质感不行，电源线等，最让人寒心的是才观看2个小时，就出现两次长达2分钟以上的屏幕闪烁，闪烁频率很快，感觉背光和电路有问题。并拍下视频为证，只是手机不可以传上来，明天传视频。,负面
2104,做工确实不行，边框处理的不好，不过无伤大雅吧,负面
465,电视还行安装师傅很好,正面
849,快递速度快，服务真心不错，全部安装好了才走，电视机画质也不错，满意,正面
2047,机器还好吧，就是播放有嗒嗒的噪音，很麻烦，估计质量不是很好。,正面
972,不错，功能齐全，wiFi播放，无网能观看。,正面
1295,京东购物省心省力，服务好，配送快，必须推荐。,正面
3687,这个电视毫无智能语音体验，只有一些简单的操作，不该贪几百块的便宜，买小米就好了，开关机不灵敏，边框不是金属的，底座是我见到的最简陋的 ，屏幕背景暗淡，根本看不清，也不知道设计软件的怎么想的 ，大半夜起来12点整抢的，被告知没有挂架送，已送完，其他赠品也没兑现，建议大家考虑下别的品牌吧 优点是 便宜、配置高 买电视还是要买听话的电视,负面
261,电视价钱很实惠，快递的速度很快两天到货很赞，京东服务很好电视买回来有一段时间了挺清晰的，在实体店是买不到这么好的东西的支持支持风行。,正面
606,配送热情及时，还免费安装，不错的选择,正面
1607,现在没有任何问题，都挺好的，性价比高！,正面
3632,棒棒的电视，开始几次开机有点慢，后面应该会好起来，清晰度很好，系统也很好，比较流畅，有许多儿子喜欢的内容，语音点播好顶赞！没有广告好顶赞，先升级系统去了，有空追评！,负面
4178,网购这么久第一次给差评，机器前天送到的。挂架昨天送到的。前天晚上8点17分打售后电话预约安装。售后一直没有和我们联系！老公早上又自己打电话去主动联系，售后说他们系统没有登记，让我们等着他们再安排，我就和京东售前联系，售前也不管，只会像复读机一样让我自己找售后.。真是够了，实在忍不了给了差评。要买的亲慎重，东西我确实还没有用不知道效果，但是服务确实不敢恭维，受得气的再考虑购买哈！本来一星也不想给，但是选择不了零星！气的我胃疼,正面
1328,真的很不错！收到货自己十分钟就安装好了！这么多年都在看老款的古董电视！还是第一次卖液晶电视呢！联网还可以看电影大片！真值！,负面
1958,电视还可以就是有点漏光，千多元就不挑了懒得换。,负面
3362,对微鲸有些失望，画质没有想象的好，会员也看不了啥,负面
1065,风行电视一点即播不卡顿果然名不虚传，够快够清晰，厉害了，你值得拥有，非常棒！,负面
3769,以前没听说过微鲸电视，没了解过这个品牌，感觉价格合适就下单了，果然没让我失望，音响挺棒的，屏幕高清，4K看起来很过瘾。 最不满意的是，电视机不是超薄的，还有一点讨厌的是屏幕出现过几次忽明忽暗，不知道怎么回事，如果再出现这种情况，我就报修了，总体给好评,负面
3252,坏两次了 换货又坏的 花屏问题 这是随机质量不好还是这电视就爱出现这问题。。。售后还行,负面
1201,好好好好,正面
3507,没有去年买的那43F台好，价钱还贵那么多。,负面
1401,非常满意的购物体验，赶在双十二买的，虽然不一定是近期最低价，但是电视很好，线上线下都有的型号，送货师傅很专业也很负责，赞一个！最后要说，索尼大法好,正面
61,物美价廉,负面
1763,大电视，非常棒！比实体便宜。挂在新家很气派。客服热情，有问必答，是一次愉快的网购。会推荐给朋友。祝店家生意兴隆！,正面
2554,放卧室太大了…你们都评论说小！退了换43寸小钢炮！音质真不如小钢炮的一半…总之新版的55寸音质缩水太多啦…画质国产屏有点漏光…！去晒小钢炮了！最后给物流5星好评！！！！！,正面
1389,非常好，就是双十一送货有点久。,负面
1208,这款电视非常不错，家里很是喜欢，每个房间都装一个,正面
3622,1.机子看了5天了，挺好的，符合描述的硬屏，大屏，较薄，14kg。 2.画面清晰，赠送一年的会员，可以看腾讯VIP，但是只有超清影片才能体现4k的画质。 3.可以通过小鹰直播看电视直播，系统自带，但是某些电视台的画质非常不好。 4.遥控器简洁好用，如图。但是赠送手环是营销手段，咨询客服说只有300名。早说.... 总体超值超值超值,负面
1167,78寸放在家里就是气派，三星屏幕又大又清晰，观看体验很好，真的很喜欢，达到期望值。客服服务也很周到热情，有什么问题都耐心解答。物流也快，包装也好，线下服务人员态度也很友好，很满意的一次购物。期望音响也不会让人失望。,正面
3341,电视很不错，喜欢，可惜的一点就是不能看地方直播，能装更多应用就更完美了,正面
695,电视质量还行，价格不贵，但不很做电脑显示器,负面
2106,电视非常好，非常棒 55寸4k电视只是有点小贵。,负面
2717,差评骗人明明说有语音蓝牙遥控器，到家后发现不是蓝牙遥控器,负面
3303,微鲸电视很好，就是价格越来越贵了，希望耐用吧,负面
2823,电视大小可以～发货也挺快～不过今天一看降价了，特别不爽，说是七天内补差价，过了七天不给补～心情不愉快～差评差评～今天看了一下一起买的别的几家七夕做活动都降价了，都给补了差价～好吧，人家规矩严格些，也只能怪我自己买早了呗～大家买的时候看看日子哈～特别是买完了七天内天天关注看有没有降价，因为说不定第五天就降价了，只是你不知道而已就这么错过了～因为人家不会主动告诉你的，哈哈?,正面
804,电视很好，看着很上档次，清晰度高，音质好。送货和安装人员也很好。第一天预约第二天早上就去安装了。感觉挺划算。总体很满意。 晒单： 收起 向左转 向右转,负面
2856,电视机用了好几天了，刚开始出现过一次看电影卡死，之后没死过机，功能还是比较全面，自带的喇叭音质不行，不过可外接，也可以连蓝牙音箱，音质大大提升，画质质量很好，送的会员可以看，可以看的都没有广告，有些片子还是需要开会员，自带的盒子反应不慢，也可以外接电视盒子，家里用的移动20m宽带，1849入手，感觉有点贵！希望能用得久一些。,负面
984,送货速度很快。联系上门安装也很方便。出租房利器，以后搬新房了，也打算搬过去。液晶实在没必要追求名牌，大概是差不多的面板线，区别不大。功能也很齐全，没有坏点亮点，很满意。开始眼睛还有点不适应，现在越看越喜欢了，性价比很高 晒单： 收起 向左转 向右转 2017-12-28 15:36:22 追加： 4K的乘风破浪，终于有空看了，好清晰 收起 向左转 向右转,负面
2764,正好要买个电视，正好看到了微鲸这款55寸，比小米价格贵，但是冲着无广告，纠结了一会儿颜色，最终买了黑色，808晚上下单，9号收到，拆箱检测，一切OK，开机20秒以内，无广告，插头做的很有心。机器不算厚，屏幕还行，些许漏光，可以接受。总体可以。,负面
3836,"先订了小米4已下单但没货就退了，刚好微鲸55D2UK搞促销，只要两⑨⑨⑧，就下单了。第三天大件物流送货上门，拆包装接电测试没问题，第四天送的挂架才由京东送来，第5天预约了安装时间，第7填师傅上门安装，有挂架只收安装费壹佰。打眼，挂架，接电，联网，连蓝牙遥控器，测试，OK，完美。我的买点：1、IPS硬屏，6ms,4k高清，可外接电脑（有图）；2、接口齐全，HDMI*2，USB3.0*2，USB无线键盘鼠标测试没问题；3、支持安装自选APP（无线网络安装方式+U盘安装方式）；4、蓝牙语音遥控，有点AI的感觉。5、开机无广告，如果品牌LOGO不算的话。 不足之处：1、内容还是差了点，还好我自己安装的腾讯视频，买了VIP；2、外接电脑声音有失真，例如央视影音；3、无电视直播功能，官方APP里的电视猫分辨率太低，惨不忍睹，自己安装央视影音不能用！？？？4、启动还是有点慢，30秒以上。 用过一周再来追评。好久每认真晒单了。不完全为了晒单得赠品。",负面
3332,买了两个月 家里电视看的时间长一点就开始卡 打算来联系商家 问问怎么处理 打开页面看见电视又做活动了 前后买了两台 价格都在4000左右 今天打开看见活动价3598元 问客服 客服说30天保价 买贵了联系她们退差价 也是醉了 我电视买完了 难道还会天天盯着你们看看你们活动价是多少吗？我两台电视 总共买贵了800块 电视效果也不好 真是坑到家 最后问卖家电视卡怎么弄 居然叫我自己打电话给售后联系 真的是买完东西就不管了 反正这两台电视买的我特别不满意 以后不会再来了 也不会介绍朋友来买 大家看一下截图吧,负面
1200,物流快，这款机子大气超薄就是美中不足有点瑕疵屏不直不完美，叫老板换了一台就好了，要是图象再能亮净点就更好了。,负面
3354,电视装好了，电视还可以吧，我主要是喜欢看TVB，跟喜欢音质才考虑的这电视，质量还不错，关键是开机太慢，好慢啊，偶尔还死机，应用打不开，就会自己重启，这是我稍微有点不满意的地方。。,负面
1778,挺好的。,正面
2808,东西质量一般，还行,负面
1502,都说暴风电视不错，特地用了一段时间才过来评价！电视的清晰度非常的高,正面
2474,刚买了就降价 还送挂架，叫卖家补差价开始一直打太极不肯补。说了老半天只补差价不送挂架，一直推卸责任，很失望 看个电视剧还一直闪退不能缓冲 更失望,正面
1623,1212凌晨抢的，今天早上就到了，超级无敌快，一直都是用夏普，现在便宜了好多，太实惠了,负面
1124,送货速度挺快的 安装人员也挺好 直接全部安装调试好了。质量不错。会推荐别的朋友也关注这款电视机,正面
2512,一般吧 ，开机慢的要死，还不能看直播 下了看直播软件看起来也卡，不要说我网不说一百兆光纤,正面
884,帮朋友拍的、他说不错,正面
3045,派送服务不行,正面
537,不错,正面
3864,之前一直对智能电视半信半疑，网上评论褒贬不一，有说好的有说质量差的，这几天体验了一番，作为一个工作在互联网行业的摸爬滚打数年的特殊用户，我试过多款硬件不错的带互联网功能的电视，想说微鲸的界面体验是我试过国内最棒的没有之一，特别是输入法，打字速度较其它家是较舒适效率的，为设计师点赞。其次说真心话这个价格能买到这样性能的电视机算是性价比超值了，颜色和精度方面对大众用户来说也够了，除非是专业玩家，另外经常需使用usb等背后输入接口的用户劝大家不要装挂壁式，usb从背后即使是女生也很难伸进去，如果微鲸能为这个使用需求改善下接口的位置到边缘或者其它解决方案那就太好了，总体来说这次买的超值，谢谢微鲸，愿越来越好。,负面
3396,电视很满意，清晰度非常好，操作也简单，就是开机有点慢，还有就是不负责安装。,负面
3328,买的时候说有送电视支架送货的时候没有送，下完单就跌200块也跌的太快了，我自己有备用的支架和师傅带来的支架一模一样师傅不给我装还收我160的支架费用，太黑了了,正面
2537,还可以，就是屏幕有点反光，声音有点小。,负面
2810,巨坑！上个月买的2800 现在跌到2700 还有满1000减50元 坑！电视机质量也不好，画面不清晰。本来想退货告知已经超7天 真是后悔死了！,负面
1580,给好评吧，电视就无线上不到网。。。要插线才能上,正面
4262,听同事的推荐买了微鲸电视，他半年前买的另一款42嫉模但现在涨价1000，我就买了便宜的这一款，比他的42嫉幕挂贵。 便宜，画面不错，送会员，不过感觉资源不够新。。京东的快递真是让人惊叹，次日达不错。 不用额外的机顶盒就能看网络电视。 需要吐槽的是1.支架好单薄啊，就细细的两根塑料，对照海信的支架，我比较担心。2.插座竟然是两相的，线非常细，好的，你开心就好。3.开机时间太长了，我洗个大苹果，吃完了，开机画面还在让我耐心等待。 才买了两天，我过段时间再来。,负面
1726,宝贝收到了，给家里老人买的，双11下的单昨天才收到20天有点慢，老人都说好呢，服务超满意直接送到乡村，不知道质量好不好了，待评价,负面
1274,收到了非常不错，很满意。,正面
2621,这个总开关在电视机的右下角，不能用遥控器关，这点不是很好。语音点播功能试了下还不错，挺精准。看户外节目是感觉画质不是很清晰，颜色有点艳，其他暂时还没发现什么，价格很便宜，希望质量能有保证,负面
4257,刚买两天就降价，还说保价，结果还是不给退，无语，,正面
3130,5月24日收到货，自己安装了底座，晚上收看电视，外观和色彩都很满意，就是观看有线电视图像质量差一点，用网络收看图像还是不错的，还能把手机里的照片，视屏投影到电视屏幕上。还有许多功能正在摸索中，总体感觉物有所值,正面
3793,一年前买过55的，使用过程中没有出现任何质量问题，只是遥控偶尔不灵，不过售后及时更换了。相信微鲸！,负面
4161,很好，很清楚，很满意，就是装挂架收费有点贵,负面
2877,电视很不错，很清晰，就是有些资源还要用svip。这一点让我很不爽。然后开始的头两天屏幕有闪烁。跟客户沟通之后，客服让我恢复出厂设置，然后又升级最新系统。目前为止还没有出现，他让我再看看。头一次买微鲸电视。,负面
3478,一年前买过55的，使用过程中没有出现任何质量问题，只是遥控偶尔不灵，不过售后及时更换了。相信微鲸！,负面
2729,什么东西、勉强能用、没有语言功能、也说有、还得自配遥控！开机半天,负面
3003,客服态度差，产品描述不清楚,正面
4075,画面很满意，就是**员区有的电影看不起，还有的只有5分钟，郁闷。,负面
3548,一星都不想给，商家售后服务太差。送支架活动简直是给客户添堵的，收到电视没有赠送的支架，无法安装。联系客服说收货后7日发，第3天跟进，说没有登记需要登记确认后7日后再发。本来很简单的事情，商家可以申请售后安装免除支架费给客户提供方便，现在弄得电视放家里10天都没法安装。看网上都是因为支架给差评的。一个产品没有好的服务，必然不会长久，也许不久商业教科书会有一个支架毁了一个品牌的经典案例。,负面
516,房子刚装修好，迫不及待就要我公司电工帮我安装好了，画面很清晰，信赖康佳老牌子同时也支持国货?? 晒单： 收起 向左转 向右转,正面
3974,"显示效果还行，操作系统略卡。语音助手等于xujia宣传，因为需要你额外购买一个，在宣传页仔细看才能看到藏在里面很小的一行字""语音遥控器需要购买"" 不知道为啥今年电视机涨价这么多，去年买的微鲸4k 43寸才1298 今年一个1080p的都要1800",负面
2605,电器的价格变化太大，不过32太厚了，送父母吧，自己换投影仪去的,正面
2394,一般，反应不是很快,正面
3001,换的新机，不到一年屏幕就换了，不知道这次换的新机能用多久，从报修到换机用了半个月，反应速度极慢，而且微鲸官方的客户态度很差。,负面
3079,爸妈说很好?礼包还没到，暂时没挂壁,负面
1494,东西不错！很喜欢！,正面
1370,第一次网购电视，东西不错物流也很快。看网络电视画面很清晰，物廉价美。下次还会选择TCL,正面
1334,双十一优惠价，赞。电视大小刚合适，画面清晰度高。美中不足，底端比较厚。,正面
3201,东西收到了 快递小哥不认识路 辛苦了 电视机开机是挺慢的 其他暂时没发现什么问题,负面
3017,建议大家不要在网上买这种大电器，买的话要买大品牌的，因为大品牌售后好，这个品牌的电视，售后服务不是一般的差，退货什么都要自己来付运费，和客服说根本不管用，她对性能不是很了解，都是让你打电话，自己去找那个啊！他们的工程师，可能不是他们的工程师就是当地的维修员来处理。这才两天，电视开机，每次都需要系统恢复，恢复完之后就要系统升级，三四分钟，声音经常容易忽然没声，再一个就是如果用机顶盒看电视经常忽然之间自己跳回主界面。第一次从网上买大件儿，如果这俩天还得不到好的解决的话，那我肯定要退货的。,负面
2591,开关机没有广告，是选择微鲸的原因。电视的外观和画质还不错，喇叭效果和遥控语音效果不太理想，但对于不到3000的价位，还算不错?,负面
3723,买给爸妈的，家里还没有网，只接了有线电视。老爸说还没有以前的电视清楚，怀疑是不是有线电视接受信号不好，回去研究研究再说。物流很快，上门安装也很及时。把信任送给新生代,负面
2552,电视总体上说挺不错的。挑了很久，因为技术更新换代快，所以想着没必要买太贵的，微鲸这款电视性价比就挺高，显示清晰，流畅，暂时没有发现卡顿，关键是一年只换不修对产品给了点信心。不过毕竟价格摆在那里，所以也有些不足，在纯色高亮背景下可以看出极轻微的光斑，不过正常观看完全不影响也很难察觉。动态表现勉强合格，对高清体育赛事有很高要求的可能就要考虑多花点钱了。电视扬声器在我看来是最大的缺点了，声音太单薄了，就像普通笔记本电脑的扬声器一样，不过可以通过外接音响解决这个问题，就是有点麻烦。,负面
1536,给家里买的，很满意,负面
341,一天就到了，约了师傅来调试也调试好了，总体来说还不错，性价比挺好的,正面
1828,产品不错，性价比高，遇上双12就是物流比较时间常,负面
3126,有点气闷、买好后就降价、联系客服说让我拍下订单才能退款、那我只能再次预约、预约成功后拍下时却显示此地区不派送不能下单、什么意思？难道说我说的太早了、所以限制我拍下不想承诺退款吗？第一次碰到这样的事情、家电一直都是京东买的也相信你们的服务和承诺、结果这次太失望了,负面
1176,非常不错！！！！！！！！！,正面
412,价格实惠，电视很好，快递服务周到。,负面
1345,物流及服务都特别棒，更棒的是售后服务，给你们点赞,正面
886,东西不错，发货也快，价格也合适,正面
953,电视很好，价格也便宜,负面
3517,买电视还是要买大品牌，这个售后简直差的不是一般，购买当天首页显示送挂架，咨询客服一到三天就能到，三天后问又突然告诉我要登记还要等三到七天，然后各种订单号发过去，到现在给京东微鲸电话客服，都是互相推诿，每次电话都是从头到尾叙述一遍，告诉你找厂商、你找京东，一会说没货了，一会儿说先找人安装，一会儿又说厂商安装的不是原装，赶紧给你寄出，一会儿又说没货了，一个挂架有那么多事吗？特别是微鲸客服拽的二五八万的样子，网购这么久还第一次遇上，小品牌售后跟不上，承诺不能及时兑现就不要黑字白字写上，一看评论大部分差评都是因为挂架和售后，哎，广告做得好不如实实在在做事…,负面
3558,这一星是给电视本身的，微鲸的客服我只能给0星，趁着618买的电视，说的凭交易截图，订单号等信息登记，可赠送挂架，我在618当晚就跟客服登记，客服回复好的，结果等到6月25号再问的时候告诉我没有登记，因为我没有晒单，请问当时的活动哪里有写要晒单，跟客服登记的时候客服也没有告诉我要晒单，现在过了一个星期了告诉我没登记，玩我呢？另一个安装费的问题，618的活动是挂架安装费100，我25号问的时候傻缺客服告诉我169，我反问不是100么，她又说是的，你们的业务能力为0吧？又告诉我可以打电话给400预约安装，师傅会带挂架来安装，我打了400告诉我师傅带挂架的话是169，我需要先等赠送的挂架来了才能安装，这样才是100，那么傻缺客服干嘛让我现在打电话预约安装呢？一会儿换一个客服跟我讲，说来说去还是没晒单的问题，现在登记的话还是要再等7天，那我之前等的7天白等了？你们工作的失误让我来买单？No way!后来干脆告诉我收到货后才能登记，bull**！一群不知变通的NC。跟这群NC已经无法沟通，我只能给差评了。如果客服在下面解释，我也有截图为证，不怕理论。,负面
2923,清晰度蛮好的 广告很烦人 送的会员用处不大 很多剧也是看不了的,正面
4139,老实说挺不错的！就是物流太慢了。都申请退货才来,正面
2433,开机有点慢，其他没发现什么问题。,负面
1332,一直看好京东，物流很快,正面
3108,大家买之前还是问清再买吧，太坑了，买回来才知道安装还要收费，而且贵的离谱！,正面
1493,速度快,负面
3142,买来用的卫星锅，一般般，不清楚，色彩有点艳丽，问客服客服说就这样。,正面
1393,好用实惠，快递哥很给力，辛苦了！我一直用这个牌子！,负面
2067,第二台微鲸，漏光没大家说的那么严重，坏点粗略看了下没有！就是屏幕下方中间有一异物，估计是塑料件的毛刺！影响不大懒的换了！曲面看起来并没有啥特的感觉！还有就是会员略坑，当初199，现在299！还多了个钻石会员！总体满意吧！,负面
3104,"#喝雪碧赢微鲸,大屏赢不停#骗子公司，电视根本不发货！@雪碧 @微鲸 @微鲸电视",负面
3665,屏幕感觉不错，很清，但是边角位置有点灰边的感觉，开机速度有点慢，虽然没有广告。总体还是不错的，3588也算值了,负面
1432,宝贝收到了，物流超快，安装很好，超值。,正面
2689,这个总开关在电视机的右下角，不能用遥控器关，这点不是很好。语音点播功能试了下还不错，挺精准。看户外节目是感觉画质不是很清晰，颜色有点艳，其他暂时还没发现什么，价格很便宜，希望质量能有保证,负面
749,很满意下次再买还会再来的。,正面
750,风行电视，画质清晰，智能化多功能，适合年轻人～ 2017-12-23 11:12:43 追加： 界面简洁，实用性强～,负面
335,感觉还好，晚上下单，隔天就送到了！,正面
2815,做工只能说一般般，画质没有其它电视对比，看着还行吧！系统流畅，功能也比较人性化，安装软件什么的都很方便，遥控语音功能还是很实用的，而且开机没有广告。,负面
2094,挺好的。送的东西很全。就是膨胀螺丝塑料的不好,负面
3349,喇叭太差劲，有点小卡，界面不是很友好，与泰捷盒子差太远了，但播放效果色彩不错，漏光较多,负面
2079,很好！就是大螺丝套质量差，锤子一敲碎了！,负面
1122,这个价钱算比较值了，毕竟49寸，暂时用没有任何问题。自己买了挂架自己装好，性价比比较高,正面
1561,39寸，对于小房子来说也还可以。安装+挂架80，安装师傅很好，上午送的电视，下午厂家就来安装了。,负面
3990,包装完好严实，两天送达，物流超快。开机要三钟以上，烦。图像清晰，语音识别度很高。秒杀，多少秒啊，害得我9日凌晨起来秒，谁知24小时还没秒完500台。第二天还接着又是秒杀日。感觉心塞。早知这样，我就安心睡觉到天亮。,负面
3541,卖家超级无敌赞的 电视也不错 送货拖延了点时间也立马解决掉 无限好评！,负面
3178,"安装费太贵,电视竟然只有8G有点垃圾、后期肯定卡",负面
3918,以前没听说过微鲸电视，没了解过这个品牌，感觉价格合适就下单了，果然没让我失望，音响挺棒的，屏幕高清，4K看起来很过瘾。 最不满意的是，电视机不是超薄的，还有一点讨厌的是屏幕出现过几次忽明忽暗，不知道怎么回事，如果再出现这种情况，我就报修了，总体给好评,负面
173,电视到了，很不错，安装很方便。但是送儿童会员月卡还没送，客服说到时会发短信给我,正面
157,双12买的电视～发货速度很快～第二天就送到家里了～当时打电话安装师傅很快就到了～外观很漂亮～图像清楚！关键是前期服务确实不错～,负面
2321,亲们注意啦不要在被骗了，买电视的时候服务对你是真的好，电视遇到问题他们就一个推一个，或者就是400电话他们什么都不管，态度超级差，服务也差根本没有后期的服务。在他们买了3个了而且掉价太快对我们根本买家太不公平，这次发过来的电话屏坏了还要强行让我们收货才给换。收货以后要等10-15天时间太坑了一个小品牌既然这样大家注意啊深有体会。,负面
2338,电视机挺好用 还可以放大图像 可下载直播 就是没有电源开关 赠送的会员基本用不上,负面
2841,用了段时间了，很不错，就是现在又降价200，很尴尬，电视用着很流畅，2g的运行内存不是盖的，视频源还是挺多的，就算有的看不了还可以下载其他视频软件看，内存大16g，不怕下载满，电视的音质中规中矩，不过可以外接家庭影院，接口还是很丰富的，usb3.0插上我的usb3.0的u盘，下载点ts版的电影，速度快，电视画质真好，色泽好，动态表现的帧数也可以，外观可以，很不错。,负面
2239,哪儿都好，安装太坑人,负面
2826,电视真的很好，显示清晰，看电影也很快，不卡，问题是刚买就降价，当时工作太忙忘了申请价保。这点很不愉快。,正面
1702,非常满意的一次购物。跟产品介绍的一样，功能强大，智能电视 ，画面清晰度很好，看着就是种享受。不多说了，看电视去。,正面
1427,飞利浦大品牌而且价革特别亲民声音特别好,正面
3521,一直很喜欢微鲸电视，这次给小朋友的卧室买了一台43寸的。京东618活动非常给力，价格便宜，量又足。我没想到现在的电视机非常的轻，只有八公斤，太方便了。不过页面上，之前问客服说下单之后有挂架送的，问了送配的人员，他们说可能是分开送的。我也不知道到底他们还送不送了，心里好难过。这款电视机原配的遥控器是红外遥控器，不带语音搜索功能比较不方便。客服说晒单有送蓝牙遥控器，希望早点能够收到，蓝牙遥控器怎样给小朋友使用的话就非常方便了。页面说话，618活动还送手环，希望能够早日收到手环,正面
2409,电视很好，清晰度高。速度快。价格便宜。操作方便容易上手。就是开机有点慢。期待质量很好。,正面
596,性价比高，对比过其它才买的，不错非常好，物流也快,正面
166,大品牌 防静电包装 值得信赖！,负面
916,949买的32寸电视，性价比很高了，老人自己之前买个电视，还是先锋的，32寸，还要1200，坏了没有售后，只能找guo美还是su・宁的售后，上门就50，还不管修理费，果断换新的，相信小米售后能强很多。,负面
2869,去年618买了一台小钢炮，用的挺好的。前几天屏幕摔坏了，等不到618买了台海尔的模卡智能电视，竟然是webos系统，没有支持的软件，天啊，这也叫智能？果断退货。等了三天，808早上，也就是昨天早晨零点，又抢购了一台维鲸小钢炮，今年竟然比去年贵了1000块钱。当天下午竟然就送到了而且安装好就用了。用了一年维鲸小钢炮，还是习惯了它。手机连接电视，软件安装，各种安卓直播软件想用就用。一如既往的支持。,负面
3376,物流很快 开箱验货也不错 就是赠品发的有点慢 还没到,负面
1475,京东购物快递一直很快，这次也一样，电视上门安装师傅也挺好，目前还没用，用后追评,正面
4195,很垃圾，买了两台电视，账号不能通用，如果送的会员到期，到时候还要买两个会员，一个会员只能用一台电视。我靠。屏幕偏暗。后悔中。。。。,负面
311,很不错的一款商品，很满意,正面
546,买给老妈看的，老妈说很漂亮，老人喜欢就好,正面
3690,之前对微鲸不了解，京东6.18才知晓这个品牌，经过反复比较，选择了微鲸。下单后一直忐忑，总是各种担心。送货师傅主动开机试机，安装师傅及时上门安装，整个过程十分顺利！现在感觉很满意，很开心，选择微鲸没有错。 只是新房子暂时没有安装宽带，也没有有线电视，只能移动硬盘拷贝电影过来看。没联网好像语音功能也不能使用。更多功能只能等待安装宽带后再体验了~~~,负面
2441,试看了一晚，视频资源很给力，但系统不太好，开机太慢，？,负面
968,给家里买的，不错,正面
4094,很好，非常不错的电视。完美屏，除了界面不能把自己下的应用放到最上面。建议改进系统。,负面
3372,画质清晰，外观整天比较满意，只是这物流真的超级慢，好慢啊好慢啊！,正面
2273,电视一般，现在还没有出现问题,负面
1803,画面清晰色彩真实不错,正面
1071,非常好 客服非常好 五星好评,正面
581,东西非常好，物流配送服务好,正面
2818,差评！差评！差评！！！买回大半个月降价400，问客服，说15天价保，感情就是卡着15天降价的吗？就是说不通，太不人性化。如大家碰到这种情况建议退货重拍（天猫客服说的）或更换平台，京东价保一个月，客服从不说二话。愤怒！！！,负面
831,我觉得这是一款，性价比非常高的32寸电视，根据它的配置，外观，颜值，使用率，反应速度，都非常非常满意，而且价格不高，比传统品牌，要好，有好处不少，只是行动，支持京东，支持京东快递,负面
604,电视机不错，我们已经买了两台了,正面
1266,挺好的，挺好用,正面
4142,微鲸的性价比非常好，一开始，犹豫很久，最后选择了微鲸，没有失望，这个价格买4K，而且是55寸的。购买的时候还在黑色和金色之间犹豫了一下，相同配置，到手后发现金色非常大气上档次，有一点要提就是买电视不仅仅是买配置了，节目资源的整合也是挑选电视的50%，而资源内容方面了解之后微鲸做的还是很不错的，然后就根据空间情况选购。总之这次购物体验还是不错的。一开始物流配送发错了货，折腾了两天，昨晚收货，接电开机注册成功，今天看了一下，暂时没遇到的问题。就电视本身来说我还是比较喜欢的。好评！,负面
4280,一分都不想给，京东这次让我太失望了，买的电视没有声音，说是退货上门取件，规定好的时间不去，一直拖着，联系客服，客服也不回应，千万不要相信京东自营，说的特别好，做起事来，你就知道了，这次真是太失望了！,负面
2691,7月28号订货，潮州缺货，预估8月2曰送，没问题，还没收到货，8月8日又做活动，联系客服申请价保，相差150元，客服同意返100元，然后送个挂架，OK了，就等挂架及返100元现金，但说实话，实惠，对比原来的kktv(有运动补偿)内存2加16是好点，更流畅，屏幕漏光控制更好，但色彩还是有差点，偏黄，但清晰度不错，京东方国产的屏跟LG的差距不大，最少漏光方面更好，说实在，买这电视不后悔，平民的选择。,正面
3309,优点：硬屏，系统简洁，无开机广告! 缺点：价格多变，一会儿高，一会儿低，有价格欺诈之嫌，或为获取超额利润，边框为塑料材质，两个底座支架很小，感觉不够稳当，远不如去年一代LG硬屏配置，当时到手价格两两nine nine。,负面
2173,电视不错，接口丰富运行速度也很快，无线看电影没有压力，只不过唯一一点不太满意的就是看会员电影时候需要多试几次有时经常链接补上，总之很满意,负面
2792,开机就看得出来色彩不均匀，开机反应速度确实比较慢，和我家另外一台55寸的乐视比，清晰度确实太差了，4K的还不如乐视1080P的片源画质好，电视做工也非常的差，面板四周的这一圈不知道是塑料还是什么材质的东西，离液晶面板空隙不均匀，显得档次非常的低，售后退货也很麻烦，如果要退货需要先预约技师上门，检测好以后才能退，非常的麻烦，像我这种一个月在家住两天的，根本没时间周旋,负面
2285,老爸老妈觉得一般般 家里已经有台大彩电了,负面
1742,性价比很高，还是对的起这个价格的。就是送货太慢了,负面
2365,电视还不错，就是安装要100元，还要用他们的挂件，果断自己安装，新机需要更新数遍，不太方便，还在更新中,负面
1639,画质很清晰，挺实惠的~~,负面
4054,去年双11买了一台微鲸43嫉模使用下来感觉不错，所以这次6月1日活动有买了一台55嫉模到货后看着外观大气，开机画面靓丽，画面色彩平均，没有明显的偏色，四周漏光控制的不错，虽然在注册会员上有点问题，但经过客服耐心处理。已解决，总体满意。,负面
560,电视十分好，安装师傅很细心，服务周到，心里暖暖的，点赞，点赞，点赞！ 晒单： 收起 向左转 向右转,正面
1909,不错，就是系统不太好，不适合老人操作,正面
4044,"东西两天到了，55寸感觉好大，这是我买的第4台微鲸电视了，两台43寸（其中一台4k）,一台50寸4k，现在是55寸4k。送货员帮搬的，还给验货之后才签的名。前三台用了一年多，什么事都没有。体验很好，还有我喜欢看的TVB粤语港剧，只是有点不好，每年都要充值VIP而且有点小贵……",负面
3324,刚买几天就降价了！然后京东不给补差价 所谓的京东购物体验,正面
58,一如既往的好评…拍来送人的。朋友很满意。,正面
684,"很小的时候，家里用的就是乐华电视，那种crt的，现在家里两台电视也都是乐华的，质量真的没的说，国产电视性价比最高的，新买的这台t32,性价比更是高的离谱，1.2k就可以买回台曲屏电视，真心不错。安卓4.4.2也很稳定。网络响应时间也比较短，一句话，还是挺不错的。",负面
2956,"微鲸的服务真的太差了……买了电视放在家里一直没安装，12号打了电话，说要安装下了紧急工单，说12号能安装，等了3个小时,师傅说太晚了，约到19号，19号等了一上午都没有来电话，没办法又打了客服电话，终于在19号安装好了，花了50快钱，安装后发现太低了，第二天想挂在墙上，老公打客服问能不能给119，毕竟只隔一天，打了客服电话，问属于多次收费么，厉害的客服直接挂断两次电话，做服务行业的没看到过比微鲸更差的。网购这么多年几乎没有给过差评，第一次这么认真去评论。关于这个事情我们会打315咨询是不是属于多次收费的，如果不是我给钱没问题，至少要维护一下自己的权益。配送员没得说，很负责。",负面
3399,电视总体还不错～就是下单后没有现货的～要等3天才安排送货过来～送货师傅也送货上门～不错～～安装也要另外预约～就装底座～已经自己动手安装底座～可以看了～效果不错～网络还没试～试了再来评价～,负面
758,活动价跟划算，屏幕清晰，没有问题,正面
2065,产品做工一般般，后壳接缝大。开机检查发现坏点后联系客服，处理………,正面
4232,买了两款电视，55寸的表现出众，性能强劲，性价比很有诱惑力。这款32寸的就稍显不足，款式陈旧，性能一般，价钱没优势，略感遗憾。,负面
1637,电视很好，值得信赖,负面
1415,物美价廉，做工考就，外现时尚，多年的老品牌值得信赖,负面
3308,以前买过55的用起来不错，这次果断再入手一台。不过涨价好多呀。,负面
2838,收到微鲸的那一刻是惊喜的，无论49寸的，50寸的，55寸的，还是小钢炮43寸的，每一台都是让人称心满意，挑来挑去还是看中微鲸的，不愧是潜力股，喜欢他的4k体验，蓝牙语音，瀑布式的界面，老人小孩都操作简单，也不会有错误操作，省心，资源也是特别丰富，可以另外安装应用，我觉得各方面都是挺满意的，音响之类的也没有瑕疵，哈哈，家里我之前买了3台，这次又给娘家买一台也算见证了微鲸的一步步壮大，唯一让我不满意的就是这个价格，我很生气的，昨天买的时候说是秒杀，今天静悄悄的又降价了，赚钱不容易啊，这样跳来跳去的，真的很让人无语，好在京东客服比较给力，给我申请了保价，不然我心都拔凉拔凉的了。总的来说，还是不错的,负面
2280,功能强大，性价比高，美观大方。唯一美中不足的是遥控器和说明书太简,正面
3683,严重不满意。开机也慢。最重要的是没得诚信，大家自己看，一点信誉也没得，哪个买了哪个后悔，大家自己看！,负面
729,电视不错的!就是商家没配装语音遥控器!商家服务方面都好!,正面
2450,先赞一个京东快递，第二天就送到了，快递小哥搬上楼还给底座装好通电设置好了才走，棒棒的，再来说电视吧，色彩还是挺好的，设置比较简单，界面和电视猫的界面一样，性价比很高，也有缺点比如开机速度有点点慢，电视的音效不怎么样，底座装好后还是有点晃，建议还是买挂架给你们看看电视腿，买的时候到处找不到图,负面
2197,顺丰包邮 看了一个星期才来评价 屏幕 画质没得说 控制界面也简单 语音搜索节勉强 唯一就是喇叭到一般般 想听好音质 建议外接喇叭,负面
3569,架子还没到，先支起来看看，不错，爸妈很喜欢，机器很薄，挺漂亮，语音选择，很方便，不过我的普通话它不太认?,负面
2671,无语了 不能差评 我也没办法 首先 我只有一天有空 我叫客服星期六发 等了一星期 只有快递 也不提前告诉我要提前预约 预约的话又得等 快递也不脱鞋 不脱鞋也就算了 直接踩脏我的地毯 电视不是我拍糊了 是真的不怎么高清 我之前是看评论说颜色不错 比夏普好 我就选了微鲸 然后就开始后悔 底座是我自己装的 第二个客服告诉我底座字母有左右之分 我说字母在哪我没看见 然后他，就不知道 等了半天告诉我 她记错了没有底座 能不能专业一点 最后效果还这么不满意 我的幸福感都没了,正面
3345,一天多就到货了，安装也很快，暂时没发现什么毛病，音效确实不错，不愧是李健创立的品牌，性价比高，操作也简洁方便，速度也挺快的，各方面还有待考证，就是自带的安卓看电影电视很卡，老是在缓冲中，另下的就不会。还有屏幕漏光挺厉害的，透光也是，做工还有带加强，不是全金属外壳，还有要求会员的片太多，不是会员几乎看不了什么东西，你们的会员并没有这么值钱，建议买微鲸电视送永久会员！！！,负面
1944,"4.5故障,下午报修 4.6微鲸上门检测出具报告,装箱打包 4.7京东换货完毕 感觉暗了点,色彩不如原来",负面
3313,之前买过微鲸电视，真的是被惊艳到了，系统超级人性，很好用，最近就又买了，液晶电视涨价太吓人，比去年买的时候贵了快一倍,负面
725,前天下的单今天就到了，质量发个视频自己看。,负面
3407,什么玩意，京东卖的套餐，告诉我不管安装。客服态度还极其恶劣。让我自己想办法，要不退货。对于这样的售后服务，简直了。,负面
591,很好，电视很清，值得购买！京东的品质，平台都很贴心！家里的手机，家电都是在京东平台上买的。售后也快！,负面
2229,电视很好，京东配送的及时，给爸妈的新年礼物。但是上门安装需要厂家派人，还要收安装费，这个表示有点不太好，希望京东和厂家协商，得到更高的客户满意度,负面
1516,这个屏幕十分的清新，外观十分的美，好好好好好，好的东西，说三遍。,正面
1116,这已是买的第二台风行电视了，前面那台是55寸的，使用至今非常不错，软件安装，清晰度，片源更新快，儿童动画片片源多儿子喜欢，遥控器操控灵敏度高。这次是趁1212把卧室的tcl给换了，那机子操控慢，遥控器不灵敏，操作系统超级慢半天没反应因此才换成这台49寸风行电视，希望能像55寸那台一样满意。,负面
1072,长虹电视不错真的好，家里人看看都说好,正面
3650,很不错，开机有点慢，系统升级了，开机快些了。,负面
1871,自营，品质保证，推荐的！,正面
2959,电视机本身目前观感还好，只是收货和挂架安装的体验不佳。 1、生产日期是一年前的，纸箱上积的都是灰，都没想去清洁下再发货，第一印象差评； 2、预约挂架安装，客服电话推荐微信。好，微信是有此项服务，但是安装地址的选择根本点不进去，目测和输入法有冲突。换了部手机还是有同样的问题，折腾半天只好再打电话预约； 3、上门安装人员，开门第一句话是问你有没有鞋套！请问您上门做服务，相关的准备不提前做好吗？！重要的不是鞋套，是这种服务的意识根本不到位。,负面
3788,去年1299元购买一台微鲸W43F，觉得不错。打算再买一台，谁知涨价了。经反复比较觉得还是微鲸性价比高，最后决定升级55寸4K大屏。内存2G+16G，还有语音遥控。悲催的是遥控器可能是坏的，正在申请售后。希望不要出什么麻烦。,负面
2996,差评 服务态度差 搞活动还有内幕,正面
934,不错的选择,正面
3945,电视的音响效果没的说，相当满意！屏幕是完美屏，确实是4k屏。 我比较喜欢的是没有强制开机广告，现在的智能电视基本都是开机强制广告，这点非常讨厌。 微鲸现在的价格也上来了，否则优势会更加明显。,负面
2517,1.开机3分半，但是没有广告，虽然无广告，但是开机也太慢了点吧，热开机就很快，几秒钟。 2.进入系统后，反应挺快的。 3.手机可投屏，我的是苹6sp，且电视遥控器还可以控制进度，挺好。 4.很清晰，亮度好，语音遥控器实用。 5.mac book air也可以投屏，但是有点问题，不知道哪里要设置还是怎么样，体验不好，学习中。 6.屏保挺好看的。 7.音质也还可以。 8.手机可以联电视，适合放手机里的歌。 就是开机慢了点，可能是安卓系统的通用问题。,负面
2412,电视机算不错，开机待频好慢，领取会员操作好麻烦，几天了至今没领。,正面
3847,自己安装特别简单..清晰度很好.我爸妈俩老都说不错，试了语音遥控还可以.就是音乐不能语音遥控--音响真心的不咋样，有待提升--可能是6.18原因吧物流特别特别慢！总体感觉上还是老人家说还可以-都可以简单的操作。,负面
1601,非常好，以为大了，看了一下还可以，看电影好,负面
113,年会奖品，屏幕色彩不错,正面
4238,硬件一般，但是软件很棒，,正面
3080,本来是想等系统自己确认收货的。但微鲸旗舰店必须要我先确认电视收货，才会给寄给我自己花钱购买的大礼包。店大欺客没办法，两个客服翻来覆去的就说是他们内部规定，要确认收货才寄大礼包。但我要他们拿出我购买大礼包页面上有相关寄送相关规定，他们又拿不出来。这是我网购的第一个差评，送给你们微鲸,负面
845,电视机可以，画面很清晰！,负面
2660,还不错，对比小米电视，菜单的反应速度和应用安装运行都算优秀，不过当晚装了一大堆应用后假死过一次机，按键无反应卡了一会儿才恢复，另外投屏，声音和wifi链接速度不错。可能只有720p吧，靠近了看效果就一般般了,负面
1480,不错！,正面
1959,电视很便宜，只要1三四九就能入手，真心值，除了有点小漏光，系统流畅。,负面
3678,显示效果一般，色彩过度不平滑，语音功能比较鸡助，不过价格合适，性价比比较高。,正面
373,还不错，看起来也可以，也不贵，自己觉得物有所值，。。。特意买了对比了一下，不错，还可以弄u盘。。。。,负面
3055,唉！这个速度着实有点慢啊，15号拍的 18号下午才收到，预约的安装师傅都来了，电视机还没到生生的等了一小时啊，电话打过去说是第一户人家家里没人 在等人，我是觉得人不在么你可以先去送其他几户人家的，你还一定要等一户一户这样子送来，未免太死板了吧！唉！真的是没的说啊，没送货前么也给我电话 说40分钟左右会到我们家，反正我们是等了一个多小时，如果你40分钟不能送到的，那这个电话就别打了，我们都在上班了，特意请假过来 白白的等了一个多小时，电话打过去催，态度还很差，好像是我们的错。京东的售后真是叫人心寒！！！,负面
3829,没有想像的好，画质一般，音色也一般般。,负面
2343,还可以一般般,负面
2782,我只能说买了个心塞，拿回来还没看就屏碎了，太脆弱了，2千多就泡汤了，还是大品牌可靠些，只说我太衰了，网上买须慎重啊！什么只换不修的说词太坑了误导人,负面
1175,一直想着今年双11入手一台平板电视的线下实体店线上各平台纠结了很久最后机缘巧合选择在京东这里入手到货很快简单安装后就开始欣赏节目了大屏幕真是让人欢喜,负面
2896,性价比超高，只是有一点点遗憾，看有线电视，画面无法全屏，经咨询售后，说是与广电传输有问题,负面
2714,　　我是8月8日在淘宝官方旗舰店买的微鲸电视49D2U3000电视，8月10号收到电视后，发现遥控器连接不上电视，当天晚上打客服电话，登记了信息，客服说会个我重新发一个新的遥控器，现在已经8月14日了一直没收到新遥控器，淘宝客服和售后电话也都一问三不知，相互推脱。请问这个新发的遥控器什么时候能发送？物流怎么查？,负面
3886,电视机到了，送了一年的会员。但是电视剧周围一圈边框的做工有点粗糙啊，好像磨损一样的，总体还可以吧,负面
3197,电视机清晰度不错，开机有点慢，自带看片软件里绝大多数电影、电视剧都需要白金 会员，不知道一年以后咋办？？？,负面
410,不错,正面
2809,刚换的，希望别再坏了。,正面
574,夏普电视大品牌，值得信赖,负面
4172,电视机反应比较快，自带一年铂金会员，多数视频都可以免费观看，4k电视和2k个人感觉清晰度区别不大，图片是漏光测试。个别客服服务较差。,负面
3819,反应快，操作流畅，资源丰富，金属后背，原来看图以为是塑料。就一点，感觉音质一般。,正面
760,第一次买暴风电视。。。感觉还不错，很画面清晰 晒单： 收起 向左转 向右转,负面
3338,有点气闷、买好后就降价、联系客服说让我拍下订单才能退款、那我只能再次预约、预约成功后拍下时却显示此地区不派送不能下单、什么意思？难道说我说的太早了、所以限制我拍下不想承诺退款吗？第一次碰到这样的事情、家电一直都是京东买的也相信你们的服务和承诺、结果这次太失望了,负面
1394,性价比很高，内容在丰富点就好了！,负面
2758,老实说 与想象的差距很大 画质可以用烂来形容 适合要求不高的吧 背光不均匀 背光有竖痕的感觉 升级版漏光吧、、可是价格真的很低了 而且里面的内容比我买的爱奇艺会员的内容还要多的多 这点值得点赞 说300的vip 真的很值这个价！,负面
2868,很好，没什么问题～就是价格贵了～,负面
2586,电视机用了好几天了，刚开始出现过一次看电影卡死，之后没死过机，功能还是比较全面，自带的喇叭音质不行，不过可外接，也可以连蓝牙音箱，音质大大提升，画质质量很好，送的会员可以看，可以看的都没有广告，有些片子还是需要开会员，自带的盒子反应不慢，也可以外接电视盒子，家里用的移动20m宽带，1849入手，感觉有点贵！希望能用得久一些。,负面
1183,超级保很好哈哈哈好太好了简直不好意思 继续支持谢谢大家,正面
1676,购物上京东放心，送货快服务好,正面
2793,礼品收到了。电视基本满意吧，有一个问题就是发热挺严重的，调到夜间模式会好很多。优点：显示效果好，遥控操作简单，系统流畅。对了吐槽一下屏幕缝隙问题，买之前看评论也有人吐槽过。希望能提高一下品控，支持国货，加油！！,负面
1281,又11买下的，优惠了一点，外观蛮大气的。,负面
1641,p12下的危今天上午就送到了。已安b好，清晰度不e。L虹，值得信！,负面
2246,垃圾！骗子！套路！蒙一个算一个，大家千万不要上当，看他回复那得意的样子，垃圾！垃圾！垃圾！,负面
562,买电视就喜欢sharp 很棒,正面
505,小米电视性价比高，暂时还没有使用，测试是OK的,负面
446,不错,正面
640,不错,正面
2855,电视很不错，各方面性能也好，老爸很喜欢，性价比高，值得购买。,负面
2456,有时开机系统加载有些慢，其它都好用,负面
3302,微鲸的电视还是不错的，就是为什么现在电视都卖这么贵啊,负面
4248,这价位的话算32寸里不错的，塑料外壳有点低端，做工一般，屏幕显示效果也马马虎虎，没有物理开机键，通电后自动开机有点不人性化只能长时间待机，接口还算齐全，开机慢内存小装不了多少app，一般看看机顶盒也够用了,正面
2481,物流一送来 当面拆开，ok 完好的 ……但是 为什么 连上电源，左下角的灯亮了几下，然后 ……就没有然后……一直黑屏……黑屏………几个意思？？？联系客服 客服给个电话找售后……售后的态度挺好的…但是 没解决我的问题啊！2k+ 不可能买个摆设吧？！咨询可否退款，售后说 开箱了 就要给100的开箱费！what？难道我花近3k买一个烂电视还要付100元退货费？赚钱不是这样赚的吧,负面
3911,先吐槽一下物流跟网站。订单上写的配送时间8点到18点，约了好几次， 每次都说下午四点半就结束了，拖了一周，约定周六9点，来的时候都十点半了。开机后，在电视上扫码注册账号，用微信、qq、微信、手机号试了很多次，一提交就显示空白页面，换网站操作也一样。打客服电话，客服只会重复一样的话，最后还是在线客服微微帮忙注册的。电视本身不错，画面跟音响都可以，连接联通ip电视、硬盘、电脑都没问题，播放很流畅。而且接口都在一侧，插拔很方便。自己装的底座，电视太大不是特别稳定，准备换成挂架。,正面
1708,音响效果很好，画质清晰，很有档次感，价格不贵，真正的物美价廉！,负面
241,刚开始对比了好几个牌子，最终选择TCL，老品牌的东西质量可以放心，主要是他们家的音箱好，打开试了确实不错，做工很精细，外观也上档次，对得起这个价钱，性价比很高。快递小哥很给力，我们这电梯还没运行，小哥直接抗上楼，早上送来下午安装，服务很到位，对这次网购非常非常满意。5星好评。,负面
1487,电视画面清晰，节目丰富，不错哦,负面
1736,物流快，东西没得说，就是安装有点坑，自备花架不给装，必须用索尼提供的，后来就自己装了哈,负面
321,什么也不说，绝对5星，我在网上经过几天的评比还是决定对暴风50X下手，11号下单12号下午就到，京东之快，送货员还在我家门口等了二十几分钟，不但没生气还同我把电视检查无质量问题才付款，我自己不会装座架（笨）就打电话给京东，十几分钟就来人免费安装了，服务一流，电视图像音效都让我很满意，我决定今后都在京东购物了。,负面
563,视觉效果不错,正面
4,用了这么多天了，感觉还不错。夏普的牌子还是比较可靠。希望以后比较耐用，现在是考量质量的时候。,正面
1654,不错大小合适，系统流畅，外观简洁大方,正面
3544,值得购买，下单第三天就收到了，物流很给力好吧，因为挂架还没到，所以只能这么放着了，好着急就等着安装看啦，哈哈，电视机非常棒，等安装完再来追加评价！！,负面
2102,质量不怎么好，屏幕与边框缝隙大，用手指动一下，屏幕还往里陷,正面
210,东西已收到，第二次买还是三星，客服人很好谢谢!物流很快送货的小哥认真负责人很好帮开箱通电.画壁电视很漂亮，特别是边框。非常好,正面
233,以这个价位来说不错了，在期望值内,正面
3570,金色的挺漂亮，机身很薄很精致小图标设计很可爱。遥控器的款式，手感也喜欢，因其功能较多，通过几天的了解已熟悉了基本操作。感觉开机有点慢屏幕色彩偏冷，图像、 画面非常清晰，显示效果高级细腻。但这也牵出了它的缺点 ， 感觉人像的皮肤偏白 是 因为人物面部的汗毛和扑的化妆粉显示的太清楚了。但是看有线台图像、 画面效果就是正常的，人像的皮肤也红润健康了。总体感觉挺好，性价比高，完美！ 1感谢所有的客服人员的耐心，细心，贴心的服务，这种服务是专业的，走心的棒棒哒！特别是客服独角鲸不厌其烦，服务态度极棒。物流很快很好。,正面
1760,"我是*购买的创维65H7，电视就是试了几个钟。本打算买65G8S的，最终还是选了这款！65h7，cpu是a73，内存ddr4，但是闪存可用只有*G。内存呢只有980M可用，电视机整体设计时尚，显示效果很惊艳，U盘上2K高清片源,清晰度算可以，色彩就是太鲜艳，看起来有点别扭，图片显示，也是4K高清图，色彩异常靓丽。手动升极了酷开6.07的系统，系统响应速度快。视觉无边框，无边界方显大视野；2GDDR4+8GFLASH，配置好电视才能运行快；电视外表整体做工还行，再有就是安装师傅态度好，晚上七点多来装，就是装上去后有一点点歪，买了安装师傅活动支架*元！自带的支架有点差！上面写的是32寸到55寸！京东购物可以，物流快！京东的价还可以，价格没买高，可以保价，另外有一点遗憾就是插连接线和U盘不方便啊，每次都得把电视移出来再插！电源线在右边，我插头在左边，线不够着，得另装插座！另外现在创维已经不支持U盘安装了，我装电视猫都不行了，自带应用市场，个人感觉有点少啊！早知道不升级系统就好了！",负面
3389,朋友家用的就是微鲸，很不错！虽然物流很让人失望，但电视不得不说还是很不错的，55的比照片照的大，也许网速好，没有缓冲的情况出现，很流畅，虽然资源不多，但很可以了，这个价钱挺好的，使用一段时间，再来评价！感谢客服长须鲸！好评！,负面
2703,第一次收到货后，发现屏幕坏点，然后申请换货，前前后后经历了近十天，客服中间效率很低，只会说已经反馈或者已经申请了，好在很多天过去后，售后主动联系说要封箱然后才可以发货，封箱后第二天就收到电视，对着点还算满意，但是中间耗费了很多时间，本来很简单的事，非要拖这么久。 说一下电视吧，屏幕质量一般，只能说勉强对得起这个价格，整体做工还需要改进。 资源上，基本上都是腾讯的，并不丰富！经常感觉还是切换到机顶盒看联通iptv好了！ 软件上出现一次进去点播时突然黑屏问题，长时间都不能恢复，也没有反应，只能断电重启。 ps今天发现u盘识别问题，插着U盘开机后，发现插拔后再也不能识别U盘！ 再说说物流吧，日日顺物流是非常快的，验货时配送师傅都比较着急。,负面
4097,搬新家准备买电视好久了，度娘上查JD上比…国产几个知名品牌和大法夏普低端系列之间比对～曲面还是普通直面…几度选择崩溃！好吧互联网新贵电视里选一下：小米、乐视………又要选择苦难症了！前几天老婆说她同事买了微鲸电视听说不错！微鲸？什么gui？没听过！开始度娘了解又去各论坛看评测……好吧就这么订了不为别的就是相信产品应该不会让我失望！清空之前放在购物车的其它品牌型号！就它了！送货过程中由于自己家里临时有事有点儿小曲折，感谢平台的及时处理。今天顺利到货！送货小哥非常热情协助开箱检查！完美！太完美！想告诉准备入手的朋友：非常超值！够大够薄够清晰！,负面
18,发货速度快,正面
1019,电视不错,正面
300,快递很准时，服务也好，电视屏幕画面很清晰，音质做工很好，没有瑕疵，客服也能耐心解答，希望耐用，,正面
3040,电视机本身目前观感还好，只是收货和挂架安装的体验不佳。 1、生产日期是一年前的，纸箱上积的都是灰，都没想去清洁下再发货，第一印象差评； 2、预约挂架安装，客服电话推荐微信。好，微信是有此项服务，但是安装地址的选择根本点不进去，目测和输入法有冲突。换了部手机还是有同样的问题，折腾半天只好再打电话预约； 3、上门安装人员，开门第一句话是问你有没有鞋套！请问您上门做服务，相关的准备不提前做好吗？！重要的不是鞋套，是这种服务的意识根本不到位。,负面
2731,微鲸电视还是很不错的，6・18后一天买的，价格挺优惠一千七百一十六，一年会员，没有语音遥控器。屏幕挺好的，画面显示清晰，色彩很舒服，不过浓郁也不泛白。会员内容挺丰富的，想看的内容都有且都能正常播放，比如吐槽大会、中国新歌声都有。不过也有不足，比如处理器一般，GPU也一般，有些电视画面会有拖影，内存组合1GB+8GB，有点过时了，可能是内存小的原因系统偶尔会有卡顿。不过这个价格有这样的电视，我挺满意的，希望微鲸电视继续加油,负面
951,不错可以，海信大牌子。我们一大家子都用海信的,负面
3168,音质一般般吧。,负面
2288,太垃圾了 没想到会是这样,负面
3208,买了微鲸，买了乐视，跟乐视价格差不多，但是用起来明显没有乐视流畅，颜色也没有乐视的好，有点后悔，而且他们家的挂架上门安装要169，乐视直接买挂架139免费安装，太后悔了,负面
2200,电视机很好，可是客服指定要用微鲸的挂架，却也是用的杂牌，欺人太甚,负面
2423,很清晰 就是开机启动有点卡 大小价格合适 操作方便,负面
529,送货快，不错。质量好。送货快，不错。质量好。一直很喜欢京东的原因,正面
2044,对于这台电视配置描述和客服回复真的很心凉。 一会说标配的是语音遥控，一会又说让我99元来买。 另外这款电视的音效问题。说的专业音效调节什么的，结果听音乐，看电视，音效差的想吐。 看成龙电影，成龙的声音都不是原版的， 听演唱会或者MV音乐，音效还不如老款手机效果好。奉劝大家不要被坑,负面
3934,宝贝儿收到了，房子装修好了但还要8月才入住，这次搞活动，本来打算买小米的，最后比较后果断买微鲸，虽然价格高点但配置要好，还送会员，还有礼包。现在住出租房里没地方放，放在小床上，看看有没有看电影的感觉。现在很满意，希望后续耐用。,负面
2978,电视才买半个月就有质量问题，给我换新，还没换新，没见到电视，就被签收了，客服6255的意思是不需要我签收，就是换电视.看图,正面
3390,"安装费太贵,电视竟然只有8G有点垃圾、后期肯定卡",负面
3535,不要买这家电视 你回后悔的 在天猫里好多都是忽悠的 和京东不是一个价人家京东晒图还送手环 反正我?碎了 你反馈了 一次退50给你 如果你不反馈 就不了了之 还有一个29块 反馈3次 却退21块 还要每次截图证明她娘是娘 ……看看图说话吧,负面
877,很好很好很好扛把子很好很好很好很好很好很好很好很好很棒很棒很棒很好很好好棒,正面
3530,这次买了两台，去年买了一台，效果很不错，不用机顶盒，简洁多了，就是会员太贵……,正面
3543,一星都不想给，商家售后服务太差。送支架活动简直是给客户添堵的，收到电视没有赠送的支架，无法安装。联系客服说收货后7日发，第3天跟进，说没有登记需要登记确认后7日后再发。本来很简单的事情，商家可以申请售后安装免除支架费给客户提供方便，现在弄得电视放家里10天都没法安装。看网上都是因为支架给差评的。一个产品没有好的服务，必然不会长久，也许不久商业教科书会有一个支架毁了一个品牌的经典案例。,负面
2284,垃圾电视一点都不好大家千万不要被好评骗了,负面
2482,摇控经常卡死。死机，才2个礼拜出现3次了,负面
1027,京东电气值得信赖，一直京东网购；不过这次购买的索尼电视有个缺点就是发现背面的螺丝会漏电，不知是否其它的也一样，希望索尼要在出厂之前加强安全检测否则后果不堪设想。,负面
963,配送速度太慢！11月11日买的，12月15日才到…一催在催呀！15号才到！等了一个多月…安装完试了一下各项都挺满意！反应也可以！总体来说性价比挺高，可以入手！应该是太火了没货！画面质量也不错…,负面
3385,东西不错，就是物流到货后安装人员服务差，网络设置、连接都不管。。。。最后是自己去请了个程序员来搞定！,正面
1049,不错,正面
1365,东西不错，值得拥有，物流快如闪电！,负面
97,给父母买的，还不错。不亏是小米。,正面
3885,电视很大清晰度一般，外观很漂亮，做工一般吧，遥控器很方便好用，目前感受就这些，最主要的是开机时间有点受不了新的就慢，老了可能更慢，总体来说还可以吧，反正就2990还送了个单薄的支架！ 想买不董可问，抽空必回，再追评,正面
3596,外观真心不错，漏光要比我原来的微鲸55寸好些，还是值得入手的！,负面
2413,电视开机好慢哦，音响效果不错,正面
1038,东西收到了，质量不错，是正品，价格也实惠，好评好评好评！ 晒单： 收起 向左转 向右转,负面
3893,高性价比电视，虽然前一个微鲸坏了，但给全额退了款，又买了一个微鲸,负面
1821,电视用了半个多月才评价，非常不错，屏幕表现力也很优秀。,正面
3845,之前一直关注3S和小米4，小米3s烂大街，4又没有货，又关注乐视超4，再三比对，最后选择了微鲸，不过微鲸的价格比小米和乐视高出来不少，电视声音很赞，是我想要的那种效果，音质上确实有功底，昨晚上系统升级后电视没声音了，吓我一跳，后来客服说恢复出厂设置试试，好在恢复后声音有了，希望自个儿的选择没有错吧！,负面
3738,这个电视毫无智能语音体验，只有一些简单的操作，不该贪几百块的便宜，买小米就好了，开关机不灵敏，边框不是金属的，底座是我见到的最简陋的 ，屏幕背景暗淡，根本看不清，也不知道设计软件的怎么想的 ，大半夜起来12点整抢的，被告知没有挂架送，已送完，其他赠品也没兑现，建议大家考虑下别的品牌吧 优点是 便宜、配置高 买电视还是要买听话的电视,负面
873,用了几天才来评的，哈哈！开始以为39寸会小，没想到还挺大的，播放也很流畅，一点也不卡。赞赞赞！,正面
3283,电视机还是很不错的，清晰，使用方便，就是涨价太快了，后悔没有双十一时候买,负面
3196,电视很满意，清晰度非常好，操作也简单，就是开机有点慢，还有就是不负责安装。,负面
3064,看边框明明是塑料的，竟然说是金属机身。 物流超慢。 电视还是不错的，语音控制很方便。,负面
3862,一开始考虑了小米和乐视；最后综合对比还是选择了微鲸，总体很满意：一：同等价位的电视这个硬件配置绝对最具性价比，买电视还送了壁挂架子。2G运存加16G存储足够用了；还有两个usb3.0接口比较给力 二：系统使用起来简单易用，开机没有广告。不限制应用安装。 三：蓝牙语音遥控器使用方便，不用对着电视就可以轻松操控。在电视设置里面还可以看到遥控器电量。 最后个人感觉接口再提供一个SD卡插槽就更完美了。,负面
3382,宝贝屏幕很清晰！遥控器操作也很流畅，送的手柄手感也很好！还没装宽带，所以不能体验更多，就目前而言，满意！如果有问题后期还会追加评论！唯一不满意的地方就是，物流就不给力！不过客服给帮忙联系解决了！不过老妈收货那会儿给气坏了！总体来说，满意！！！,负面
1584,夏普一直相信的品牌，电视很不错，外观也美观，大小也很合适，很直接采购！,正面
2906,这是家里第二台微鲸电视，画质清晰，外观大方，高性价比，当时真的没选错，唯一要改进的，需要更多的应用资源可选就更完美了,负面
2309,差评 绝对的差评 刚买来 开机没事 然后签收过后看了一会 屏幕左上角就出现竖条彩纹不断闪动 打电话反映情况 两天后才给解决 说只能换机 采集完 证据 然后换机 要7-15天 无语 你让我看什么啊 质量问题 大家谨慎购买 毕竟新牌子质量保证不了,正面
3588,外观造型非常满意，界面也不错 但声音效果一般,正面
3619,这个价格不知道怎么回事？612购买的价格实际支付价格还高了，没有截当时商品的价格图，也不知道是否存在操作问题。那我多支付了就当冤大头。申请价格的机制也是搞了好几天好几次都没有用。客服也是推到京东客服，哈哈哈哈。没半点解决。,负面
762,这款电视很好，价位也实惠，喜欢的朋友下手吧,负面
693,电视不错，清晰度音色色彩度都很好，值得拥有，夏普值得信赖，好品牌就是好,负面
2578,装修刚结束客厅准备买台电视，选择范围在小米乐视海信还有PPTV，准备研究一阵到双11再下单，无意中看到微鲸电视这个品牌于是上网仔细了解了一下，网上评论还不错而且测评表现比同配置的要好价格也不贵，正好818有活动于是直接下单，19号中午收到开机试过正常，做工中规中矩，图像画质不错开机较快会员注册使用方便，唯独喇叭音效输出实在太不理想看来要接外接音箱。因为没买挂架暂时放电视柜上使用。看了一下背面挂架尺寸为20*20，背面接口在侧面接各种数据线还是比较方便的。先写这些，过段时间看看效果再来评价。,负面
1849,不错！大小正合适，图像也很清晰！尤其是看高清节目时效果很好！,正面
3059,电视很好，还送了两年会员！开心?，就是物流有点慢了，其他都好。,负面
2326,这个电视什么都好，就是开机超级慢，清晰度还可以，此机整体较厚，慎重购买！,负面
3963,买完就降价两百,正面
723,画质不错，实惠实惠实惠,负面
3241,第一次电视收到后发现3区有黑点，为屏幕内异物，符合退换机标准” ，生产日期是16年5月份看来质量让人担心?联系京东客服确认后，帮我又换了一台新的，新到的电视今天刚刚收到还在使用中……后续希望不要在有质量问题？！???,负面
1925,就是开机有点慢，别的都还不错?,正面
1682,服务好，物流速度快，价格便宜,正面
3153,电视机按预定时间送到了，马上开箱试机，4K效果很棒，美中不足就是音响效果不行，声音比较单薄。,正面
2543,超级无敌差！京东自己定制的东西！质量没有保证 大家不要上当了！还是买微鲸普通版的好！声音屏幕**的一地。还有黑点！被客服诱导错买了！说跟另外一款配置一样。其实声音都不一样。都没有杜比环绕。就两个破喇叭！,负面
2192,性价比还是很高的电视，唯一就是4k片源比较少,负面
1840,发货及时，质量很好,负面
1102,电视看了一星期了总体还不错，建议购买,负面
654,电机很好用，操作简单，不错。就是下能装第三方软件。,正面
269,电视机收到了，京东发货很快,正面
3292,画面还可以，这种掉价很快，各位先不要买，2499也有买过的，我是2988买的，买贵了。5.1价格现在价格一个月掉了100多还送东西。这个还会掉。望买的用户考虑一下。这个最先是卖2499元的。价格不地道。。。。。启动慢，，，十几天了，，每次开机4-5分钟左右。。。联系客服说是升级，我是最新版本了，不知道还怎么升，，，如果买这个电视，开机可以先开洗完澡再看，，，慢，，内存也不足。，，，反正一个字不值当的东西。,负面
3425,买了，就说设备码错误，无法领取，左下角还有个显示本机信息的蓝色窗口一直闪烁，电话一直打，根本没人接打不通，无语,正面
178,不错！很好用！视觉效果很棒！,正面
789,前天下单昨天就到了。速度快。到货赶紧挂上看，挺清晰的。喜欢的朋友赶紧下手,正面
1009,不错的购物，电视屏幕确实够大是很清晰，今天到货了就装上在看的，没发现什么瑕疵。用着时间长在看屏幕怎么样的。 晒单： 收起 向左转 向右转,负面
2525,今天收到了电视，客观评价下。1.电视外观大器，系统UI非常人性化，比小米的好用。2.之前比较担心收到残次品，实际收到的完美。3.屏幕在中午反光比较厉害，有的场景颜色太暗。4.外放的音质一般，听着比较空旷的感觉。5.安装师傅到达也非常及时，并且仔细认真的安装。6.免费领取一年的会员， 无开关机广告，比小米强。7.有些资源需要超级VIP才可以观看，免费的VIP不可以观看。8.下面缝隙比较大，做工有待加强。9.智能语音功能比较不错，可以快速方便搜索，但是语音识别率有待加强。语音功能只能用于系统自带软件，第三方软件里无法使用此功能。,负面
567,性价比高，不错,正面
313,非常愉快的一次购物，昨天下的单子今天就到货，安装师傅比较细心，复合很好，京东给力，夏普给力！,负面
3771,这个电视毫无智能语音体验，只有一些简单的操作，不该贪几百块的便宜，买小米就好了，开关机不灵敏，边框不是金属的，底座是我见到的最简陋的 ，屏幕背景暗淡，根本看不清，也不知道设计软件的怎么想的 ，大半夜起来12点整抢的，被告知没有挂架送，已送完，其他赠品也没兑现，建议大家考虑下别的品牌吧 优点是 便宜、配置高 买电视还是要买听话的电视,负面
2663,巨坑！上个月买的2800 现在跌到2700 还有满1000减50元 坑！电视机质量也不好，画面不清晰。本来想退货告知已经超7天 真是后悔死了！,负面
147,很好用，色彩很好，简单易用,负面
866,很不错，挺好的，就是售后不方便,正面
1254,昨天晚上定的，今天下午就到了，速度很快，屏幕是三星的、感觉两都还不错，联网了以后速度蛮快的，比之前的网速快，资源里面还有英剧和美剧，挺好的。如果放高清电视屏幕很清晰，声音也适中，总之从各方综合下来，这个价位能做到这样很不错了，给好评，希望风行继续加油，以后作出更棒的电视！期待！,负面
1367,非常不错，双十一买的等了1个月，没白等！赞！好！喜欢的可以下单，客服上门安装的服务态度好,负面
1544,关注了很久了，双11购买的，使用了一个月才来评价，价格实惠，图像清晰，色彩鲜艳，电影资源新的挺多，支持国货，最超值的电视机了,负面
2805,不满意的质量，满意的售后服务不错。不建议购买,负面
2452,性价比最高55寸之一，值得入手。发货速度迅速。脚架安装很方便。开机直接升级了系统，开机时间稍长，没发现有恼人的开机广告。AV端口设计是个亮点。机身有光纤输出，有回音壁的同学耳朵可以享福啦。,负面
1530,特价时买的。性价比不错。,正面
587,12/5给新家买的这款58H7，虽然一开始就锁定创维，毕竟是中国的品牌，两年前买的另外一台就用得不错，这次新家毫不犹豫去选创维的电视。从选择尺寸，到确认型号，纠结了好久。对比了几个款式，最终锁定58H7是看中它的无边设计，时尚，整体25核搭建A73架构，速度应该很快。DST的音效我就想起华为手机，是一种享受。相同价位的电视还是这款性价比高。因为房子还没入住，家具也没进场，显得电视装上后看起来很小。实际上对于观看距离在4米以内的是合适的啦。再说说安装师傅，预约后当天就上门安装，速度快，态度好，服务好。这次新家所有电器是国产品牌。信赖国产品牌，信赖创维。,负面
5,物流速度很快，非常棒，今天就看了电视，非常清晰，非常流畅，一次非常完美的购物体验,负面
3998,电视机当天到货，神速。清晰度、音质一般。语音控制器没有送，非常不爽。,负面
3618,电视还可以，速度挺快的，但是开机用的时间久了就会卡，无线投屏反应慢。这可能是安卓的通病吧，家里那台投影仪也是这样。还有，电视可视角度不错，之前有人说45度发白，吓得我差点没买，估计他的是质量问题。第一次开机更新一下系统到最新版本，以后开机就快了，大概几十秒，没什么好在意的。唯一想给差评的地方竟然是京东的物流服务，下单后，不知道是需要先预约才能发货，结果没接到预约客服电话，他们就给我推迟两天发，后来我主动联系客服要求不能推迟发，竟然没一个客服能给我解决问题，都是敷衍我。能找的都找了，花了两天时间给客服解释，打了很多电话也没用，真是有种投诉无门的感觉。就因为没接到你们的电话，就活该推迟两天吗？你们的物流怎么那么死板？本来是要给五星的，说着说着来气了，果断1星。本来打算买来后好不好都退的，来解解气。结果还是没退，因为电视本身确实还满意，就是憋着气很不爽。,负面
816,今天刚收到，看起来感觉还不错，不过要等用了才知道,负面
214,东西还不错，质量比较让人放心,正面
1575,送货快，服务好，满意。,负面
2672,物流挺快的，第二天就送到了。电视还可以，就是分辨率不是很好，其他都还行,负面
376,送货快，不是我用的，所以应该没问题吧。,正面
1235,京东商城商品齐全，质优价廉，送货快，服务好。,正面
2581,第二次购买微鲸电视，之前在2015年11月买过一台刚刚上市不久的55K1旗舰版，使用已近2年的时间，机器的性能非常出色，系统运行非常顺畅，没有出现丝毫卡顿现象，这次赶上微鲸在京东8.8搞活动我毫不犹豫有入手了一台，这台机器的配置为2G+16G，8月8日当天就送到，今天安装师傅如约上门安装挂架，收费100元（含挂架费用），收费较合理，这里还有个小误会，我由于没有和客服沟通清楚我还误拍了一个京东自营微鲸专用挂架，我一会就去申请退货。我现在正在试看这款电视，由于安装在卧室，个人感觉大小正好，并没有感觉大，系统依旧运行流畅，色彩柔和纯正，不足之处好像这台机器的音质不如我之前买的K系列的机器，另外微鲸的赠送的会员节目源很给力，值得推荐！,负面
3670,首先不得不说这是一次糟糕的购物经历，电视到手后外观没什么问题，开机比较慢、大多片源都需要VIP权限这可能是目前智能电视的普遍特点。那么问题来了，进入VIP领取，显示设备码有问题，打电话给客服，共计43'27''这货就没说出个所以然。不承认有问题，说到关键问题就不吱声。要是质量一般我忍了，客服就不能雇个懂点常识的吗！总之我是不会再选微鲸的任何产品了。很认真的写这段评论就是能给大家一个参考。因为售后可能会比产品更重要。,负面
974,速度快,负面
2842,这电视机色彩太暗了，太失真了，颜色都不对。本来想把家里的夏普电视机换掉的，结果太失望了，而且才买一天就降价了！太寒心。,正面
268,很大 很不错，喜欢了 双11买的很便宜，酷开是创维旗下的 品质也很有保障，安装师傅也很快就预约安装，服务不错。,负面
2395,用了半个月了，说下感受 1，刚到货用了移动硬盘看1080P电影有点卡顿，升级后就不存在了。 2，尺寸比之前长虹43得尺寸要大一点。 3，最满意的就是第三，太清楚了，太清楚了！ 4，唯一不满的就是这个会员不够给力啊，腾讯好点自制剧看不见，比如鬼吹灯，权游也看不了，前几季也看不了 总的来说很满意，系统虽然没小米的反应快，但是也没慢多少，小米现在已经令我恶心了，无处不在的广告，自动下载的小米软件，无耻至极！这点上，小米就像是老人变坏！希望微鲸以后不要这个样子！,负面
391,画面很清晰,负面
2116,价格比上次高好多,正面
478,新房子快拿钥匙了，想买个电视，风行电视是朋友推荐的！送黄金会员非常贴心，每年能省去好几百块费用！ 本来想弄个65寸的放客厅结果到货打开后感觉太大了，看着不适应，性价比挺高也就不退了，拉回老家看，又买了个49寸的，放客厅感觉很不错…… 说说电视屏幕听清楚，大的音响效果比小的好一点，而且65的金边也感觉比49的上档次，系统很流畅，片源特别多，好多新片，还有好多4K，非常好！ 电视中规中矩但是价格真心实惠，性价比很高……值得信赖,负面
3725,没有想像的好，画质一般，音色也一般般。,负面
3995,电视本身真的很棒，没有什么问题，但是关于一个小小的电视挂架却让你感觉很不好。必须确认收货之后才能送电视挂架，这样真的不会影响用户体验和使用吗？我知道这是你们所谓的规！定！电视收到后是京东安装主动给我打的电话，安装费+通用挂架共100元，而且当天可以安装，这就让我稍微犹豫了一下，要是等微鲸送的挂架，我的电视就要在地上放一段时间（根本没设计电视柜）个人感觉至少要再等15天以上，如果花100元安装通用挂架，那微鲸所谓“送”的挂架又该怎么办？我知道商家肯定又会说，用户可以自由选择呀！最后我还是选择了京东安装，也联系客服要了微鲸送的挂机。微鲸电视在产品本身、客服、运输安装上都很不错，为什么非要在一个小小的挂架上做这样的文章呢？让人感觉不是很舒服，其实完全可以一百分的用户体验，这样只能给到95分。我宁可商家没有这个赠送挂架的活动，我会自己选择花钱购买！！！！！！！！！！！不知道其他用户有没有这样的感觉！这算是细节吗？？你想要让大众接受一个新的品牌这样应该有问题吧！,负面
1207,第二次购买了，相当不错的电视。很喜欢……,负面
2169,不错不错，画质很清晰，音效也不错，就是直播看不了，需要下载软件,负面
3658,京东的发货是很快的，新的机子图像声音都正常，回家给老爸装上，用卫星接收机看了卫视节目，图像有点模糊，反应速度有点慢，看体育节目，只能说是勉强来看，屏幕有时候会显示模糊轻微的马赛克，老爸不知道怎么鉴别，只看见屏幕大都说好，我看图像只能说一般般。,负面
423,送货速度快，服务态度好，品质有保障，物美廉价，值得购买,负面
2676,这个总开关在电视机的右下角，不能用遥控器关，这点不是很好。语音点播功能试了下还不错，挺精准。看户外节目是感觉画质不是很清晰，颜色有点艳，其他暂时还没发现什么，价格很便宜，希望质量能有保证,负面
2039,挺薄的，都怕掰弯。色彩很好，毕竟三星屏。音响也算不错，毕竟不是独立音响效果已经可以了 除了低音差了点。系统反应还可以，不过滑动帧数有点底，看着不是特别流畅（目前应该是30fps，60fps最好）。内容不多不少，还可以（可以外装app差不多）。自己接了个小米盒子，混着用资源够了。语音识别率也挺好的，不错。屏幕下方有点漏光 不过还能接受，无坏点。不过65还是有点小，以后要买个75左右的。整体这个价很值了。客服云云好评，态度好服务好~,负面
753,大气 清晰 不错，推荐给大家哦 非常喜欢,正面
2098,有点小划痕，不影响使用就懒得换了，其他的满意。。。希望质量好能多用几年。。？,负面
409,东西很好好，价格也便宜，还是很给力的啊。,负面
3494,实在给不了好评，本来就是一年内电视出问题，换新，结果所谓的新机器屏幕漏光严重，影响观看了，唉。。这什么质量,负面
3719,价格还能降啊，希望软件也能跟得上。安装倒是挺容易，av线路效果一般，网络的不错。该死的是十五秒广告到处有，真是浪费生命！会员还没领取，一会在手机端操作下。总体还可以。,负面
2096,一直蓝屏开不了机，质量太差了，建议小伙伴们选的时候三思,负面
3060,电视机没什么问题 就是比我之前买的那台开机反应慢点 最恶心的是客服的服务纯粹就是糊弄人的，问什么都是嗯嗯啊啊的，根本就没看你的问题就随便敷衍两句，这样的话还要客服有个屁用！物流也是相当糟糕，慢还不说了，网上物流状态都是假的，查不到，打电话自提都不行，自己都不知道货到哪了……,负面
197,70寸，刚好够大。清晰度不错，希望质量没问题！ 晒单： 收起 向左转 向右转,正面
3,不错,正面
2914,大件配送的速度也超快，下单后第二天一早就送货上门了。换下了之前的32寸LG。优点: 此价位内同尺寸硬件配置最高，得益于这点，系统运行就很流畅。虽然是京东方的屏幕，但漏光控制的不错，无坏点，色彩准确通透，亮度也足够，看久不容易累眼。Wifi连接高速稳定，测试隔了一堵墙连的阳台那条12M小水管看在线4k资源都不卡(虽说是伪4k，但也比之前买的某米盒子不知道要强多少，同样的摆放位置看个标清资源都要加载半天)，内置音箱表现出的人声很清晰(这点也比那台32寸LG要好多了。想要有迫力的音效还是外加低音炮吧)，金属支架非常牢固。唯一要吐槽的就是这个赠送的***员过于鸡肋，资源都是企鹅的，老老实实加钱买企鹅视频vip。总之目前看下来很满意，希望人品好一点不要那么容易坏！,负面
123,还很便宜值得这个价格很好,负面
2617,正常使用，就是厚度有点厚,负面
3953,刚买的，用两天再评论，不过安装架子要收30块有点坑,负面
2240,其它品牌有免费安装 为什么我的微鲸电视没有首次免费安装,负面
3472,东西很不错，但是，能否吐槽下微鲸为了省成本HDMI线也没有，电源线过短导致我只能走明线，但是总体来讲还是物有所值，好评，自己慢慢装应用玩吧，安装略贵，一台169，另外不管买几台，会员只送一年。,负面
1797,挺好的,正面
1422,电视非常大非常清晰，看着超爽，操作也简单，内容丰富，少儿节目是孩子的最爱，NBA是我的最爱。最后真心希望风行这样的企业越办越好。,负面
211,用了一段时间，感觉还不错。画质挺清晰的。感觉还算不错吧！,正面
1195,电视机相当不错，就是自带的腾讯视频软件看不了，会员费白花了。,负面
315,这电视不错，价钱便宜，服务一流，辛苦了快递员，要求加工资。,正面
440,不错...,正面
3141,价格比之前买的高了些 送货速度和服务值得表扬 机器色彩操作界面部分发白的厉害 设置了也一样 看片子尚可 勉强接受,负面
3306,相信微鲸，去年家里买了两台43寸的，满好的，这次客厅电视坏了，顺便换了一台微鲸55寸的，但价格有点高了，三星55曲屏也就这价，但还是相信微鲸，不要让我失望，现在在等售后机器上墙,负面
941,送货很快，显示屏蛮清淅的，没有帐号暂时看不了，习惯好评，用了好的话继续追加好评 晒单： 收起 向左转 向右转,正面
3997,电视给爸爸买的，总体感觉还不错，就是送的挂架下单说缺货，过两天又有了，感觉亏了一个亿…??，画面感还是可以，日常看电视需求足够，重点语音功能很方便，快进后退再也不用怕一下退过了，送的会员大部分资源都能看，但是299的会员不能看很多美剧，好像要499的才可以，不过我爸也不看，就无所谓了…,负面
2324,我只想对这个品牌的服务感到悲伤！8/8下单，8/9电视机就到了，第一时间就确认了付款！但是挂架是另外发的！8/11挂架还没有发货，客服说要确认后3-7个工作日才能发货！不能理解，我现在电视机在家但是没法安装、没法看，客服说理解我的心情，要我耐心等待！各位看到评价的亲们，你们觉得客服有理解顾客的心情没？电视机不确认的话就连架子都不会发货！我询问了我购买过的同事，告知我电视经常断网！哎…这就是微鲸这个品牌的服务！无关电视机的好与坏，就冲着这个服务理念，我绝不会再次购买该品牌的任何东西！看到评论的亲，下单前一定慎重考虑呀！,负面
1043,a品很好，l很快，超好砰,正面
4146,在几个互联网品牌里选这个，主要是听说没有广告，内容也可以 由于本人没在家，家里人签收的，电话里说电视不错。 但是要吐槽下物流有点慢，第三天才到， 还有就是15000的预约卖500吓得我凌晨00.00.00下单结果中午还没卖完，有点无语,负面
2002,用了很久了，现在来评论，除了有点漏光，其他都不错,正面
2470,电视经常会死机，咨询客户说升级就没事了，升级后虽然有改善，但偶尔还是会出现死机情况！,负面
119,物超所值,正面
2699,我的第二台微鲸彩电。 微鲸是一个比较小众的互联网品牌，它没有像乐视小米那么热，但是在配置、质量丝毫不弱。 送货比较及时，还有开机通电。 出乎意料的是55寸彩电的重量其实很轻，外观不属于极致轻薄，但也没有很耐看，接口够用 支架安装很简单，但是有点摇晃，这一点是有点不足的。 第一次开机之后它会自动升级系统，系统界面简洁，没有太多的广告，这点比乐视小米都还好。色彩不错，但是音响让我有点小失望，貌似比我上一台的微鲸有所退步。 还有几个小的问题，播放器不能够在线下载字幕，也不能够调节字幕的字体大小，不解；油管安装之后，似乎不能登录账号。 总的评价是物超所值，比较满意，尤其是没有那么多广告。,负面
2692,给我妈买的，颜色偏白吧，分辨率一般，觉得不是特细腻，不过这个价格也就这样了，上网也还行，内存小了些不是很快，总体肯定够用，希望能多坚持几年吧,负面
3262,屏幕漏光！色彩还可以,正面
2254,电视音质很差，杂音严重，售后说这个价位的电视就是这种配置，态度较差。另外，电视自带耳机接口无法使用,负面
4065,不错不错，挺好的，很大，色彩还可以，这价位算是好的，缺点是画面不够流畅，部分片源这样，接口齐全，外观也好，边框不是金属，做工看起来一般，能接受。背光均匀，漏光不明显。,负面
1067,很赞。。。。。。。。。,正面
689,物流服务非常好，给师傅赞赞赞?,正面
4109,快递员态度不好,负面
3023,建议大家一定谨慎购买，电视机不开机时完好无损，开机后发现明显的裂痕，这么明显的质量问题，与售后沟通了两天，打了几十个电话，仍然没有上门解决！售前和售后服务相差甚远！很后悔，没有购买知名老品牌的产品！必须给微鲸的产品和售后差评！,负面
2899,产品本身什么都满意，就是有几点：1.开机贼慢 2.内置应用商店的应用少的可怜 3.影视资源也不算多 4.遥控器比较寒碜都没有带滑滚 5.厂家的客服不咋地，一个互联网企业问点小问题都不专业怎么立足！,负面
3199,电视整体上不错 4K很清晰 唯一有点不满意的是 开机时间很长 每次都要5-8分钟 已经联系店家了 希望可以解决下,负面
418,电视够清晰，直接送到家 ，非常满意,正面
151,卧室用的，画面挺清晰，但是不能离近看，否则颜色会很诡异，安装师傅挺好的,负面
570,不错，真的好大，屏幕清晰，物流送货上门，小米电视就是好,正面
575,电视很不错，就是买回来老婆感觉还是买小了点儿，就这吧！物流很快12号凌晨买的，14号就到了，安装师傅也很专业！用段时间再说,正面
432,快递员一个人送货 很辛苦 安装人员热情细致 电视也很好,正面
4084,物流速度快，质量也不错啊，开机没有广告，性价比很高。视频内容丰富，体育资源有些缺乏。整体体验不错，尺寸确实有点大，还没有用，过段时间再评论。,负面
3247,刚买来就坏了先是液晶屏有成条竖线亮点，第二天直接黑屏，等着换货。售后速度还可以第二天就上门检测确认然后第三天就安排了换货。现在坐等第二台机器。,负面
3600,还好，样子挺好的，就是比去年涨价太多了，配置还行吧,负面
2548,电视机大气，4千效果还是不错的，可惜片源少，色彩还是较自然，白天看没问题，音效有待提高。,负面
63,双十一的时候给自家买了台55x3邻居看到后很喜欢，双十二让我帮他买了台43的，还不错支持暴风,负面
2341,非常差，8月8日1元预购的电视礼包，说不发就不发了，真是非常差劲，真后悔在这家店买东西，大家不要再来了。,正面
576,这个电视千万不要去买，谁买谁浪费钱，而且有问题的时候客服会折腾死了。买来不到半个月，在看的时候手摸了一下内屏就破裂了，关机的时候就看不出来，打电话找京东，京东推脱他们只负责销售，让我打400找夏普，打电话给夏普，他们说是你摸坏的，人为原因导致内屏破裂，那为什么外屏是好的？关机就看不出来？客服说就是你人为的，不能摸，维修要电视价格的80%，我让他们派人上门来检测，他们说你如果要花80%的换屏费他们才肯上门。想想就心痛，还有这么不负责任的厂商，还品牌？简直是流氓行为，典型敲诈，你说谁敢买这个垃圾夏普的东西，冲着服务就会让你心碎,负面
542,很好，很满意 给顾客买的非常不错！很满意！,正面
956,轻巧便捷式，做卧室电视用足够，好评！ 晒单： 收起 向左转 向右转,正面
1366,上午10点下得单，下午就送到了。京东物流超赞，家里好多电气都是京东的商品。买之前还在犹豫要不要65寸的，电视送来后还是觉得大点好。再说一下电视，电视清晰度非常高。启动也非常快，物有所值，页面内容丰富节目种类也多。非常满意的购物。好评,负面
731,还不错，挺好,正面
870,电视很大气，清晰。现在暂时不装，过段时间带回老家再装，双12买的，价格实惠。,负面
2976,从来不差评的，第一次给这家，微鲸电视实在是差。首先质量问题，我7月26日买的机器，发现有5个黑点，于是要求换新，电视在宝宝房里用都没用过，结果到8月12日发现电视机打不开。再是售后，已经答应和我换新，快20天都没人来，打了无数电话过去，今天告诉我新电视已经被签收了，还不是本人，让我查订单号。就无论售后能不能最终解决问题，这电视质量我给差评没毛病。这家物流和服务态度我给满分。,负面
494,电视很清晰，安装师傅安装不错。发货速度很快，满意推荐购买,正面
2756,放卧室太大了…你们都评论说小！退了换43寸小钢炮！音质真不如小钢炮的一半…总之新版的55寸音质缩水太多啦…画质国产屏有点漏光…！去晒小钢炮了！最后给物流5星好评！！！！！,正面
1658,太好了,正面
4002,电视挺好的，还没到两个月，又降价了，这也太快了吧，有多花了三百块，早知道有活动，就现在买。,负面
3599,电视很好，就是涨价了觉得有点不太划算，去年只要2k多就能搞定，今年3k起了，不过刚需没办法,负面
1694,性价比确实不错，而且送货速度很快，比在小米官网送货速度快多了,正面
8,送货速度快，质量有保障，活动价格挺好的。希望用的久，不出问题。,负面
1990,色彩一般，都是这样货,正面
675,电视非常非常好！我家里都买了第二台了，性价比超高，电视清晰度也很好，如果大家要买电视，一定要买暴风电视！,负面
1106,货品已经收到了，色彩挺好的就是没有之前买的45寸的价格实惠，但是跟实体店的价格比便宜多了,负面
1571,可以，产品用起来还不错，下次再来,负面
2985,总的来说，微鲸的电视内容很棒，也许是国内最棒的。屏幕也还行，用的是国产硬屏幕，颜色好看，除了漏光，其他都好。但也正因为是硬屏，太脆弱了，莫名其妙就碎碎平安了。给微鲸打电话，说上门师傅鉴定并收取30元。好吧，自掏腰包3000块给你们做硬派广告，请收下。 如此评价晒单你们打算送什么礼物呢？挽救一下我的电视？,负面
2788,已经第二次换机了，这让我非常质疑微鲸电视的总体质量，第一次使用了一年2个月，液晶屏出现满屏条纹，经过微鲸效率低下的售后服务，经过半个月时间，终于鉴定完毕，我把微鲸售后的鉴定单上传京东，很快给我换机，这一点值得称赞，但是换来的据说新机，三天后就不能开机了，我也是非常无语，京东专员承诺72小时内就有人上门坚定，但是我等了至少5天才有微鲸售后电话问我情况，上门坚定也是我主动联系上次坚定的售后工程师，效率低下可见一斑，坚定完成上传鉴定单，京东换机还是一如既往的快，但是这个微鲸电视我是再也不敢买了，希望这次能使用个一年半载，太折腾了，前几天手机格式化，照片找不到了，但是我说的句句属实。,负面
312,东西还没用，感觉性价比高，质量好，外观很高大上，搞活动买的很划算。,正面
378,不错，还没连网，很期待，高清，还会在来的。,正面
1338,漂亮质量好功能强大，便宜实惠,负面
555,给父母买的，开始一万个不同意，说家里电视多，但是都是老款的大屁股电视，还小。先斩后奏买回家，都觉得挺好的。,正面
2346,烂的不行，不开电源看不出来，一接电源就是个烂屏，虽然便宜，但是买个破烂，不值得。本来要求就不高，放在卧室里偶尔看下，结果太失望了。烂电视烂电视烂电视烂电视烂电视烂电视烂电视烂电视烂电视烂电视烂电视烂电视烂电视烂电视烂电视烂电视烂电视烂电视,正面
3219,这做工，没话说。其实主要就是喜欢系统和本地播放器， 可是网络连接模块不好，经常连不上。点了加入网络没反应，还是显示未连接，路由器啊网络信号啊什么的都没问题手机都能很快连上。,负面
4256,刚买就降价了,正面
2425,开机好慢，半天才有反应，刚开始的我还以为是坏了呢，等了半天屏幕才亮,正面
3616,电视刚刚安装好了，这个分数并不是对电视机本身的，而且针对服务的。我打400预约安装，并说明我有挂架的情况下，客服告知微鲸的挂架质量有保障，我答复可以让安装人员带来，我比较之下再做出选择。本地安装人员联系我后需要我确定是否需要挂架，因为挂架需要他们垫付，如果不要他们就不向成都申请，基于此，我就答复其不需要挂架，仅仅安装，并且安装人员也明确如果安装的话就100元，结果相隔一个小时后，安装人员告知我自己的挂架微鲸明确不予安装。我认为微鲸的服务真的需要加强，并不是说自己硬实力有了软实力就不需要了，或许这个电视坏了以后我就会选本地化服务好的品牌了。,负面
3035,第一次因小孩弄破了屏幕，没用一年，咨询客服屏得两千，比我电视还贵，最后九折换新，又掏了2300，经历了九九八十一难终于换成功了，退了1039.8元，这还很满意，唯一不满意，只能换43寸，等于我买了你家一个43寸比家家49寸都一样价。其实售后我也不是很满意，都经历了半个多月了。希望你们能调整售后和维修活动，别只限制只能买同款，要不然就是换屏（2000），两种方案我都不是很满意。质量画面清晰度其实我说还可以吧，比起大牌还是差点，为什么这么说呢？因为我在家0.5米外看还真有点模糊（没有近视），有点暗。还有你们跟微鲸公司还是两个不同公司，并不是微鲸公司的，应该属于授权，因为我打客服售后他们亲口说的。物流也很差，那天来了也是匆匆忙忙就走了，只是让我赶快检查屏幕，其它都是我自己安装，比起第一次的物流真的很差。,负面
196,饥饿营销，永远都是抢购的节奏，性价比还是挺高的，至于质量只有用过的才知道！,负面
1454,真是太差了 官网卖的比这都便宜啊 建议以后去官网买吧,负面
2015,总体来说还是不错的，貌似不是硬屏，按下去有水波纹，漏光还是比较严重的，系统反应速度有时比较慢，一分价钱一分货，好在没有开关机广告。,负面
1034,清晰度很好音质很好外观漂亮非常满意,正面
1418,双十一买的，快递有一点慢，可能是双十一购买的人多，已经用了一段时间了，看着很清晰，质量杠杠的,正面
1940,用了几天东西还是不错的，除了开机有点慢之外，毕竟只有1G内存，其他基本没啥毛病。,正面
2487,包装不错;机器轻薄，比以前的老液晶电视轻多了;送货师傅给测试了下，能正常开机，但是开机有点慢;觉得自带支架放桌上不好看，买了挂架自己安装上了;网络连接有问题，用有线连接速度竟然还不到2m，用无线峰速最快都要一百了……测试了下节目，还比较不错，等空了测试屏幕，响应，再装点app测试下,负面
2645,这个价钱还算可以，能看。动态表现一般，看球拖影还是有的，这个价位在这儿了，反正跟半年前6000入的某信表现差不多。无广告，自带ui反应也比较迅捷，遥控板很好用。希望用的时间能长久一点,负面
2661,画质非常差，开机动画都能看到颗粒，打开菜单的响应速度也挺慢的，像个用了几年的老爷机，看不出智能电视应该有的样子。安装个别APP平台，无法播放视频，售后也说不出所以然，就发了几句“我们解码功能强大xxx”广告词，不解决问题。太麻烦了我就不退了，但是以后看到这个牌子都会绕道，也会告诫身边人不要碰这个牌子。 客服像个冷冰冰的机器，对退货流程不熟悉，叫我打客服电话问。我打电话，那边让我到天猫客服问，被踢皮球。说不清楚100元体验费和退货费的区别，说不清楚退货是上门收件还是自己寄件。,负面
594,发货前一天电话联系确定送货时间地址，送货师傅同时负责开箱验货并安装。这种品牌质量这种服务态度太赞啦???,负面
1701,前年底2500买的1k普通液晶电视已经被家人惊呼便宜，这次1900买到49寸的4k智能液晶更是让老家亲戚大呼不可能，可惜这次是买给老人用，智能电视的广告和操作反而造成了使用障碍，希望系统可以更新个普通电视模式，方便年龄大的老人使用,负面
2372,按键反应有点慢，有时卡住了。一般来说够用吧！,负面
3373,配送太慢了 为了它足足等了一天，好在后来的客服还比较负责正在研究中 遥控器没对上码， 注册也说我的手机已注册? 接着研究,正面
694,我已经是购买第二个，价格优惠，而且好用，用起来得心应手！,负面
1775,小米电视很不错，看高清视频不卡，还能联网看，性价比高,正面
0,用了一段时间，感觉还不错，可以,负面
1670,一分钱一分货，安装师傅很好,正面
1169,特意用了两天才评价的，电视功能强大，连接Wifi反应很快，屏幕也很清晰！这个价格买到曲面而且功能多，反应快的电视确实很划算！客服态度也很好！,正面
623,考虑很久最终还是选择创维，家里的也是创维的好几年都没问题。电视很清楚，的确没选错。送货很急时，早上拍下午就送了，第二天安装师傅就上门安装了，服务很好，满意,负面
200,刚到，43q2型号，清晰度好，没有破损，遥控灵活，声音清脆，快递一早就送货上门通电，等待师傅上门安装。,负面
3989,618抢的，抢完就降价了，挂架等了七天才发过来，当初说的100E卡也没有，客服也不理人，对客服真是没有好感。,正面
2359,有时候会死机，画面卡在那不会动，还有界面真不行，乱七八糟的，这电视只能说一般。,负面
649,质量非常不错，大气又实惠。服务可以，收费合理,负面
223,比想象中大，而且不露光，安装师傅也没有收费，看了几天感觉不错,正面
2526,开关机没有广告，是选择微鲸的原因。电视的外观和画质还不错，喇叭效果和遥控语音效果不太理想，但对于不到3000的价位，还算不错?,负面
3284,电视确实不错，只是相比去年买的43寸要涨价了不少，至少是300+的幅度,负面
535,不错，物流很快，电视也很大，希望质量也杠杠的，等用一段时间看怎样再来评价,正面
2146,第一次用微鲸，感觉超值，性能满足要求，没坏点，系统比小米好，4K资源多，清晰度高。就是手机视频软件投屏不能成功。,负面
2967,"微鲸的服务真的太差了……买了电视放在家里一直没安装，12号打了电话，说要安装下了紧急工单，说12号能安装，等了3个小时,师傅说太晚了，约到19号，19号等了一上午都没有来电话，没办法又打了客服电话，终于在19号安装好了，花了50快钱，安装后发现太低了，第二天想挂在墙上，老公打客服问能不能给119，毕竟只隔一天，打了客服电话，问属于多次收费么，厉害的客服直接挂断两次电话，做服务行业的没看到过比微鲸更差的。网购这么多年几乎没有给过差评，第一次这么认真去评论。关于这个事情我们会打315咨询是不是属于多次收费的，如果不是我给钱没问题，至少要维护一下自己的权益。配送员没得说，很负责。",负面
3087,还没使用就已经对微鲸服务水平开始质疑了。首先，官方客服完全是摆设，永远别想通过人工服务解决问题；第二，所谓的赠品发货问题，简直就是智障人士研究出来的。必须电视确认收货后才会发赠送的挂架，蓝牙遥控器等，我就不明白了，好几千都花了，好差配件钱吗?电视收到货只能干放着，再等四五天才会等到挂架，然后才可以联系安装师傅安装。这其中的时间和没买电视没什么区别。但是收货得开箱验货吧，完全打开后只能干放着，这里有孩子的家里必须时刻提防孩子去推电视摔坏。一旦摔坏，不好意思，4400还得再掏一遍。第三，日日顺物流，天猫已经显示正在派送，并且有派送电话，打电话显示不接说是正忙，之后会主动联系，等待半天后，没有人联系。只能再次打电话询问，竟然不是派送员电话，又给了我一个送货师傅电话，师傅直接告诉我，压根没出库，我就问你，那你显示派送干毛?我家和单位离得很远的好吗？再有，师傅第二天打电话，你家是第一个送货，中午到，你这效率真是太高了……我在淘宝天猫购物这些年第一次遇见这么奇葩的卖家。你们牛！,正面
3282,电视还没联网，有些后悔选择微鲸了。并没有想象中的好，HDR并没有发现如何开启和关闭，估计是跟小米一样，只是支持播放hdr视频而已。如果大家发现如何开启，帮我回复一下。60fps视频播放基本不支持。还这么贵。亏了。,负面
2830,很好，给老人买的。买了就降价了,正面
2659,给我妈买的，颜色偏白吧，分辨率一般，觉得不是特细腻，不过这个价格也就这样了，上网也还行，内存小了些不是很快，总体肯定够用，希望能多坚持几年吧,负面
3070,"物流不太给力呃,为啥不能用顺丰，日日顺实在太慢了",正面
949,整体效果不错,正面
368,买了三台了，很不错，打游戏机很爽。主要是屏很清晰，比之前的电视清晰多了，配上索尼的游戏机很棒，足球游戏细节很到位，总之，棒棒棒，值得买,负面
2241,山东省临沂市地区售后安装服务差评差评差评！！微鲸这个牌子算是砸在售后的手里了！！以后是不会再买微鲸电视了！！！我让上门安装之前提前给我说，因为我不在家，安装师傅上门安装时未提前告知，反而在电话里说：你要是买电视半年不装，我还得等你半年吗。。。。试问这是什么态度？？！！这样的售后服务不就是花钱找气生吗？！！微鲸如果一直这样，准完蛋！！！！,负面
3895,功能方便，体验还好。价格便宜。 但是屏幕素质不好，左下角严重漏光。,负面
662,给家里老人买的效果很好以后就不知道了以后好了继续评价,正面
2009,之前买过43寸4k的，那台电视除了遥控器有故障外，一切都好。这台电视对比之前买过的，差的不是一点半点，清晰度不行，而且有至少10个暗点，很细微，不认真看看不出来，说明屏幕用的是廉价屏，我相信不止我这台电视有这个问题，音质就是垃圾，只能说能响。说下售后问题，第一台电视的遥控申请售后，一直不处理，微鲸总在推脱。鉴于这种品质和售后，买第二天申请退货，微鲸也是处理不积极。良心评价，随便对质。另第一台是一四四九买的，确实超值，这台真的不值这个价,负面
2632,电视不错，不过后悔了，担心内存小将来会跟手机一样卡！,正面
3960,价格欺诈，先把价格抬很好，然后降价，刚买了没几天，电视还没怎么体验呢，又降了200。有点心塞。询问客服，客服都不搭理的。物流师傅倒是不错，只是物流公司不按约定时间送货，随意更改。,正面
2911,微鲸电视不能买，会员价两三年就够买一个电视了，权大家还是买别的吧,负面
2642,系统整体速度不错，操作也比较简便，动态画面非常一般，拖影明显但勉强可以接受，不能接受的是马赛克现象实在太厉害了，非常影响观感,负面
2088,售后服务很好，买了几个月突然坏了，找售后，及时上班检测，询问一下，家里是不是经常跳电，是跳电闸引起的，不过还是给换了台新机，感谢你们，售后服务做的这么的好品牌，选择你们是不会错的，会推荐给身边的盆友,负面
1199,画面清晰，性价比很高,负面
656,给妈妈买的，界面设计很人性化，喜欢！,负面
1546,电视已经收到了 画质非常的清晰，超高清商家送了挂架高清线非常的不错 很实用，两年的质保，非常有保证，飞利浦大品牌值得信赖，服务好，送货上门，上门安装很贴心。好服务好产品，值得推荐！,负面
836,不错，很大，跟想象一样,负面
2134,#陈伟霆代言微鲸电视#完了要涨价了 我还没买,负面
508,这款电视性价比最高，颜色不错，看来不愧是三星屏，想买大屏电视的朋友可以考虑。,正面
4144,相当不错的电视，就是下雨天送货慢了点，等到晚上才送货,负面
2061,背面做工不怎么样,负面
653,早就想买了，赶上双十一活动，还是很便宜，很值的。超薄，使用的很好,负面
3606,电视颜值不错，本来是想买小米4 49的，但是看了fview的电视选购后，果断放弃了这个想法，在乐视和微鲸选择，乐视有点小贵，43寸就3000多了，微鲸这个性价比最高，2689到手，但是618抢购2589，我不知你这个618前小促是啥意思。测试了平时看的视频和电影，效果满意，还试了几个4k测试视频，都可以流畅播放，唯一不能播放的是少女时代的120帧视频，但这个水平我相当满意了，要知道我那高配游戏本看这几个视频都有卡的不行，音响很不错，我都不敢开到一半，怕吵到邻居！只等放假配ps4 pro了！,负面
181,屏幕非常清晰,正面
528,双十二买的。限时抢购。物流很快。界面清晰整洁。能放QQ音乐听歌很方便。能看游戏直播。功能很强大。系统也很好一点也不卡。还买个伸缩挂壁用起来很方便。左右前面都能调整，风行屏效果很好。屏幕分辨率非常高。网络智能Wife功能非常方便。想看什么片子只要搜索就行。49寸放房间正好。看电影非常棒。音效效果也很好。性价比很高。划算。,负面
2363,最差的一次购物，电视机清晰度很差，而且售后和物流也不行。最不满意的就是他们的物流，找物流公司之前不能先网上百度一下信用吗？网上一片说他们家物流差的声音。而且明明没有到我的收货地，也没打电话，说是联系我才没有配送。物流图能说明一切。申请退款还不给退。,正面
3922,这次中奖了～外观、服务可以给90分，但是产品质量不怎么认同了，买回来第二天就出现白点，按照客服建议重新启动，就黑屏了，再也没有画面了～预约上门检测，确实是质量问题就退货了，但是还不能装机打包，因为办理退货的是京东另外一批人员，所以京东安排上门拿货后，插上电源核对确实屏幕没有碎才装机打包拿走（这里表扬一下京东的调度，由于个人原因发票不在身边，同意先带走机器，发票再寄给他们，比较人性化）。目前货退过去2天了，退货进度一直没有进展，这个衔接确实还是有待提高的。另外我又买了LG的电视，清晰度比这个好太多了，音响效果比这个也好太多，价格要多200元。三分辛苦分吧～,负面
4183,电视挺大的，支架就2颗螺丝放不稳，摆电视柜上一碰就摇摇晃晃，猫爬柜子上碰了下电视直接掉地上碎屏了，不退不换，修理费3298元比新买还贵，无语……,负面
2085,年前买的，物流给开箱验货，但是不给通电开机，外包装什么的都是完好的，通电以后发现屏幕里面坏了，当时物流也停了，联系售后开鉴定单花了一两天时间，年后上班以后就帮换了，物流取货的第二天就把新机送来了！速度很快！新机开机没有发现问题！,负面
4184,新电视拆开就开不了机，本来是想退 无奈墙上的挂架已经打洞安好了，只能申请换，现在还没接到换货的电话 还是选大牌子吧,正面
1463,使用没有啥毛病，还不错吧总体来说，没有惊艳也还中规中矩，就像某某,正面
3235,16年11月份买的，用了6个月，看着看着黑屏打不开了，可见质量如何了。不过联系客服后又给换了一台，不知道这台能看多长时间,正面
2713,　　本人于2016年12月份通过京东购入微鲸43K1J电视机一台，本来一直使用的好好的，使用下来的感觉也很好，因此最近新房装修结束也准备所有电视机都够买微鲸电视，但是最近遥控器开始出问题了，让我对微鲸有了怀疑。具体情况：1、通过遥控器关闭电视机后，再关闭电源，下次打开电视机电源，因为电视机是待机状态，只能靠遥控器开机（这个时候微鲸助手是没法链接电视机的），最关键的时候遥控器十有八九是没用的，根本没法开机。解决方案：不停的开关电源，不停的按遥控器开机按钮，运气好的话，几次就能暂时开机，运气不好，一晚上都没法开机！终极解决方案：千万不能遥控待机，直接切断电源，这样下次开机后，就算遥控器没用，也能靠手机上的微鲸助手遥控！到了冬天，你也必须从被窝里面爬出来关电源，想想都难受。2、开机后，遥控器一会能用，一会不能用，像抽风似的。基本只能靠手机微鲸助手来遥控，但是，你接个电话，要重新链接！你收发个微信，必须重新链接！我用的是苹果手机，不知道安卓手机有没有这个毛病！刚刚进入论坛，看到大家普遍反应遥控器有问题，这点小事情微鲸一直都处理不好？这就是微鲸的态度？看来下次购买电视机只能选择其他品牌了！,负面
2495,画面勉强可以，毕竟价钱摆在这里。有时候连不上无线网啊、,正面
994,非常好的风行电视，画面清晰，系统流畅，音效也不错。超高性价比的4k高清电视，刚拍下第二天又帮同事拍了一台，风行电视良心价，必会大卖！,负面
1083,物流的速度真心令人佩服，夜里下单，早上就就收到了，各种体育频道，儿童节目家里孩子都很喜欢！节目非常丰富！操作系统很流畅，画面清晰！家里人都很满意！屏幕超赞！ 晒单： 收起 向左转 向右转,负面
1172,不错可以耍游戏 晒单： 收起 向左转 向右转,正面
4254,听同事的推荐买了微鲸电视，他半年前买的另一款42嫉模但现在涨价1000，我就买了便宜的这一款，比他的42嫉幕挂贵。 便宜，画面不错，送会员，不过感觉资源不够新。。京东的快递真是让人惊叹，次日达不错。 不用额外的机顶盒就能看网络电视。 需要吐槽的是1.支架好单薄啊，就细细的两根塑料，对照海信的支架，我比较担心。2.插座竟然是两相的，线非常细，好的，你开心就好。3.开机时间太长了，我洗个大苹果，吃完了，开机画面还在让我耐心等待。 才买了两天，我过段时间再来。,负面
722,非常好的一款电视！下次还买索尼品牌！！,正面
2055,买了个微鲸电视，总觉得声音差点意思，想买套音响，却没有货，各位有买音响吗？是买哪个牌子的呢？,负面
2881,电视是用了两天还是比较满意的，功能比较强大呀，就是不能看直播,正面
1086,风行电视不错，这是我购买的电视中品质都不错的产品,负面
3576,画质还行，没有漏光现象。就是侧面看会有泛白，颜色失真。音质也没有宣传的那么好。电视主页面跟电视猫页面很相似。跟电视猫界面来回切换的话，很容易搞混。电视面板真的很薄，很怕屏幕会变形。蓝牙遥控还是蛮好用的。总体感觉还满意。就是不知能用多少年？,负面
400,清晰度不错，就是能安装的应用太少了，还以为和智能盒子一样呢，不知道能不能用U口安装其他应用,负面
2320,看一会就断网 没法说 谁买谁后悔,负面
3255,纠结了很久终于确认下单了。在电子产品全线涨价的时候是刚需就入了吧，活动价格还是可以了。55寸还是算不大不小的尺寸了，一般两室一厅的房子大小够了。电视整体还是可以的，做工看上去还是不错，虽然四角漏光还是明显，还好不影响平常使用。家里100M宽带，电视无线连接看什么都很快，送了一年的会员什么都能看。系统也比较好用。最后担心的就是一年之后的售后问题。,负面
3978,一直想给新装修的房子买个智能电视，突然发现了微鲸。对比了下，比小米乐视性价比高，硬件配置更高，原来买过kktv，但是对比后发现微鲸更好性价比高，虽然价格贵了一点点，但是得到了更强的硬件，所以果断选择，在618期间果断下单。很快到货，拆开后很惊艳很漂亮，挂到墙上高端大气上档次，开机流畅，遥控操作方便，UI很方便，画面细腻颜色鲜艳，总之一切到目前都很满意，大大的赞一个，推荐想换只能电视的朋友购买。,负面
703,电视性价比高，开始感觉屏幕有模糊，后来慢慢摸索调试，很清晰了,正面
293,品质好，服务也很贴心,正面
3245,对比了很多家产品. 最终选择了新兴品牌微鲸. 电视4天送到 相比起来较慢. 送货态度很不好. 好像谁欠他钱似的. 电视外包装箱被雨淋湿了. 都坏了. 电视整体还凑合吧. 没有很惊艳. 如果需要放在电视柜上 柜长要140cm以上. 能玩的游戏有限.而且都是小游戏. 总体不太值,负面
3229,微鱼鲸电话视真的超过预期，特别是音质，甩乐视几条街，已多次购买，但不明白这次的遥控器上怎么没有语音点二播，是不是发错了，前面买的几台电视都有的呀，一如继往支持微鲸，期待给我们更多惊喜!,负面
2711,听说微鲸电视不错，买了台49寸的！内容丰富！物流质量送家！就是有点慢！不过遥控器一直连接不上，按照说明书的连接方法也不行，不知道是不是操作问题！,负面
3411,物流是真快，但是悲催的是少了底架上的螺丝配件，电视安装不起来，所以还不知道电视怎么样哦，就等着一个小小螺丝配件了，好几天了还没到，能快点不,负面
2075,"发货慢,答应了2次都是一拖再拖,固定膨胀螺丝的自攻螺丝质量太差,拧一下那个十字都直接就花了,最后都是用榔头敲进去的",正面
2250,lji卖家，实物与电视安装不上，太tamalaji，叫退款还不退，反映螺丝问题居然回复到五金店配，那我不如直接在五金店买了，lji种卖家，大家注意,负面
3423,垃圾服务垃圾,负面
3743,4k 55寸电视机没想象中的大，家里还没有网络体验不了会员高清大片。小舅推荐微鲸电视品牌。希望越走越好吧！,负面
1573,收到啦回来邻居售后安装滴效果很棒清晰度也很好送货也快神速啊,正面
3495,用了两天，出现了两次黑屏的现象，换一个试试，可以的话再追加评论来,负面
3037,电视不错，感觉对软件要求更高，试了好几个软件才找到一个清晰度很高的，整体非常棒。客服态度可以。物流是我购物几年来最差的，这种物流公司不倒闭简直是没天理。大件淘宝和京东价格一样的话还是选京东吧。,负面
3890,电视屏幕左上角有2个黑点，说是屏幕里面进了灰尘，售后说这是正常的说屏幕允许有1～2处，虽然不影响观看，但是新电视难免心里会不舒服～,负面
579,质量过硬。双十一购买发货速度都非常快,正面
2922,基本上只能给一个中评到差评标准，使用半个月 做以下总结，真实评价不喜勿喷，选择片源时候死机基本上每天一到两次，画质只有它机器自带的画面比较清晰，进去片源以后色彩不好看，并且不能调节，需要返回主页选择显示效果。赠送的会员没有任何吊用，我以为可以像其他一样什么都能看，但是里面都是svip的片源 需要再花钱升级到钻石会员才可以。属于欺骗顾客，基本的同步最新电视剧都看不了，片源还少。电视声音巨差，还拿中国新歌声当幌子，声音没法听，我用了外接音响才能听，更别谈音质了！不能插稍微老一点的机顶盒因为根本没有音频视频老式接口，过了七天退货，所以退不了了，给大家一些使用感受，过几天就没有送E卡活动了，也没有满减券 我买的2 9 9 8*，基本属于贵的买价了吧,正面
277,电视不错很清楚，有时候会卡！,正面
4059,效果不错 中途有有些操作问题 客户都远程操作了 目前会员还没有搞定,正面
2908,电视机挺好用 还可以放大图像 可下载直播 就是没有电源开关 赠送的会员基本用不上,负面
668,画面色彩鲜艳柔和，画质清晰，音响效果不错，希望能耐用，好评一个！,正面
4190,差评差评差评,正面
588,性价比很高，这么大的屏幕，这个价格，而且以后能够升级，实在是很划算的,负面
970,价格优惠，东西很好，送货速度快！快递员辛苦了！,负面
203,非常满意全部五星好评！,正面
1090,一波三折，出现些小问题不过售后服务很到位，耐心。超赞 用的放心,正面
2814,首先价格便宜，几乎是商城能找到最便宜的互联网电视了，而配置却不低。送货快，快递员帮着开箱检查，没找到什么毛病，屏幕色彩亮丽无坏点。再说缺点：有了电脑的性能就有了电脑的毛病，开机慢（15秒左右），有一次开机居然还死机了。没有vga接口。屏幕反光大些。用料差些，看那单薄的电源线和插头就知道了。最大的糟点还是声音干巴刺耳，就好象音箱只装了高音而没有中低音喇叭，而且机器没有外接音箱口。当然一分钱一分货，也不好再多挑剔了。,负面
2237,京东物流都可以，微鲸厂家服务太烂。安装费用超过，售后服务态度奇差无比，再也不买这个品牌的产品,负面
2915,第二台微鲸电视了，质量很不错，就是有些资源白金会员没法看，非要钻石会员，差评！ 发货很快！,负面
177,非常好的电视使用满意,负面
3291,很好，和去年双11买的一样，只是价格贵了400,负面
2281,很赞，唯一不满意的是没有电视支架配送！质量看起来非常满意，快递员也很好，送上门还给安装好！很不错,负面
1735,电视不错，送货速度快，包装完好，自己安装调试的，很简单，开关机广告可以接受，唯一不好就是自带的软件不能看直播，给好评！,负面
3608,1:6.1凌晨拍的，6.2电视就已经到了，只是到6.3才送到家。送货速度给四星是希望能6.2就能够送货上门。 2:希望当天送货前能给客户打个电话，因为大家都忙着工作。以便客户有所准备回去接收。这也是给四星的原因。3:挂架是赠送的没一起送到不人性化。这点超级差评。4:喜欢微鲸这是第二台。,负面
2706,电视机比较轻，没有说明书，还行吧,正面
1140,电视收到了，打开看看，配置和质量非常好， 就是买的吊架还没回来,负面
4235,开机慢，喇叭声音效果一般，买了两天就降价，还好补了差价。,正面
3839,想不到今天下午就到货了，惊叹京东的送货快速。开机测试竟然碰到了问题，原来送货员没有搞清楚开关，按错了后面的原型按钮，真是醉了，差点就退货了，好在最后有惊无险。电视目前看来还是蛮惊艳的，速度非常快，就是喇叭好像一般，这款难道没有HiFi和杜比吗？会员申请需要电视系统更新后才能申请，希望后期买家可以借鉴。,负面
3976,一般般，才知道安装要安装费，感觉这个价格还是贵了，其他品牌都可以少好几百，这个牌子第一次买，着实感觉一般般，后面会继续追平，还要凑六张图我也是醉了,负面
1610,好大好薄，第一次买这么贵的东西，物流快，快递小哥很负责，给我拆开，通电验货，小米品牌也很不错,负面
1946,帮朋友的家人买的，分辨率低到不要不要，1366×768也是醉了，应该是供应链上08年标准的面板。不过其他的牌子也都这样，好处是系统可以，配置也不错，对于1298来说，如果是2G运行就更好了,负面
3663,来只打算用底座的，但是怕对小孩子造成安全隐患，我们还是选择花100元装了个挂架。 送货，安装速度都挺快的！除了第一次开机花费的时间较长以外，其它的开机时间都还可以，比乐视的要好。每次开机都有广告。特意选了2+16的，免去了买电视盒子的费用，挺好。目前用还没有出现卡顿的现象。,负面
3999,电视机质量不怎么样，买了没多久降价好几百，这不坑人嘛,负面
1630,二级能效 智慧省电 科技感机身 4K超高清WIFI智能液晶电视很好,正面
1098,很棒,正面
2750,电视不错，色彩艳丽只是有一点点漏光但不严重，就是刚买完还没有确认就又降了一百，店家又不给补差价心里感觉不舒服，但是客服的服务态度还是不错的，给点个赞吧。,负面
2828,刚买了就降价 还送挂架，叫卖家补差价开始一直打太极不肯补。说了老半天只补差价不送挂架，一直推卸责任，很失望 看个电视剧还一直闪退不能缓冲 更失望,正面
3065,客服太傻，物流太慢，电视声音不如以前的小钢炮,正面
