id,date,comment,,,,,,,,,
佐***里,2018-6-16 10:43,手机挺不错的,,,,,,,,,
左***1,2018-6-11 08:58,手机给两个妈妈买的，蛮好用，她们都喜欢,,,,,,,,,
最***爱,2018-6-9 21:20,手机不错性价比高，买台给孩子用，希望能用长久点。,,,,,,,,,
自***8,2018-6-9 15:04,这个估计是买的第七个小米了，全家小米，棒棒哒,,,,,,,,,
自***6,2018-6-10 12:30,挺舒服的比我自己苹果6p都舒服?手机一点也不卡用了几天还不错5??好评一个,,,,,,,,,
紫***鸢,2018-6-14 15:41,帮朋友买的，收到说很满意，旗舰店的东西还是很放心的。,,,,,,,,,
紫***茵,2018-6-20 08:21,挺好，满意,,,,,,,,,
紫***薇,2018-6-12 10:41,这款手机买来给爸爸用的，目前没听老爸说有啥毛病，应该还可以吧,,,,,,,,,
紫***丶,2018-6-19 20:17,给老人用还行,,,,,,,,,
紫***布,2018-6-13 10:49,物美价廉，值得入手，价位低还是正品，简直买到就是赚到，喜欢的亲完全可以信任他家，我也是比较了很多才选择他家的，收到货品后我确认选对了，低价位高品质，值得再次光顾和信赖！,,,,,,,,,
紫***2,2018-6-21 10:03,感觉还行,,,,,,,,,
梓***小,2018-6-5 07:06,送给老爸的，老爸很喜欢用着挺好的。商家发的顺丰，第二天就到货了，物流超赞，超赞。比这边实体店便宜。老爸点名要的小米手机，说是网好。,,,,,,,,,
子***鑫,2018-5-24 12:01,用了两天再来评价的。手机电池续航能力一般，打打电话什么的用个两三天还是可以的。拿在手上质感不错，尤其是送的磨砂贴膜。不太喜欢背面的曲面。总体操作还是比较舒服的，与之前用的米4使用上更方便了。699这个价格可以接受了，毕竟还是全网通的。,,,,,,,,,
子***日,2018-6-2 21:09,东西很不错，小米的手机都是一如既往地好，质量好，价格低，好评不解释。很喜欢这个特不错，真的很好，很好看的啊！,,,,,,,,,
卓***5,2018-6-16 16:01,发货速度快，小米就是好！,,,,,,,,,
庄***3,2018-6-20 19:40,儿子给买的，挺好的，字可以调大，声音也够大。用着挺舒服的。非常满意。,,,,,,,,,
专***号,2018-6-7 12:24,不错，运行速度贼快，贼快，贼快,,,,,,,,,
竹***2,2018-6-12 08:14,目前还不不错，先好评吧,,,,,,,,,
猪***人,2018-6-11 21:36,第一份工资~送老妈的,,,,,,,,,
猪***哈,2018-6-20 08:36,很满意，给老爸买的，已经用了段时间，目前没什么问题。,,,,,,,,,
朱***物,2018-5-26 08:41,此用户没有填写评论!,,,,,,,,,
朱***7,2018-6-9 14:47,小米性价比还是没得说的,,,,,,,,,
朱***2,2018-6-15 22:08,价格优惠，很好有，比较好,,,,,,,,,
周***昊,2018-6-19 15:13,一份价钱一分货 手机发烫严重 字体屏幕能变大微信什么的软件打开还是小字体老人用不了,,,,,,,,,
周***z,2018-6-14 07:07,帮公公买的，不知道怎样，先给好评。便宜,,,,,,,,,
周***n,2018-6-6 20:19,小巧，美观。用着方便。,,,,,,,,,
周***8,2018-6-10 17:29,手机还是比较有手感，够用了,,,,,,,,,
周***7,2018-6-4 22:02,此用户没有填写评论!,,,,,,,,,
周***4,2018-6-16 08:38,大家千万不要在这里买这个手机，我买了十天不到，完全用不了了，每天找客服退，他们一直不处理，也不给退，真的好厌烦了，绝对真实,,,,,,,,,
周***3,2018-6-8 18:36,帮朋友买的。占时还没问题。衣服追评看看,,,,,,,,,
周***1,2018-5-4 14:17,此用户没有填写评论!,,,,,,,,,
钟***6,2018-5-19 16:59,过几天好用给爸再买一个,,,,,,,,,
制***术,2018-6-8 16:26,小米手机感觉非常好，原来一直用杂牌机，现在用了小米，感觉反应速度非常快，电池耐用持久，我想说，以后我只会买，小米,,,,,,,,,
只***p,2018-6-8 14:42,很好的，手机很好，外公很喜欢，我家一家都是小米,,,,,,,,,
正***拍,2018-6-4 19:17,手机是帮我妈买的，好像她说也还行，以后追评,,,,,,,,,
珍***8,2018-6-15 07:50,手机质量很好   用了十多天目前没有任何问题,,,,,,,,,
这***使,2018-6-16 19:22,不错，送公公的，他挺喜欢,,,,,,,,,
这***你,2018-6-17 20:21,喜欢，好用，忠实米粉、,,,,,,,,,
这***啊,2018-6-15 16:33,怎么说呢，我刚买不够10个小时就降价了几十块，虽然不多，但是心里不好受，另外就是，这是真的老人机，玩农药勉强能玩，会很卡，各位要下手的要注意了解这点，再说一次，这是老人机老人机老人机,,,,,,,,,
赵***洪,2018-6-13 16:38,屏幕清晰 外观漂亮 功能齐全 发货及时,,,,,,,,,
赵***哒,2018-6-16 18:42,手机很好用 妈妈很喜欢,,,,,,,,,
赵***9,2018-6-12 23:18,给家里人买的，很好用,,,,,,,,,
赵***8,2018-6-12 13:48,用着挺满意的，老妈很喜欢这款颜色，卖家服务也很好，祝你们生意兴隆&hellip;&hellip;,,,,,,,,,
赵***6,2018-6-17 15:45,手机不错，给妈妈买的，到的很快,,,,,,,,,
掌***间,2018-5-19 18:27,此用户没有填写评论!,,,,,,,,,
长***柰,2018-6-11 19:26,很好，再来当备用机，非常好非常好非常好非常好非常好非常好非常好非常好非常好非常好非常好非常好非常好非常好非常好非常好非常好非常好非常好非常好非常好非常好非常好非常好非常好非常好非常好非常好非常好非常好非常好非常好非常好非常好非常好非常好非常好非常好非常好非常好非常好非常好非常好非常好非常好非常好非常好非常好非常好非常好非常好非常好非常好非常好非常好,,,,,,,,,
长***度,2018-6-19 20:30,不错，信号比较强 可以接受吧 可以接受吧，毕竟价钱摆在那里 与其它手机差不多。 这个档次的手机算不错的。 没接触过。,,,,,,,,,
张***勇,2018-6-14 13:51,给家里老人买的，挺好用的。价钱也便宜，挺实惠的,,,,,,,,,
张***叶,2018-6-9 09:51,货收到几天了，用了之后才来评价。个人感觉还不错，物美价廉吧！,,,,,,,,,
张***黎,2018-6-6 21:00,客服态度很好，我老妈给我说屏碎了，我赶紧找客服，对话如下，后来让老妈把保护膜撕了发现是膜坏了～,,,,,,,,,
张***风,2018-6-15 18:49,一直买小米手机,,,,,,,,,
张***大,2018-6-19 22:06,给爷爷买的，好用,,,,,,,,,
张***9,2018-6-20 09:01,小米的性价比还是挺高的，买给爸爸用的，挺满意的,,,,,,,,,
张***8,2018-5-25 18:26,帮家人买的，没有晒图。性价比还是非常不错的，之前也给家里老人小孩子读书的买过几台小米的，红笔来说总体还行，正常的看电视微信什么单位也能正常使用，主要还是开心就好！,,,,,,,,,
张***5,2018-6-4 14:05,还不错，是正品，一直喜欢小米手机，活动价买的，性价比很高，这款手机大小是我喜欢的。,,,,,,,,,
张***1,2018-6-5 10:15,手机很好，老婆很喜欢，下次再来这家买，快递很快，第二天就到了,,,,,,,,,
张***0,2018-6-19 10:09,太垃圾了，图片为证！！！,,,,,,,,,
战***飞,2018-6-18 17:33,给爸爸买的手机，接电话声音够大，电池容量还不错，老人机，性价比不错，其他性能不做评价，还没用到。,,,,,,,,,
宅***翼,2018-6-20 16:04,买给妈妈用的,,,,,,,,,
责***向,2018-6-16 21:35,累计算算买的第八个小米手机了，实惠够用就好吧，看了好久的小屏机，这个价位的小屏机不好找，就是买过后出了米8se和红米6；价位在这没大毛病，就是亮屏貌似慢了半拍，总体好评,,,,,,,,,
早***烦,2018-6-17 18:53,给爸爸买的手机，他非常满意，非常喜欢，好评 好评 好评！！！！！！！！！？,,,,,,,,,
再***4,2018-6-21 18:57,手机挺好用的,,,,,,,,,
仔***9,2018-6-4 11:23,性价比高 物流速度快 外观看起来还挺精致 这个配置奶奶用 足够了,,,,,,,,,
砸***7,2018-6-14 23:12,第一次买小米手机，物流很快值得赞！客服也很负责，货到后来电确认！赞！冲这两样又买了一个小米充电宝！手机手感不错！性能嘛，暂时还算流畅！给老人家用的这配置应该可以的！就是不知道电池能否仅用！过段时间再追平！,,,,,,,,,
云***影,2018-6-10 18:32,用了一下，还是比较顺手，买给父亲节的礼物，爸爸应该会喜欢的,,,,,,,,,
云***3,2018-6-13 16:01,用着不错，第一天好评，后期再追加,,,,,,,,,
岳***学,2018-6-6 23:05,奶奶还在学 这手机像翻新机 不像新的,,,,,,,,,
岳***瑞,2018-6-11 23:29,非常好非常喜欢小米，一直是我的热爱。,,,,,,,,,
月***芸,2018-6-5 20:38,s^t很好买了很多小米了每次都没有失望,,,,,,,,,
月***忆,2018-6-14 10:14,还不错，性价比高,,,,,,,,,
月***荣,2018-6-19 15:56,此用户没有填写评论!,,,,,,,,,
月***年,2018-6-18 07:05,人生来孤单，年长后的岁月更是如此。每个人都有各自的生活，大家各有各的家庭，各有各的鸡毛蒜皮。  真正的生活也必须由你自己去经历。不要指望任何人永远理解你。  学会一个人消化理解，一个人默默蛰伏。  当你咬牙挺过各种难以逾越的内心痛苦，当你坚持走过一段孤独的长路，你会发现，一切并没有想象中的那么难。  甚至孤独最后也变成了一种美好的享受。  ?,,,,,,,,,
月***8,2018-6-19 11:15,手机非常好用。小米就是好。,,,,,,,,,
愿***首,2018-6-19 08:36,占时没有问题挺好用,,,,,,,,,
愿***4,2018-6-10 10:58,挺好挺好不错不错！很实用！,,,,,,,,,
缘***7,2018-6-20 10:25,东西挺好的，就是服务有点不给力,,,,,,,,,
媛***爸,2018-6-11 16:05,给老人买的，老人很喜欢，用着还不错，待机时间长，还有老人机模式，老人用着很习惯，总之很满意！,,,,,,,,,
原***呀,2018-6-20 23:55,用起来很上手,,,,,,,,,
豫***1,2018-6-4 21:46,续航能力：手机收到了！红米5a外观漂亮精致，手感相当好，功能基本都有！对一个不常玩手机的16g内存 已经足够了。,,,,,,,,,
煜***啊,2018-6-2 22:10,给妈妈买的，收到货就下载了王者，玩的还可以，不卡，,,,,,,,,,
欲***妖,2018-6-4 13:15,反应挺快的，爸爸很开心勒，,,,,,,,,,
郁***8,2018-6-6 13:45,买了好几台了，放在店里，作为每个店的专用手机，联络顾客，便宜划算，使用方便。,,,,,,,,,
郁***6,2018-6-19 01:50,真无语第一次试过三天才发货,,,,,,,,,
玉***家,2018-6-19 12:49,手机还不错，可是标配没有耳机，有点那个啥了哈,,,,,,,,,
玉***8,2018-6-5 11:38,小米手机第四次购买，之前忘记领5元优惠券了，跟店家协商了半天也没用，很小气的商家，七百元的货，5元都舍不得返回，太小气了，我买人家30元的货，还返现5元呢，我又是老客户，一点面子也不给，下次买荣耀的手机，也不错，也性价比高，不比小米差,,,,,,,,,
玉***6,2018-6-11 19:11,手机很漂亮，轻薄漂亮，系统很流畅，很喜欢,,,,,,,,,
玉***3,2018-6-12 23:16,快递员好评！手机还没有用，等用过了在来评价,,,,,,,,,
雨***鱼,2018-6-21 21:51,买给长辈使用，性价比极高。目前为止使用感还是很好，长辈们都非常满意，买完一部又一部，还帮朋友买了。不过这个银灰色实物真的不好看，香槟金色的比较好看。,,,,,,,,,
雨***情,2018-6-13 10:44,刚用了几天，性价比还可以，一直是小米米粉，希望越做越好,,,,,,,,,
雨***9,2018-6-10 14:23,挺好的，性价比高 下次需要还会支持小米的,,,,,,,,,
雨***5,2018-6-7 06:13,用着可以，给妈妈买的，手机拿着在床上看不累手，家里好几部小米手机。,,,,,,,,,
宇***妞,2018-6-10 14:31,等使用追加,,,,,,,,,
俞***峰,2018-6-18 22:14,很不错 妈妈用着挺好 就是声音还不够大,,,,,,,,,
鱼***觞,2018-6-20 17:35,客服的态度不好，把我的问题转了多次,,,,,,,,,
鱼***门,2018-6-8 12:12,我用红米还蛮好。就给我爸买了。刚好特价。还不错,,,,,,,,,
余***行,2018-6-8 23:19,非常好的手机，用小米手机好几年了。,,,,,,,,,
余***5,2018-6-7 13:37,正在使用中，没发现什么大问题！很喜欢！价格合适大小合适,,,,,,,,,
有***完,2018-6-9 11:33,质量非常好，与卖家描述的完全一致，非常满意,真的很喜欢，完全超出期望值，发货速度非常快，包装非常仔细、严实，物流公司服务态度很好，运送速度很快，很满意的一次购物  给老爸买的,,,,,,,,
有***道,2018-6-16 02:33,包装不太好  现在连手机壳都不送了,,,,,,,,,
友***厂,2018-6-11 16:12,实惠又好用,,,,,,,,,
悠***叶,2018-6-16 22:24,这个是给妈妈买的，暂时没有，因为要换手机卡，以前在旗舰店买过红米手机还不错，这个应该也不会有问题吧,,,,,,,,,
悠***心,2018-6-21 15:09,不错，买的第三个小米手机了，家人很喜欢！,,,,,,,,,
忧***l,2018-6-15 19:17,很好，挺流畅的，老爸觉得可以！,,,,,,,,,
颖***得,2018-5-24 22:05,发货超快，昨晚下单今天中午就收到货了。。。超满意&hellip;&hellip;,,,,,,,,,
樱***2,2018-6-8 15:29,支持小米 不错的公司 以后会有很大发展,,,,,,,,,
英***6,2018-6-14 00:13,再用一些日子再说吧,,,,,,,,,
隐***儿,2018-6-11 08:20,挺好的，性价比非常高了～,,,,,,,,,
引***义,2018-6-7 06:52,给老人用的，挺好的，操作流畅，外观漂亮，希望能耐用。,,,,,,,,,
尹***哥,2018-6-11 13:30,说实话这手机的性价比是没谁了！给老爸买的，他很喜欢！就是wifi不如去年给老妈买的4x信号好！总体还是好的！全家小米，最近我有打算上手米8了，支小米！Are you OK？,,,,,,,,,
银***淘,2018-6-12 08:11,买给妈妈用的，顺丰快递到货很快。手机用起来比之前的红米2好用。目前一切正常 希望经久耐用。,,,,,,,,,
茵***9,2018-6-18 21:15,作为备用机可以,,,,,,,,,
奕***s,2018-6-17 21:57,挺好的，这我麻麻买的。,,,,,,,,,
忆***？,2018-6-17 22:15,手机很方便，时潮流，物有所值，功能强大,,,,,,,,,
以***新,2018-6-8 21:24,solo了客厅看电视啊！我现在在学校呢啊，？我现在去洗澡睡觉吧._嗄勾起回忆了吧，！，，_????,,,,,,,,,
遗***1,2018-6-17 21:36,给爸爸的父亲节礼物，很庆幸也是在父亲节这天收到，谢谢店家。没有看到实物，爸爸说挺好的，暂时没有发现问题，希望使用过程中顺畅,,,,,,,,,
t***箱,2018-6-11 21:43,卖家给我寄了邮政小包，隔壁省寄过来，一周才到。所以我给卖家全一星????,,,,,,,,,
依***1,2018-6-18 21:22,据说还可以，快递正常，推荐。,,,,,,,,,
衣***痕,2018-6-12 08:58,给老爸买的 好用,,,,,,,,,
伊***衣,2018-6-11 09:53,一款正宗的备用机，屏小轻薄低调，不容易引起小偷们的注意&hellip;,,,,,,,,,
伊***尼,2018-6-10 07:31,暂时用着还行,,,,,,,,,
一***受,2018-6-18 18:29,希望后期不发热吧，,,,,,,,,,
一***人,2018-6-14 20:31,比较满意，适合父母用，始终如一的小米,,,,,,,,,
一***奇,2018-6-4 11:19,手感很好，速度也不赖。特意用了几天，待机还是一大亮点，给我父亲用的，声音也清晰响亮，他很喜欢。性价比超赞！！,,,,,,,,,
一***年,2018-6-18 21:02,很好用，家里人现在用的基本上都是小米了~,,,,,,,,,
一***吹,2018-6-5 15:07,物流快，买给麻麻用，划算,,,,,,,,,
一***h,2018-6-21 17:48,买给老妈的^_^便宜好用哈哈哈哈哈 她还不会用,,,,,,,,,
一***5,2018-6-4 21:56,性价比超高  很不错的手机   这已经是第五个小米了   不大不小刚刚合适,,,,,,,,,
一***0,2018-6-12 20:00,发货舒服太慢了，京东一天就到了,,,,,,,,,
夜***眼,2018-6-20 22:07,买给老爸的。顺风的速度惊艳到我了，开机体验很好。,,,,,,,,,
夜***刹,2018-6-10 20:14,挺不错的，性价比也比较高,,,,,,,,,
夜***8,2018-6-7 22:11,我是一个忠实的米粉，已经用了四个小米手机了，这次又给爸爸和妈妈一人买了一个，真的是很好用，用了很长时间了一点都不卡，以前都是让别人带买，这次不带麻烦别人了，买回来一看不错，跟描述的一样，是正品，喜欢的亲们赶快下手吧，欢迎你们加入米粉！！！,,,,,,,,,
叶***4,2018-5-23 10:18,给爸爸买的 老年人用还是不错的，字体超大?几个常用的软件完全够用,,,,,,,,,
要***i,2018-6-19 13:05,这不是欺骗顾客吗，小米什么时候也变得这样了,,,,,,,,,
妖***华,2018-6-12 23:03,老用户了，家里人用的都是小米，好评,,,,,,,,,
妖***7,2018-6-14 14:09,挺好的，给老年人买的，老年人用还是可以的,,,,,,,,,
洋***2,2018-6-9 14:15,还好,,,,,,,,,
杨***z,2018-6-19 13:24,触屏不灵敏。其他还好，,,,,,,,,,
杨***9,2018-4-1 20:00,此用户没有填写评论!,,,,,,,,,
杨***0,2018-6-5 19:51,给爸爸买的，颜色很喜欢,,,,,,,,,
阳***木,2018-6-6 15:51,不错，挺好的，给朋友买的，一直都用小米系列手机。,,,,,,,,,
阳***o,2018-6-17 09:24,第n次购买了，一如既往地好，好评,,,,,,,,,
扬***行,2018-6-10 22:35,除了屏小点没啥问题，上网也挺顺畅。老公出去干活不能用好手机，老是摔碎屏。一个月买了两个小米6x一个红米5a，啥都不想说了，好评奉上,,,,,,,,,
彦***2,2018-6-19 08:34,很好，买给奶奶用的，她很喜欢！,,,,,,,,,
颜***3,2018-6-11 21:04,小米手机的忠实粉丝，性价比很高的手机。,,,,,,,,,
炎***a,2018-6-11 19:22,性价比超高的一款手机，大爱.,,,,,,,,,
严***8,2018-6-18 23:14,米粉卡一直都没有 客服一直说七天七天 都快一个月了 半点消息没有 不指望了 客服只会拖 根本不会解决问题,,,,,,,,,
鄢***0,2018-6-13 09:52,发货好快啊，手机挺好用的，性价比高,,,,,,,,,
烟***盼,2018-6-17 09:14,用了十天  给妈妈买的 试用了下感觉不错 3+32g够用 没出现卡顿问题,,,,,,,,,
雅***9,2018-6-6 21:24,东西不错，给老爸买的，很好用的。,,,,,,,,,
薰***函,2018-6-14 12:41,手机给爸爸买的，听好用的，他很喜欢,,,,,,,,,
雪***盈,2018-6-6 15:29,用了一段时间了，没什么问题，给老人看店收款用的，之前来买过小米5，用着也挺好的，送的电话卡还给上门服务，很周到，有需要还会再来的～,,,,,,,,,
薛***忠,2018-6-8 13:17,还行啦，给老爸买的，还能当做遥控器，老爸很满意,,,,,,,,,
薛***呢,2018-6-17 09:51,给父亲买的,,,,,,,,,
萱***3,2018-6-17 11:58,用了几天了，挺好的，下回换手机还买小米的,,,,,,,,,
轩***妍,2018-6-17 14:17,全家都用小米，好，已经买很多次了，好评好评非常好，，好评好评，非常好，好评非常好，已经买很多次非常好，已经买很多次了，好评好评了，好评好评非常好，已经买很多次了，好评好评,,,,,,,,,
许***许,2018-6-20 15:04,不错哦，物美价廉&hellip;,,,,,,,,,
许***1,2018-6-7 12:20,已经买了2部了，给爸妈用，操作很方便，小米经济好用。,,,,,,,,,
徐***欢,2018-6-6 21:30,这次618速度杠杠的上午拍的下午就到了，是帮朋友买的，朋友对手机要求不高所以完全够用，另外这次618很合算,,,,,,,,,
徐***5,2018-6-20 13:34,收到，开机好慢！慢慢适应吧！,,,,,,,,,
徐***2,2018-6-17 17:43,很不错，家里人很喜欢！小米很超值,,,,,,,,,
须***买,2018-6-9 11:45,一直用小米都挺好  这次有点小插曲不过换新了  希望不会再出问题吧,,,,,,,,,
修***娃,2018-6-12 06:30,一直信任和使用的品牌手机，不错。,,,,,,,,,
修***殇,2018-6-3 16:30,目前一切都好，发货神速度当天下午下单第二天早上就到了，不错不错，小米手机还是很人性化的，就是没有耳机有点可惜，总体来说这个价位很不错了,,,,,,,,,
熊***妈,2018-6-11 18:13,649买的  32G  浏览网页 发发微信  足够,,,,,,,,,
姓***聊,2018-6-18 15:27,老妈用的不错,,,,,,,,,
信***8,2018-6-17 19:55,还行吧 用了一天感觉还不错  给我爸买的  他一般都是上上微信  斗斗地主 听听音乐   这个肯定够用的了,,,,,,,,,
鑫***的,2018-6-12 09:31,此用户没有填写评论!,,,,,,,,,
馨***印,2018-5-29 20:26,不错，价格挺便宜的，给老妈买的就当做老年机使了，装了简单的一些应用，如果内存能够更大，就更完美了，不过妈妈也很满意，下次还会支持小米。。。。。。。,,,,,,,,,
新***际,2018-6-21 18:34,比普通山寨机强得多,,,,,,,,,
心***韵,2018-6-14 10:34,买给老妈的，用着看看,,,,,,,,,
心***美,2018-6-12 15:24,质量非常好,,,,,,,,,
心***好,2018-6-19 19:00,买给老爸的，他很喜欢,,,,,,,,,
心***4,2018-6-7 10:38,给老婆婆用不错，网速还行，到货快，下次还买这家,,,,,,,,,
蟹***妹,2018-6-13 14:12,什么都挺好的老人用着也喜欢 但是附加的Sim卡赠送恭维不起 一周了也不发货等我去问才说要实名认证 认证完过一天了还没发货 虽然是附加赠送项如果细节做不好还不如不出这个 最后自己买了张卡给老人用更快了 有待改善,,,,,,,,,
邂***0,2018-6-12 17:47,几百块钱的手机用着挺好,,,,,,,,,
谢***士,2018-6-14 21:06,宝贝收到了，试用了一下运行速度很快，不错！,,,,,,,,,
谢***4,2018-6-15 08:05,手机是不错，介绍页面下边说送米粉卡没有送，差评,,,,,,,,,
笑***岳,2018-6-9 12:25,顺丰非常满意，送到楼上，没有让我们家的大肚子下去拿，给你101分,,,,,,,,,
筱***灰,2018-6-17 10:51,给老爸买的，还不错。,,,,,,,,,
晓***倪,2018-6-20 20:24,还可以吧！给老人用的,,,,,,,,,
小***熊,2018-6-15 09:39,买了还没用，这个价格还可以吧,,,,,,,,,
小***潇,2018-6-20 18:11,挺满意的，不过电量用得挺快,,,,,,,,,
小***骚,2018-6-12 21:42,宝贝收到了，给妈妈买的，挺棒的，就是物流不给力，用了一个多星期才到的。机子各方面都挺好的。满意，第三次买了好评！,,,,,,,,,
小***钱,2018-6-18 10:48,很可以，很好用，这个价值了,,,,,,,,,
小***铺,2018-6-11 14:46,还没用 目前正常,,,,,,,,,
小***哦,2018-6-15 08:05,质量杠杠的！给老爸老妈买的！,,,,,,,,,
小***喵,2018-6-7 19:48,实惠又好用 妈妈很喜欢,,,,,,,,,
小***跟,2018-6-20 09:34,性价比高。好评！,,,,,,,,,
小***哥,2018-6-21 14:40,很不错 妈妈很喜欢,,,,,,,,,
小***饭,2018-6-7 08:03,手机不错用起来挺流畅价格也便宜,,,,,,,,,
小***动,2018-6-16 13:05,挺好的，从红米3，红米4x，红米5A，认为小米是值得信赖的品牌！,,,,,,,,,
小***大,2018-6-19 08:59,手机没有自带极简桌面，还要另外下载应用。下载的应用里有流氓插件，什么输手机号码领红包，删都不掉。,,,,,,,,,
小***哒,2018-6-21 19:29,适合父母用,,,,,,,,,
小***草,2018-6-4 14:36,手机物超所值，适合父母等老年人使用，便宜实惠呢，哈哈哈哈哈～,,,,,,,,,
小***才,2018-6-18 09:30,适合老年人  功能全 性价比高 值得购买,,,,,,,,,
小***贝,2018-6-9 03:04,宝贝满意，画面清晰，我喜欢，跟图片上的一样。,,,,,,,,,
小***y,2018-6-21 09:41,已经买了第三次了，好用就是回头客，质量好，有保障。,,,,,,,,,
小***o,2018-6-10 10:15,当老人机用的，暂时还不错,,,,,,,,,
小***j,2018-6-13 12:04,不错，买给爸爸用的，目前还可以,,,,,,,,,
小***a,2018-5-15 20:11,很好用，送给妈妈的，很喜欢，好评，下次再光顾,,,,,,,,,
小***8,2018-6-9 15:31,给爸爸买的，一直都是给爸妈买小米手机，实用性很强性价比高，款式也不错 老年人智能机首选。,,,,,,,,,
小***7,2018-6-11 07:17,买给老婆婆的，不错，挺好的。,,,,,,,,,
小***6,2018-6-16 11:35,挺好的，棒棒哒,,,,,,,,,
小***5,2018-6-11 14:09,送给妈妈的，挺喜欢的,,,,,,,,,
小***3,2018-6-18 22:17,手机不错，操作简单方便，老爸喜欢。其实速度还行。,,,,,,,,,
小***2,2018-6-18 15:40,不错，妈妈很喜欢，也挺快了的，就是像素很垃圾,,,,,,,,,
小***1,2018-6-18 20:17,挺好用的，跑分高。,,,,,,,,,
小***0,2018-6-18 11:18,暂时没问题,,,,,,,,,
潇***2,2018-6-20 16:29,给婆婆买的，挺好没拍照，回头再追评,,,,,,,,,
萧***7,2018-6-13 20:22,光合谷uu西游记过过瘾吃海鲜赶紧发喜欢喝特尔,,,,,,,,,
想***灬,2018-6-17 19:33,必须妥妥的好评！特别感谢快递师傅！给老父亲的父亲节礼物，下午三点多了才到威海，不到五点手机就送到了，十分感谢！,,,,,,,,,
相***7,2018-6-6 17:11,非常不错给老妈买的，赶上活动优惠五十元，性价比非常高啊，对于不会玩游戏的老人用足够了，而且家里的手机都是小米的，一直支持小米，用着非常好，而且老妈很喜欢?,,,,,,,,,
现***你,2018-6-21 18:53,物流速度还可以，手机也是正品，但是出现了一些小问题，正在协调卖家处理,,,,,,,,,
显***乐,2018-6-10 17:37,手机还行，目前没啥问题，大小合适，用着顺手就行，拍照流畅度都还可以，毕竟价格再哪里，已经很好了,,,,,,,,,
夏***悠,2018-6-21 15:19,比平时又优惠了几十元，做为管理微信公众号工作手机够用啦！,,,,,,,,,
夏***沫,2018-6-5 18:00,手机还不错，老爸说挺好用的。,,,,,,,,,
下***天,2018-6-16 19:19,妈妈用的，据说还可以,,,,,,,,,
下***1,2018-6-17 17:17,给老爸买的，说声音有点小，我家全用的小米，就是小米客服太慢，太麻烦，这么多年一直没改变，总搞个机器人，机器人能解决的百度都解决了~人工服务实在太慢,,,,,,,,,
喜***你,2018-6-13 17:34,啊，这么好的卖家，如果将来我再也遇不到了，那我该怎么办，直到我毫不犹豫地把卖家的店收藏了我内心的那种激动才逐渐平静下来，可是我立刻想到，这么好的卖家，倘若别人看不到，那么不是浪费心血吗，经过痛苦的思想斗争，我终于下定决心，牺牲小我，奉献大我。我要以此评价奉献给世人赏阅，我要给好评 .,,,,,,,,,
嘻***狸,2018-6-14 11:53,宝贝收到，买送给妈妈的，还不错，用过一段时间再来追评,,,,,,,,,
熙***逸,2018-6-14 20:51,不错，老爸收到后用得用开心！,,,,,,,,,
希***量,2018-6-18 06:19,我知道这么便宜的会卡，我想着是用一段时间后才卡，没想刚到手就这般卡，失望。,,,,,,,,,
希***a,2018-6-17 20:53,不错的手机，挺喜欢?,,,,,,,,,
希***2,2018-6-9 13:07,家里人的电话全是小米系列，一直在这里买。,,,,,,,,,
西***6,2018-6-17 12:27,左边是小米商城app买的母亲节礼物，右边是父亲节天猫买的，同一款手机，同样的设置，屏幕颜色差这么多，找客服，客服一直强调质量没有问题，真是后悔死了在淘宝买这个，膈应死了，屏幕明显暗很多，买给家里老人用的，真是无语，还让我自己去检测？？？这么明显的问题看不出来，真是怀疑手机真假做工了，再也不会在这家店买东西了,,,,,,,,,
西***5,2018-6-10 15:30,相信小米的品质,,,,,,,,,
夕***雪,2018-6-9 16:24,手机耗电不快，小巧，拿着舒服，性能也不错,,,,,,,,,
午***心,2018-6-11 09:38,值得信赖的品牌，一直用小米,,,,,,,,,
梧***步,2018-6-17 08:59,标配里竟然没有耳机？,,,,,,,,,
吴***c,2018-6-17 11:25,给老爸买的老年机，他很喜欢，手机大小合适，屏幕分辨率可以，运行速度也还行。,,,,,,,,,
吴***7,2018-6-20 11:39,老年机还好，物流慢,,,,,,,,,
吴***1,2018-6-17 12:34,刚收到用了一天，看看好不好吧！给妈妈用的，有点看不清，感觉亮度到头了也不是太亮，有点磨砂的效果，没有贴膜,,,,,,,,,
无***雨,2018-6-15 15:56,像素不好，备用机用用还是可以,,,,,,,,,
无***比,2018-6-10 17:59,给母亲买的 感觉挺好 卖家服务也挺好的,,,,,,,,,
无***1,2018-6-17 15:19,挺好的，便宜,,,,,,,,,
巫***哒,2018-6-19 09:16,用着很流畅！不知道几个月后会怎么样！几个月后我在追加评价.,,,,,,,,,
我***年,2018-6-8 20:36,给家人买的，收货几天后，才确认的。一直以来都比较喜欢小米，是小米的忠实粉丝。???,,,,,,,,,
我***明,2018-6-18 09:51,给公公买的，他很喜欢，不过刚开始用智能机他还不太适应，手机挺好的，和实体店一样，比实体店优惠，不错,,,,,,,,,
我***赖,2018-6-17 09:20,给妈妈买的，还可以吧,,,,,,,,,
我***基,2018-6-18 10:13,买给弟弟的 他很喜欢,,,,,,,,,
我***哈,2018-6-5 08:35,给老爸买的，当做只能老人机用，配置足够，内存足够，很满意,,,,,,,,,
我***儿,2018-5-25 13:18,家人都用的小米手机，老爸的手机被客人弄到水里了，由于不知晓情况，泡了时间太久报废了，给老爸再买一款，非要便宜的就行，那就这款吧，也很不错了，老爸很喜欢！家里都是小米的商品，从没有失望过！一如既往地支持，有需要还会优先考虑小米的商品，只要有就会毫不犹豫入手！,,,,,,,,,
我***丶,2018-6-18 12:15,6年米粉，不多说了，一直用小米公司的产品,,,,,,,,,
我***大,2018-6-4 19:24,给老妈买的,操作简单,拍照也不错.挺实用的.小爱音箱非常不错,功能强大,女儿喜欢,可以当故事机,查天气,听新闻,听歌曲只要一句话就可以.希望小爱功能越来越强大.,
我***博,2018-6-19 09:33,刚买了还没有确认收货就降价五十！不开心！,,,,,,,,,
我***啊,2018-6-12 13:23,给家里买的，相信小米买过七八个手机了你们家,,,,,,,,,
我***q,2018-6-16 12:48,我看见我的爱恋 我飞到她的身边。 我捧出给她的礼物， 那是一小块凝固的时间。 时间上有美丽的条纹 我起来像浅海的泥一样柔软。 它把时间布满全身 拉起我飞向存在的边缘。 这是灵态的飞行 我们眼中的星星像幽灵。 星星眼中的我们也像幽灵。,,,,,,,,,
我***n,2018-6-20 22:15,小米小米真好用,,,,,,,,,
我***9,2018-6-6 22:17,此用户没有填写评论!,,,,,,,,,
我***8,2018-6-19 09:42,适中 好 强 流畅 好 好,,,,,,,,,
我***6,2018-6-14 08:03,试用中，用段时间在看,,,,,,,,,
我***5,2018-6-6 12:46,帮朋友拍的，一直在使用红米手机，价格亲民，也能用的住，已经帮身边的朋友买过n多个了，就是有的时候刚刚收到货后就搞活动降价，店家也不返差价这点不好，如果拍的时候能告知一下近期有活动，等两天也无妨，心理也会平衡些。,,,,,,,,,
我***3,2018-6-19 11:54,还可以吧，电量用的比较快就是了,,,,,,,,,
我***1,2018-6-20 11:07,目前正常使用，送的什么礼包，其实不太能明白啥东西，无形的，能用就行,,,,,,,,,
我***0,2018-6-12 08:52,买给老爸用的，老爸眼睛有点老花了，手机可以把字调大，因为老爸不玩游戏不看电视，日常只是接打电话，看看天气，新闻啥的，所以下载的软件不多，目前还没有卡的迹象，希望手机和电池都能耐用点,,,,,,,,,
稳***9,2018-6-19 17:43,手机用着很好，反应速度也很快，颜色也很好看，发货舒服很快,,,,,,,,,
温***你,2018-6-15 10:13,还不错 适合老年人用,,,,,,,,,
温***8,2018-6-14 10:43,挺好用的，电池耐用,,,,,,,,,
未***白,2018-6-17 12:39,已经买了几个了，性价比高,,,,,,,,,
伟***0,2018-6-10 21:53,买的16G，实际只有不到11G，内存容量差太多！其次！刚买第二天就降价！货都没收到就降价！虽然钱不多，但是这样让消费者心理超级不爽！很不满意！,,,,,,,,,
维***5,2018-6-6 20:12,特别实惠，给老爸买的，老爸很喜欢，老年人用着正好！,,,,,,,,,
唯***合,2018-6-6 10:43,手机很好用，给老人买的，比较满意,,,,,,,,,
唯***5,2018-6-18 21:25,不好用。卡得要死，而且还没有耳机，真的是垃圾&hellip; 大家都不要买真的卡卡卡，反应慢慢慢。,,,,,,,,,
为***醉,2018-6-21 21:18,活动买的，很划算,,,,,,,,,
薇***猪,2018-6-21 11:22,手机是正品，手机回来很激动很兴奋，直接用了一下，挺好用，的，不卡一点，就是不知道以后会怎么样了 快 还行 还行 还行 棒棒哒,,,,,,,,,
微***7,2018-6-10 12:19,客服态度特别好很有耐心，物流很快第二天就到了。手机是送给父母用的，他们很喜欢，用着也不卡。家里人有4个用的都是小米的手机。小米的手机真的性价比特别高。,,,,,,,,,
微***5,2018-6-21 23:23,给婆婆买的，这个价位的智能机，这款已经很好了。字体大，老年人也看得清楚，没事还可以看看电视什么的，挺好的,,,,,,,,,
威***信,2018-6-12 13:29,很快就收到货了，质量挺好的，很满意，下次还来买！,,,,,,,,,
望***行,2018-6-8 14:21,全新  暂时还没发现问题  总体非常满意,,,,,,,,,
忘***梦,2018-6-12 21:53,给我妈买的手机，我没看到，不过跟她视频画面很清晰的，这点就很好了。老人家用刚刚好,,,,,,,,,
忘***5,2018-6-19 20:02,给爸爸买的，还不错,,,,,,,,,
忘***3,2018-6-2 21:21,还不错，是正品。跟官网一模一样，有现货，而且优惠了五十元。就是每年一部的速度有点受不了,,,,,,,,,
网***城,2018-5-24 23:35,好卖家，谢谢你，我厂生产全不锈钢三轨迹高级叶片锁锁芯，使用方形边柱，具有防技术性拨开、防电钻钻开、防暴力工具撬开、防止用别厂钥匙套开的功能，已申请了多项专利，请认准&ldquo;蒋门神&rdquo;商标，除了用钥匙（理论上可做到60亿把锁不重复钥匙），真正别无他法开启的好锁芯。 不错,,,,,,,,,
王***源,2018-6-18 16:40,给公公买的，不错，性价比高。,,,,,,,,,
王***淘,2018-6-21 10:05,手机不错,,,,,,,,,
王***倩,2018-6-8 17:03,很不错，磨砂手感的屏幕！,,,,,,,,,
王***l,2018-6-10 21:25,忠实的米粉，给爸妈买的，质量不错,,,,,,,,,
王***6,2018-6-12 12:55,性价比超高的一款手机，大爱！给妈妈买的，对于平常看看电视 刷刷朋友圈的人来说 足够了，颜值也还可以，几百块钱的手机，真的可以了，说真心的！顺便在网上买了一款钢化膜和手机壳，套上去非常完美的一款手机，再也不怕摔了！ 好,,,,,,,,,
王***3,2018-6-5 18:35,手机很好，客服泽米润娅的服务也很好，我非常满意，只是手误评价给点反了，但愿别因此影响人家的工作,,,,,,,,,
王***2,2018-6-12 08:21,一直用红米系列的，感觉还是很不错的。  这次因为给老人买的，手里有张电信的老卡大了一点，就去营业厅剪小了。结果发现还是插不进去，营业员说自己拿回去用小刀把卡刮薄一点再插就行了。卡厚了？刮（薄）卡？手机卡的厚度不是都一样的吗？？  半信半疑的拿回来把卡刮了一下，终于勉强插进卡槽去了，万幸一切正常。嘿  最后就是手机连一张普通的贴膜都没得送！哎,,,,,,,,,
王***0,2018-6-16 15:29,到底是小米还是红米？为什么我朋友买的要便宜好多？,,,,,,,,,
亡***白,2018-6-5 08:18,最基本的耳机和普通的手机壳都没有，手机还行吧，挺支持小米的,,,,,,,,,
汪***0,2018-6-12 15:14,此用户没有填写评论!,,,,,,,,,
万***8,2018-6-3 20:17,好好好！（此评论虽然才三个字，但语法严谨，用词工整，结构巧妙，琅琅上口，可谓言简意赅，是见评论人扎实的文字功底，以及信手粘来的写作技巧和惨绝人寰的创作能力，实在佩服佩服，再加上以感叹号收尾，实在是点睛之笔）,,,,,,,,,
万***7,2018-4-2 00:48,此用户没有填写评论!,,,,,,,,,
晚***床,2018-6-11 10:53,帮老爸买的，老爸挺喜欢的！,,,,,,,,,
玩***m,2018-6-19 11:01,第二次购买了，很好，正品,,,,,,,,,
外***x,2018-6-17 09:27,给爸爸买的，老年人用错错有余，很喜欢，便宜又好用,,,,,,,,,
兔***啊,2018-6-20 17:55,手机老爸已经用了个把礼拜  不错  还挺顺畅  老爸满意  现在可以和家里视频了！,,,,,,,,,
头***方,2018-6-13 08:38,买给老妈的，老妈说挺好的。,,,,,,,,,
童***笑,2018-6-20 09:12,手机很好，老爸很喜欢，物流配送也很快,,,,,,,,,
婷***6,2018-6-7 17:24,拿到手开机的内存只有这么多，给家里老人用，也就随便用用，是挺轻的，客服也很热情，有问必答,,,,,,,,,
跳***子,2018-5-23 10:57,非常喜欢这一款宝贝，很漂亮也很实用，正还是我需要的，送货的速度也是一如既往的快速，我身边的小伙伴看到了也很喜欢，都问我是在哪里买的，所以我也会推荐给我的小伙伴们来买！真是一款十分好用的产品！价格也很实惠，非常实在！我对比过其他平台的同款或者类似的商品，最后还是选择了这里！希望掌柜可以越做越好！一如既往的支持！加油！,,,,,,,,,
甜***b,2018-6-5 12:07,买给妈妈用的，外形好看，机身不厚，手感可以的！希望好用噢,,,,,,,,,
甜***1,2018-3-31 19:19,此用户没有填写评论!,,,,,,,,,
田***5,2018-6-9 14:15,物流特快，宝贝便宜又实用，想买的快点入手吧,,,,,,,,,
田***4,2018-6-6 16:50,手机收到了，寄回老家了，没看到，不过质量应该还可以吧，毕竟是旗舰店，活动力度再大一些就好了，哈哈，不过已经知足了，给老人用的，开个视频什么的比较方便,,,,,,,,,
天***婷,2018-6-18 13:33,帮同学买的，我全家人都是买这牌子，值得信赖，反正我喜欢,,,,,,,,,
天***7,2018-5-29 12:30,手机收到了，给爸爸买的，不得不说物流太给力了。手机刚开机试一下，小米手机从没让米粉失望过，太强大，！系统流畅，画面清晰，不卡顿，总之就是棒棒哒！卖家服务态度给个赞，耐心讲解，电视持久多久还不知道。拿在手里手感很好。。全五分。,,,,,,,,,
天***5,2018-6-12 23:04,宝贝米不错！反应灵敏，功能实用，物真价实，一次满意的购物！点赞！,,,,,,,,,
天***0,2018-6-19 15:23,挺好的买给妈妈的。,,,,,,,,,
提***痛,2018-6-10 23:35,手感很好，流畅,,,,,,,,,
藤***哥,2018-6-15 01:10,速度很快，手机挺不错,,,,,,,,,
淘***员,2018-6-7 09:13,OK OK 测试中 OK OK 发货很快，给老爸用的，功能、性能都足够足够了，很不错，性价比高,,,,,,,,,
淘***神,2018-6-13 17:00,感觉还是非常不错的，老年人使用功能齐全，操作方便。,,,,,,,,,
淘***景,2018-6-15 09:43,总体来说，很不愉快的一次购物体验。这款手机本身是没有问题的，屏幕清晰，拍照还可以，按键还算灵敏，给妈妈日常用足够了。问题是淘宝旗舰店的售后真的拙计，我刚收到货的时候发现右侧外壳的地方变形了，就跟售后沟通换货，并附上了手机问题的照片。客服人员迅速地反应了问题，也很快有人电话联系了我帮我创建了换货申请，说很快有专员联系我办理换货。到了这里我以为问题很快就可以解决了，好了，我等这个&ldquo;专员&rdquo;联系我等了快一个星期，中途催了客服人员好几次，催得我自己都尴尬了。最后终于有&ldquo;专员&rdquo;在我旅游途中给我打了电话，给了我一个北京的换货地址，还说这个由于外观问题，不一定给免费换货/维修。我怕时间拖太长，就找了当地小米授权维修店帮忙看看是什么问题，幸好不是什么大问题，人家一秒钟就给我解决了，免费的。通过这次经历我的建议是，去官网买去官网买去官网买！除非你非常自信你不会拿到有问题的手机。官网的售后是更加完善和直接的，我中途也在官网申请了售后，那边迅速就给出换货地址。但是由于我在淘宝这边已经申请了换货，官网那边建议我等一等这边。结果我等了一星期....而且在官网买的手机在实体维修店是承认的，这里买的人家不一定帮忙管。,,,,,,,,,
淘***b,2018-6-9 08:46,给家里老人买的，发货速度快！手机反应快看视频也流畅，各项功能比较齐全！内存有点小对于老人不玩游戏基本够用！唯一一点就是像素不是太好！总体体来说还不错！,,,,,,,,,
桃***心,2018-6-12 09:16,此用户没有填写评论!,,,,,,,,,
桃***9,2018-6-14 08:39,给爸爸买的，用着挺合适,,,,,,,,,
掏***软,2018-6-11 00:31,反应快，分辨率比较弱,,,,,,,,,
糖***4,2018-6-7 07:06,给婆婆买的，手机很好，反应速度很快，价格不贵但好用，真心的不错的一款产品，值得购买,,,,,,,,,
唐***7,2018-6-15 16:48,物流很快，原封包装，送小孩的等用了再来评价，好评,,,,,,,,,
檀***2,2018-6-4 15:35,非常好，老妈都学会用了，可以经常视频了！,,,,,,,,,
覃***念,2018-6-21 22:36,6.18买的很实惠,,,,,,,,,
覃***2,2018-6-21 22:45,物流很快，手机整体不错，就是亮度不够，电量消耗蛮大的，声音太小，开完音量都没有之前买的红米2的一半大声，等用几天再来追评,,,,,,,,,
泰***9,2018-6-20 08:21,给婆婆买的，第一次买这个牌子的，老人还没开始用，不知道怎么样，外观设计可以，也不是很大，就是买完东西还没到家呢就降价了，很不舒服，不知道怎么回事，唉以后买手机还是去店里吧，用段时间会追评的，习惯好评,,,,,,,,,
孙***9,2018-6-4 22:41,手机不错，买个长辈的，老人用着好,,,,,,,,,
孙***6,2018-6-8 17:19,用着非常好，物美廉价，适合老年人用，忠实米粉。,,,,,,,,,
孙***5,2018-6-16 06:59,刚开始用还行，不知道后期会不会卡。拍照确实不怎么样。给老人用，还可以。,,,,,,,,,
孙***0,2018-6-10 12:03,还可以吧?,,,,,,,,,
随***雅,2018-6-20 19:24,物美价廉,,,,,,,,,
素***宝,2018-6-20 16:41,好好好，帮朋友买的,,,,,,,,,
苏***球,2018-6-5 16:35,买给妈妈的，还不错，很轻速度也快,,,,,,,,,
苏***0,2018-6-10 20:23,发货很快！质量很好！完全没有瑕疵！可以放心入手！不用观望！早买那就是赚到！而且售后服务也很不错，有什么不懂的，问的时候都能及时回复！一次很愉快的购物！,,,,,,,,,
宋***7,2018-6-17 15:15,老爸用着不错，小米一生所爱。,,,,,,,,,
说***3,2018-6-21 23:37,用着还可以 老顾客了,,,,,,,,,
谁***后,2018-6-21 13:52,不错挺适合老人用的,,,,,,,,,
谁***锋,2018-6-10 20:31,手机很好用，电池很耐用。,,,,,,,,,
帅***妮,2018-6-8 20:06,小米手机一直不错，手机老妈用够用了。好评,,,,,,,,,
树***歌,2018-6-19 17:58,好用,,,,,,,,,
曙***3,2018-6-15 03:53,手机运行流畅 是原装正品，像素也不错，很适合学生专用，,,,,,,,,,
守***7,2018-6-12 09:15,米确实很不错,,,,,,,,,
守***4,2018-6-19 19:19,还行，绑定的软件挺多的！,,,,,,,,,
似***柔,2018-5-26 10:48,买给母亲用的，本来买了台iphone给她用的，结果她说用习惯了安卓不会用iphone，就买了这台手机给她，她挺满意的，支持小米！支持雷军！,,,,,,,,,
使***生,2018-5-31 16:15,我对手机很满意，觉得挺好哦～不过还没理解怎么换大陆固件换世界固件。 其他所有蛮好。手机又快利用又方便，很舒服。 照相机也很清楚，很好拍。电池可用很长久。不知道为什么大家叫本手机 &ldquo;老人手机&rdquo;，依我看，年轻人也用很合啊～,,,,,,,,,
拾***芜,2018-5-10 00:40,此用户没有填写评论!,,,,,,,,,
时***1,2018-6-21 10:34,给妈妈买的，她今年67岁，人生第一部智能手机，选择了小米,,,,,,,,,
石***g,2018-6-16 11:07,给老妈买的，用着挺不错的，第二次买红米手机了,,,,,,,,,
十***岁,2018-6-17 16:36,手机很不错，现在用着挺好的。包装很好，物流很快，发的顺丰，比我一起买的别的送达的要早。性价比很高，屏幕分辨率还可以，声音也不算小，小米的质量还是可以信赖的。在旗舰店买相信以后出现问题了也好沟通处理。总的来说还是很值得购买的。,,,,,,,,,
十***7,2018-6-5 08:30,全家人都用的小米手机，系统很好，简单方便，老人也容易上手！！！是忠实的米粉！！！会一如既往的支持！！！,,,,,,,,,
狮***6,2018-6-13 13:29,款式可以,,,,,,,,,
师***好,2018-6-18 08:13,给家里老人买的，好评。,,,,,,,,,
失***1,2018-6-17 06:39,给老妈买的，第二个了,,,,,,,,,
生***5,2018-6-19 11:54,用着经济适用，给妈妈买的,,,,,,,,,
沈***8,2018-6-16 17:48,手机刚到就发现又有新款了，红米6a，反正这个到了就先用着吧，而且这个贴膜有气泡也不知道是不是新的,,,,,,,,,
神***件,2018-6-15 18:55,手机很好用，妈妈很喜欢,,,,,,,,,
神***y,2018-6-21 21:26,物流蛮快的。 手机也没让我失望。 这价位 小米这手机性价比太高了,,,,,,,,,
神***1,2018-6-13 11:46,物美价廉，老爸很喜欢,,,,,,,,,
深***7,2018-6-8 23:44,好，我家四个老人都用小米,,,,,,,,,
深***1,2018-6-14 17:06,米粉必须好评,,,,,,,,,
邵***江,2018-6-16 08:02,小巧玲珑,,,,,,,,,
尚***水,2018-6-19 15:50,性能还挺好的，送人得买了？！,,,,,,,,,
殇***2,2018-1-12 23:12,此用户没有填写评论!,,,,,,,,,
伤***静,2018-6-16 14:22,非常好,,,,,,,,,
伤***1,2018-6-18 15:57,还行 不错 就是没有耳机,,,,,,,,,
善***子,2018-6-4 12:50,这个价买到很值，手感网速都和千元机有的比。只是不是很喜欢它的拍照效果。,,,,,,,,,
山***军,2018-6-18 17:55,小米手机，国民好手机，好评。,,,,,,,,,
山***4,2018-2-17 13:23,此用户没有填写评论!,,,,,,,,,
散***妹,2018-6-17 09:18,发货快，手机挺好，没特殊需求。接打电话，拍照，微信，足够用了。,,,,,,,,,
散***埃,2018-6-17 00:02,实用老人机,,,,,,,,,
三***子,2018-6-17 16:39,比较满意！,,,,,,,,,
三***盟,2018-6-20 14:35,承诺的米粉卡没有任何的消息，几元的卡承诺都不发，什么事情 不怎么样,,,,,,,,,
三***晖,2018-6-5 21:04,全家全是米！给老妈买的！希望她喜欢?,,,,,,,,,
三***l,2018-6-18 02:26,很好 很喜欢,,,,,,,,,
若***月,2018-6-17 08:59,给爸爸买的，第一次用智能机，买个简单的，很满意,,,,,,,,,
若***e,2018-6-15 14:35,此用户没有填写评论!,,,,,,,,,
瑞***好,2018-6-12 13:55,妈妈很喜欢，很开心,,,,,,,,,
瑞***1,2018-6-9 13:45,这个手机呢 是给我老爸买的 他非常高兴的 我也很开心，不是多贵 希望老爸可以用的久一点的。老爸也只是打个电话的，嗯 客服人很好的，总之 大家都不要再犹豫啦，放心购买好了 这个性价比很高的 不过电池好像容量不是很大，也非常不错啦，,,,,,,,,,
阮***芳,2018-6-7 09:43,在网上买手机总怕买到假货，收到手机还不错挺漂亮的。妈妈收到手机很喜欢，现在暂时还没有什么问题。,,,,,,,,,
柔***7,2018-6-20 19:51,给爸爸买的。还行。,,,,,,,,,
日***用,2018-6-15 22:26,不错，给家里人买的,,,,,,,,,
日***本,2018-6-10 23:41,老豆觉得还可以,,,,,,,,,
任***宇,2018-6-13 17:26,差评，小米的服务太差，不愉快的一次购物，说好了到六月三十号都是这个价钱，结果三四天就降了五十元！差评！差评！差评！重要的事件说三遍,,,,,,,,,
人***社,2018-6-20 16:44,给老人买的，很满意,,,,,,,,,
人***n,2018-6-12 12:23,给婆婆买的，机身轻薄，小巧玲珑，老太太特挑剔的人，还算满意，五分好评,,,,,,,,,
人***1,2018-6-7 10:34,给老人用的，很好,,,,,,,,,
惹***叼,2018-6-13 18:21,物美廉价赞一个,,,,,,,,,
让***字,2018-6-16 20:45,算是回头客，质量和价格没得说，客服也不错，就是缺货时挺麻烦。,,,,,,,,,
缺***4,2018-6-18 21:42,手机收到了。很好。质感是磨砂的感觉，轻巧，送给妈妈的，妈妈一直都是用的红米，价格低功能要求也不高适合中年人用，像素可以，自带了一张磨砂膜。这种性价比合适了，妈妈就用来跟我聊视频，聊聊微信，也不打游戏，所以不用怕发热那种典型问题。,,,,,,,,,
曲***子,2018-6-7 17:12,手机用着不错，样子很好看，毕竟是几百元的东西，物有所值，下次还会买米系列的。,,,,,,,,,
秋***5,2018-6-21 19:09,老爸说很好用,,,,,,,,,
秋***0,2018-6-6 15:22,买给老爸用的，自己也用小米表示很赞，学生党还没赚钱，尽孝心量力而行,,,,,,,,,
邱***迅,2018-6-18 09:53,非常好小米一如既往的支持,,,,,,,,,
晴***新,2018-6-6 10:19,给老人家买来用的，应该不错,,,,,,,,,
情***仔,2018-6-15 07:19,米粉 支持国产手机 以后芯片也能国产就好了,,,,,,,,,
清***雨,2018-6-19 15:18,一分钱一分货，这个价钱买这个手机也可以了，爸妈也很开心，就冲这，给个好评。 快递不是很给力，太慢，也许是因为赶上端午节的原因吧，给个中评！,,,,,,,,,
轻***松,2018-6-5 20:31,此用户没有填写评论!,,,,,,,,,
青***来,2018-6-8 17:08,大爱小米，一直用的就是小米，愿小米越做越强，客服服务顶呱呱的。,,,,,,,,,
青***丶,2018-6-15 17:23,第二个了，不错,,,,,,,,,
沁***飘,2018-6-8 08:08,用了一段时间才来评的。我用的本身就是小米手机，所以挺信赖这个国产品牌的。手机包装的很好，物流也很给力，3天就到了。老爸用完后说，不怎么玩的话电池就能用3-4天，比我预想的好多了。手机反应速度也很快，希望能一直保持这样。,,,,,,,,,
勤***年,2018-6-15 08:46,赞，性价比好,,,,,,,,,
琴***爷,2018-6-12 17:54,阔以的,,,,,,,,,
秦***3,2018-6-13 09:03,手机一直到自动签售才来评价！因为想在这段时间看看小米到底怎么样！很好！给妈妈用的、多一百块钱买的32GB！完全无压力的玩很多东西！以前用的老年机，现在微信普遍！所以选智能机！看着活动就在这买了！没失望！很满意！,,,,,,,,,
愀***s,2018-4-1 22:44,此用户没有填写评论!,,,,,,,,,
巧***6,2018-6-21 18:01,质量哈可以，反应速度都不错，第一次用小米手机感觉不错,,,,,,,,,
桥***9,2018-6-19 08:02,帮家人买的，一直信赖小米。,,,,,,,,,
强***扎,2018-6-12 22:17,手机收到了，现在家里有7口人，用的都是小米手机，没得说，真棒 小米加油,,,,,,,,,
强***体,2018-6-14 21:51,用的很不错，手感也很好。物美价廉！,,,,,,,,,
强***叔,2018-6-12 11:25,给父母买的！,,,,,,,,,
强***类,2018-5-25 19:45,手机挺好的，还是非常相信小米的，买给老人用，没想到配置绰绰有余，像素也非常不错，值得一提的是新手机打开软件速度竟比我老苹果还快，还有老人模式，这款手机非常合适，很满意,,,,,,,,,
浅***吟,2018-6-10 06:17,妈妈用还可以吧,,,,,,,,,
浅***1,2018-6-18 13:05,挺好用的 妈妈很喜欢,,,,,,,,,
钱***空,2018-6-9 21:24,手机不错&hellip;给我妈妈买的&hellip;快递送的也快&hellip;服务挺好&hellip;,,,,,,,,,
铅***画,2018-6-13 17:28,老年机，就&hellip;&hellip;还行吧&hellip; 老年机老年机老年机老年机老年机老年机老年机老年机老年机老年机老年机老年机老年机老年机老年机老年机老年机老年机老年机老年机老年机老年机老年机老年机老年机老年机老年机老年机老年机老年机老年机老年机老年机老年机老年机老年机,,,,,,,,,
千***香,2018-6-21 21:16,给爸爸买的，挺好用的,,,,,,,,,
弃***丶,2018-6-13 19:05,给老妈买的。,,,,,,,,,
起***倾,2018-6-21 19:16,不错，我爸正在用。,,,,,,,,,
奇***狂,2018-6-20 08:55,手机已经用了一段时间了，还不错&hellip;&hellip;,,,,,,,,,
朴***2,2018-6-5 23:54,我感觉快递还不错，东西收到以后马上查看，发现与图片描述一致。很满意，超级喜欢。卖家发货速度很快，服务也很到位，给老板点个赞。下次还会再来购买一个字！！！值！！！&hellip;&hellip;verygood！！！,,,,,,,,,
萍***8,2018-6-20 14:36,给老爸买的，他只是接打电话用着可以，说送的什么60元礼包完全是忽悠人的。没用,,,,,,,,,
苹***区,2018-3-28 16:52,此用户没有填写评论!,,,,,,,,,
平***5,2018-6-18 20:51,目前老人用着还可以&hellip;&hellip;,,,,,,,,,
飘***意,2018-6-11 20:23,不错，小巧玲珑,,,,,,,,,
飘***7,2018-6-11 05:34,机子蛮好的,,,,,,,,,
漂***淘,2018-5-24 07:11,给妈妈买的，妈妈之前用的不是智能机，我自己也用的米6，很好用，这样以后妈妈就可以给我视频啦！发的邮政，速度很快，包装很严实，收货后也会打电话询问服务如何！很满意的一次网购！,,,,,,,,,
漂***使,2018-6-15 11:51,手机蛮好用的，给妈妈买的，正品不错！,,,,,,,,,
皮***菜,2018-6-8 09:19,手机拿回来好多天了，已经用上了老人用着挺好，没配耳机带，屏幕清晰，外形也不错，速度也不慢。,,,,,,,,,
彭***呀,2018-3-30 20:59,此用户没有填写评论!,,,,,,,,,
彭***菜,2018-6-20 11:20,产品可以，还有用邮政发货的，真的服你们了。必须差评,,,,,,,,,
彭***2,2018-6-15 18:04,如果可以的话，我情愿一颗心都不给，手机实在是太垃圾了，用了几天，打电话出去别人都听不到声音，大家到百度上查一下，这款手机有质量问题的很多，建议大家不要买，如果你觉得你有时间又有钱的话，那你可以试试，我就当买了一个教训，以后再也不会光顾了。,,,,,,,,,
朋***杰,2018-6-20 20:47,呵呵呵 物流慢的不能提   联系客服没人理   刚下单就掉价真是服了   ......,,,,,,,,,
朋***光,2018-6-6 14:32,手机收，到手感不错老年人使用够用了，我就是小米忠实粉丝。,,,,,,,,,
佩***4,2018-4-8 11:34,此用户没有填写评论!,,,,,,,,,
沛***敏,2018-6-15 15:54,买给老人家用的，还可以。物流速度很慢，卖家服务态度很差劲，就是省钱寄快递，明明写了很多的快递都能送到，却偏偏发邮政给我，又不是不知道邮政最慢。明知道邮政的快件都是丢来丢去的还发邮政，邮政快递送过来还直接扔给我，一点态度都没有，扔了就走。,,,,,,,,,
沛***3,2018-6-15 22:19,买给我妈用的。果然是我老人机。我帮我妈存电话本。切个输入法都卡。,,,,,,,,,
裴***0,2018-6-12 10:16,很漂亮，当然比图片还是有点色差，没有图片亮，很合适的，买的红米手机a5，配套起来特别漂亮，给我妈买的，我妈非常满意，看得我自己都想重买一个玩玩，非常完美，好好好！！！,,,,,,,,,
泡***候,2018-6-16 13:26,送给爸爸的  老爸很开心16G对我爸来说够用了  物流很给力,,,,,,,,,
胖***桥,2018-6-8 22:59,不错，老人用作智能机入门练手还是性价比挺高的！！,,,,,,,,,
胖***1,2018-6-20 20:20,发货很快，宝贝还不错。看到写着老人机才给老爸买的，收货才发现屏幕太小了点，只能调整字号适应老花眼了。,,,,,,,,,
盘***8,2018-6-13 00:03,我是小米忠实粉丝，家人都用小米手机。,,,,,,,,,
欧***业,2018-6-7 22:59,米粉，是给爸爸买手机，好用,,,,,,,,,
欧***婉,2018-5-26 17:20,终于收到我需要的宝贝了，东西很好，不卡包装完好，价美物廉，谢谢掌柜的！说实在，这是我淘宝购物来让我最满意的一次购物。无论是掌柜的态度还是对物品，我都非常满意的。物流给力，发货很快，从红米手机一代用起，机子可以比其它品牌差不多价位的好用多了,,,,,,,,,
欧***飞,2018-6-19 09:42,没有说好的赠品，连耳机都没送,,,,,,,,,
努***甜,2018-2-23 14:40,此用户没有填写评论!,,,,,,,,,
农***丶,2018-6-15 08:12,给老爸买的，怕是用不惯，不过这个价位的机子也没啥挑的了,,,,,,,,,
您***误,2018-6-12 15:27,最低配，老人用，别升级，,,,,,,,,,
念***晨,2018-6-12 14:35,宝贝很好呢，值得信赖呢，灵敏小巧,,,,,,,,,
年***i,2018-6-6 14:12,买给长辈  老一辈用也还可以   不过长辈喜欢听歌  感觉 音质不太好 手机很轻 外观还算不错  喜欢银色手机壳,,,,,,,,,
匿***6,2018-6-10 10:04,很好物流很快,,,,,,,,,
你***笑,2018-6-21 17:23,隔日就到了，超级快+赞 手感不错但是感觉有点滑，建议买个手机壳，手机性能很不错，符合价位,,,,,,,,,
你***我,2018-6-17 21:15,给妈妈买的，还可以哟,,,,,,,,,
你***唐,2018-5-27 14:21,宝贝早就收到了，只是一直看的懒得评价。手机好看，樱花粉。虽然我觉得根本不是什么樱花粉吧。不应该是玫瑰金吗？？？关于手机的话，我觉得总体来说还不错，性价比挺高的吧。不过为什么不送手机保护套呢？？因为这个手机便宜吗？我在旗舰店买了两个手机了，上一个是红米五plus，都送手机保护套了，果然一分价钱一分货啊。手机性能我不想多说，反应有点慢，像素也好，拍的很清晰。买给妈妈的手机，今天给妈妈看了，她特别开心，她喜欢就好了。对于客服的态度，我觉得很好，没有发韵达。点赞哦。旗舰店的东西果然靠得住。以后上大学了还回来买手机的。不过不知道会不会给我这个老顾客优惠呢？？?想买来送给爸妈的，十分适合，小巧好看而且方便。一句话值得购买,,,,,,,,,
你***界,2018-6-10 13:58,爷爷很喜欢,,,,,,,,,
你***叫,2018-6-13 09:12,正在使用，随后再回来追评。,,,,,,,,,
你***城,2018-6-17 09:17,来自米粉的好评~,,,,,,,,,
你***3,2018-6-13 17:35,送给爷爷奶奶用的，性价比很高,,,,,,,,,
奈***族,2018-6-6 22:48,手机给我爸买的，很实用，文字可以调节到很大，基本的打电话和短信功能操作方便，而且电池很耐用，属于物美价廉的一款智能机。,,,,,,,,,
呐***6,2018-6-14 00:27,经济实惠,,,,,,,,,
那***l,2018-6-12 18:56,给妈妈买的，挺好的，一直在用小米，支持,,,,,,,,,
那***1,2018-6-2 11:22,包装得精致，手机设计美观，运行速度快，音质清晰，拍照以及录视频都好看，物美价廉值得,,,,,,,,,
拿***山,2018-6-12 18:23,手机确实可以，运行暂时没发现问题，给妈妈买的，功能够用，这个价格算是很实惠了,,,,,,,,,
暮***色,2018-6-12 10:05,呀脱离哈喽咯OK了是啥事来咯作业啊具体hill哦不VIP马路挺好的,,,,,,,,,
暮***离,2018-6-18 16:04,给家里老人买的，她们说手机很好用,,,,,,,,,
沐***兮,2018-6-16 23:08,一直相信小米家的产品，棒棒棒，希望小米家一直这么棒，加油加油，看好你们,,,,,,,,,
木***冗,2018-6-15 11:27,给老爸的，玩微信，看视频刚刚的！ 回访及时，态度和蔼！,,,,,,,,,
木***木,2018-6-12 19:05,红米手机超级好超级赞。使用后特别棒。,,,,,,,,,
木***叉,2018-6-17 12:04,给老年人买的，玩个微信，看个小视频还是很快的，价钱也超实惠,,,,,,,,,
木***p,2018-6-4 22:42,给爸妈买的，父亲节礼物，希望他们喜欢,,,,,,,,,
木***6,2018-6-4 21:40,货已收到，给母亲买的，极简桌面很适合老人用，不错的质量 很快 不错 很好 很好 还行,,,,,,,,,
墨***阳,2018-6-14 22:48,手机非常好?,,,,,,,,,
莫***谁,2018-6-18 22:51,什么啊，快递吵慢服务态度不好，,,,,,,,,,
莫***你,2018-6-8 13:42,可以的 买给妈妈使用的 这个手机不错的好啊   挺好的  关键是事便宜  妈妈用的也舒心哈哈不死了没有什么⊙&forall;⊙？⊙&forall;⊙？⊙&forall;⊙？什么⊙&forall;⊙？⊙&forall;⊙？⊙&forall;⊙？肉的时候可以去探探的人吗你好美女晚上好美女晚上好美女早上好！？！。？。！？！？我在外面等你回来一起吃饭啊,,,,,,,,,
陌***末,2018-6-15 19:16,挺好的，给老妈买的。,,,,,,,,,
茉***7,2018-6-4 21:24,给老爸买的，机子流畅度不错，最重要的是小巧,,,,,,,,,
抹***8,2018-6-20 08:59,一般，没有老人模式，需要单独下载软件,,,,,,,,,
摩***哟,2018-6-15 18:59,收到货，非常棒，送给家婆用的， 客服也是非常棒的，以前也是小米红米的，现在果断也给婆婆来一台，亲们要买就到这家店买吧，全五星的呢，什么都能帮你解决,,,,,,,,,
摩***2,2018-6-6 14:23,送给老妈的，她很开心，希望能用久一点，还有小米也快点有自己的芯片吧，希望国产手机越来越好。,,,,,,,,,
明***长,2018-6-16 05:18,此用户没有填写评论!,,,,,,,,,
明***5,2018-6-9 13:42,跟丈母娘和妈妈一人买了一个 ，好看，好用，一直都是米粉。赞,,,,,,,,,
明***0,2018-6-21 11:22,手机不错，老妈用的很放心,,,,,,,,,
名***m,2018-6-5 13:19,手机收到了老板发货还是很给力的哦，东西果然还是得到旗舰店买，质量有保证，手机是买给妈妈的，很适合妈妈用哦，老，老人家嘛都喜欢用这种，简单，直接可以操作方便，你懂的手机，哈哈，下次还会再来的，如果有需要的话大家别担心，尽量买吧，老人家是可以用的,,,,,,,,,
妙***宝,2018-6-11 17:09,还不错，很轻。开始用了以后再追评,,,,,,,,,
苗***6,2018-6-6 23:07,挺好用的，打王者荣耀居然不卡而且非常流畅，表示很喜欢～～～～以后要多多多多支持国产品牌！加油加油加油加油加油加油加油加油加油加油加油加油加油加油加油加油加油加油加油加油加油加油加油哦！,,,,,,,,,
米***苏,2018-6-19 18:47,还行，没有指纹解锁，婆婆用也刚好，双卡双待，价格实惠,,,,,,,,,
迷***1,2018-6-4 20:06,小米粉，给老人买的，使用还是很合适,,,,,,,,,
梦***龙,2018-6-20 15:27,非常好，耐用，实惠，声音大！,,,,,,,,,
梦***y,2018-6-19 13:28,本来满怀信心的买个手机给爸爸用，结果电源开关有时按半天没反应?,,,,,,,,,
梦***j,2018-6-8 21:58,已经是第二次购买啦，给父母用的，还好,,,,,,,,,
梦***9,2018-6-12 09:10,搞活动和现在一个价，晕，在不在搞活动时买了,,,,,,,,,
梦***6,2018-6-6 08:54,手机很好，先用用再说。送给老妈肯定喜欢！,,,,,,,,,
梦***5,2018-6-13 13:12,拍照效果：宝贝已收到，很满意，非常的喜欢！满意。,,,,,,,,,
梦***4,2018-6-5 19:51,快递挺快，买给妈妈用的。需求不大，玩微信，看视频就可以。,,,,,,,,,
梦***3,2018-6-19 08:13,用了10天就开不了机了，客服回复慢，真后悔在网上买手机,,,,,,,,,
萌***赵,2018-5-30 16:20,给姑姑买的 之前用过小米的手机 性价比非常的高 可以用的 东西还是不错的 挺适合老年人用的 咣当旗舰店比官网上买的便宜点儿 应该是正品的,,,,,,,,,
萌***个,2018-6-13 19:42,手机还不错啊屏幕大小蛮合适的待机时间还可以运行也很流畅性价比很高哦,,,,,,,,,
萌***滴,2018-6-20 10:47,妈妈用的，应该还行,,,,,,,,,
萌***0,2018-6-20 08:37,很好用，机器反应速度很快,,,,,,,,,
美***胖,2018-6-12 16:48,给老爸买的。去年买的进水了，反正不贵，不修了重新买一台。618期间发货也很快。北京到江苏2天。,,,,,,,,,
美***眇,2018-6-4 11:29,此用户没有填写评论!,,,,,,,,,
美***z,2018-6-4 08:37,物流速度快手机便宜好用,,,,,,,,,
美***a,2018-6-6 05:38,低端哈，499的价格，哈哈！,,,,,,,,,
美***5,2018-5-25 19:17,手机配置高，价位低，用起来方便，还可以吃鸡，王者荣耀,,,,,,,,,
梅***伟,2018-6-20 15:07,发货较慢，送货挺快。东西还行。,,,,,,,,,
猫***子,2018-6-9 14:09,妈妈很喜欢。看着不是很高端，实用第一。,,,,,,,,,
猫***宝,2018-6-17 15:49,刚买5A，6A就出来了，还人脸识别，什么语音拍照识别，更新太快了,,,,,,,,,
漫***爱,2018-6-3 19:46,此用户没有填写评论!,,,,,,,,,
脉***东,2018-6-10 23:46,此用户没有填写评论!,,,,,,,,,
麦***她,2018-6-8 20:41,买给老爸用的，老人用着方便,,,,,,,,,
麦***珈,2018-6-10 15:56,挺好的手机也轻，性价比很高,,,,,,,,,
迈***利,2018-6-20 14:29,应该多等几天买6A的，刚买几天就发布6A了,,,,,,,,,
买***鱼,2018-6-14 09:14,用了一段时间，还行吧,,,,,,,,,
埋***心,2018-6-15 12:34,挺好的。帮朋友买的。挺快。不卡。用一段时间看看。应该很好的吧。一直相信米。是老米粉了,,,,,,,,,
玛***5,2018-6-20 11:19,不错的婆婆很喜欢，,,,,,,,,,
马***2,2018-6-4 15:58,给老爸买的，这个手机很适合老人用,,,,,,,,,
马***0,2018-6-10 16:44,给亲戚买的，很喜欢，支持小米,,,,,,,,,
落***光,2018-6-4 21:42,买给妈妈的，据说挺好用。用着也挺顺手的。,,,,,,,,,
落***3,2018-6-9 15:18,老人很喜欢，都没用极简模式,,,,,,,,,
落***1,2018-6-5 10:26,给我妈妈买的，我没看到实物，直接寄回老家了，妈妈说比她之前的手机薄，图像声音都很清晰，挺好用的，物流速度还算快吧，毕竟是乡镇，服务态度蛮好的，给个赞,,,,,,,,,
骆***颀,2018-6-18 09:13,帮我妈买的。性价比还可以吧。就是屏幕真的不咋地。看起来很不舒服。可能还是因为比较廉价的原因。。。。希望能用久一点。不过才开始用就有点点卡了。哎。,,,,,,,,,
骆***惑,2018-6-7 12:59,发货快，很快就收到了，包装好，很适合妈妈用，妈妈很喜欢！,,,,,,,,,
洛***颜,2018-6-4 10:06,不愧是小米，性价比真的高，手感也不错。好评,,,,,,,,,
罗***露,2018-6-14 20:40,。。。。。非常好~~~????????????????????哈哈哈(?&omega;?)hiahiahia哈哈哈(?&omega;?)hiahiahia哈哈哈哈哈哈哈哈哈哈哈哈哈哈哈哈哈哈哈哈哈哈(?&omega;?)hiahiahia,,,,,,,,,
罗***华,2018-6-21 08:25,老人用的很好很喜欢,,,,,,,,,
罗***丶,2018-6-16 16:43,手机不错适合老人,,,,,,,,,
璐***贝,2018-6-17 15:24,送老爸的，刚用。过段时间来追评,,,,,,,,,
录***爽,2018-6-21 11:21,充电速度：手机不错挺好用的这个价格也是值 了。,,,,,,,,,
陆***8,2018-6-10 13:01,质量很好，一直信赖小米，全五分,,,,,,,,,
炉***了,2018-6-4 10:45,手机还不错，性价比超高，已经是第二次购买了，希望小米做出越来越多好用的产品,,,,,,,,,
卢***丹,2018-6-21 20:33,有点感觉是假货啊,,,,,,,,,
隆***园,2018-6-17 07:21,给爸爸买的，性价比好,,,,,,,,,
流***锋,2018-6-8 08:59,速度真的是超快啊两天就到家了给快递36个赞，手机还没开始用过段时间在看看,,,,,,,,,
流***4,2018-6-14 20:40,还不错呢,,,,,,,,,
流***1,2018-6-11 10:26,买了好几个了，还是一如既往的好，店家还送了小礼物 下次有需要还会再来的,,,,,,,,,
刘***娟,2018-5-29 12:37,给老妈买的，老妈很开心，老人家很容易满足。一直不舍得换手机，这次是我硬要给她买，她才接收的，希望老妈永远开心，健康平安！同时也祝福天下所有的妈妈?,,,,,,,,,
刘***c,2018-6-15 08:09,可以 不错,,,,,,,,,
刘***7,2018-6-19 19:55,这款手机是给爸爸买的 爸爸很喜欢 就是刚开始不怎么会用 时间长就会用了 现在基本会玩微信了? 加油,,,,,,,,,
刘***4,2018-6-10 08:46,爱雷军，爱小米,,,,,,,,,
刘***2,2018-6-16 14:38,买的第二次，质量很好?！满意,,,,,,,,,
刘***1,2018-6-20 09:44,买给我爸爸的，感觉挺好的！他挺喜欢的,,,,,,,,,
刘***0,2018-6-15 13:20,给妈妈买的，用的还可以,,,,,,,,,
另***5,2018-6-16 17:08,买给我老妈的，以前都用的我剩下的，这次给她买个她专属的，手机还行吧，好评吧。,,,,,,,,,
琳***业,2018-6-18 13:26,好评&hellip;&hellip;就是如此妖娆妩媚,,,,,,,,,
琳***谣,2018-6-18 20:23,性价比不错,,,,,,,,,
临***9,2018-6-15 00:41,手机不错。便宜好用(??),,,,,,,,,
林***道,2018-6-10 11:09,帮同事买的，使用还不错，希望耐用吧,,,,,,,,,
林***郴,2018-6-20 23:38,帮别人买的，还没使用，看起来不错。,,,,,,,,,
林***8,2018-6-9 13:23,手机收到很好物流很快  给长辈买的声音挺大声的  家里全部都是用小米的   准备在买一部米6,,,,,,,,,
廖***玲,2018-6-4 20:32,此用户没有填写评论!,,,,,,,,,
廖***锋,2018-6-12 01:26,不错，一直在用,,,,,,,,,
廖***a,2018-6-19 09:20,手机好用 粉嫩 实惠,,,,,,,,,
凉***少,2018-4-28 18:40,此用户没有填写评论!,,,,,,,,,
良***意,2018-6-5 10:33,用着不错。一年一个，比苹果好,,,,,,,,,
联***2,2018-6-13 23:50,挺好用的 也很划算,,,,,,,,,
莲***石,2018-6-10 17:21,东西不错，老人非常喜欢。,,,,,,,,,
历***期,2018-6-4 07:46,宝贝好用，不卡，外观好看,,,,,,,,,
力***购,2018-6-12 10:29,还不错，能送个保护套就好了,,,,,,,,,
李***亚,2018-5-26 15:07,给我妈妈买的，拿在手里正合适 功能什么的都挺好的 小米的买了都好几个了，价格便宜实惠，比较亲民~ 也推荐同学去买啦~ 会支持小米~继续努力加油I(^&omega;^)J哦~ 手机在我妈手机了~我妈说挺好的~ 没发拍照片了，但也跟其他商家描述的基本一致~,,,,,,,,,
李***睿,2018-6-15 08:34,质量不错，就是买标配的没有耳塞手机套，买的注意一起拍个手机套，不然后面还得再拍又等几天,,,,,,,,,
李***姐,2018-6-15 12:16,给家里买的老人机  直接寄回去家里了 小米的手机买了好几次  现在自己换了华为感觉更顺畅  小米操作界面简单 适合老人 好评！,,,,,,,,,
李***昌,2018-6-14 07:23,给邻居代买的，邻居告诉我手机好用,,,,,,,,,
李***m,2018-6-19 13:32,手感不错，适合年纪大的人用用，就是自带软件太多，还不能卸，如果自带软件少一点就更好了。,,,,,,,,,
李***9,2018-6-21 00:48,物流极度差评,,,,,,,,,
李***8,2018-6-19 00:35,不错，运行很流畅，也很轻巧，总的来说是很满意的,,,,,,,,,
李***0,2018-6-11 18:23,这款手机设计不错，比上一款薄了一些，工艺精致了一项，手机配置也很好，看视频，照相，玩游戏都不错，没有卡顿现象发生。小米良心机，就冲这个价位，手机能有这么出色的表现，很满意。  谢谢卖家,,,,,,,,,
礼***哒,2018-6-18 21:11,就是老人机，反应迟钝,,,,,,,,,
梨***酱,2018-6-16 12:08,可以,,,,,,,,,
离***伤,2018-6-15 15:01,手机很好，买手机认准小米，家里人都用的小米，买好几个了。,,,,,,,,,
离***寂,2018-6-11 16:27,物流很快 宝贝寄过来完好无损 会再来哒,,,,,,,,,
蕾***0,2018-6-6 22:54,送给老爸的 手机很不错,,,,,,,,,
雷***曦,2018-6-4 20:31,代购，物美价廉的,,,,,,,,,
雷***斯,2018-6-17 11:58,还行吧，目前还没有什么毛病，过几个月就知道毛病在哪里。希望国产手机做大做强。,,,,,,,,,
乐***秀,2018-6-11 13:21,小米忠实粉丝，千元机的佼佼者，这次是给妈妈买的，手机性价比高，唯一可以挑剔的就是客服售后什么的，一个问题得照一天时间去问，希望改进，可以配的上这个牌子。,,,,,,,,,
乐***4,2018-6-5 22:58,老顾客了，一个企业能做到让一个家庭全家都用上他的手机，那这个企业应该是成功的吧,,,,,,,,,
老***啪,2018-6-4 13:56,之前就买过一个  这个价位很不错了，游戏视频运行起来都还行 除了小米通病爱发热  还是挺耐用的,,,,,,,,,
老***角,2018-6-19 20:27,宝贝已收到，就是电话卡还没换成小卡 装不上，待用后追评,,,,,,,,,
老***q,2018-6-20 10:45,给丈母娘买的！,,,,,,,,,
老***a,2018-6-4 23:30,一直支持小米,,,,,,,,,
老***9,2018-6-18 08:58,快递速度还可以。,,,,,,,,,
老***8,2018-6-14 16:19,给老妈买的、让她用一段时间在看、现在还可以吧,,,,,,,,,
狼***地,2018-6-16 17:12,宝贝刚收到还没用看起来还可以没开机的手机确实不错登用哈了在追评,,,,,,,,,
懒***落,2018-6-10 15:12,宝贝和好,,,,,,,,,
蓝***蓝,2018-6-19 19:57,性价比很高，买两个了,,,,,,,,,
蓝***宝,2018-6-6 09:05,给婆婆买的，字体可以调大，很不错，老人家用起来很方便！速度也很快！到时视频特别方便！赞！物美价廉！我也是小米控啦，一直买的小米手机！,,,,,,,,,
蓝***1,2018-6-11 23:02,给爷爷奶奶买的 性价比很高 可以调成老年模式 教了两次 已经可以独立打电话 接微信视频了 字体也很大 适合老年人使用,,,,,,,,,
兰***盟,2018-6-19 23:53,试用中，老年人使用，配置足够了,,,,,,,,,
来***茄,2018-6-4 07:45,很快收到，老人用了几天，没有什么问题,,,,,,,,,
快***桥,2018-6-17 17:40,不错，对得起这个价格。,,,,,,,,,
快***郎,2018-6-5 06:59,手机挺不错，老爸挺喜欢。,,,,,,,,,
苦***丹,2018-5-10 18:07,此用户没有填写评论!,,,,,,,,,
空***局,2018-6-17 15:07,手机不错，老年人用,,,,,,,,,
啃***人,2018-6-9 21:02,此用户没有填写评论!,,,,,,,,,
可***你,2018-6-19 08:23,给妈妈买的，让她先学会，开开微信，打个电话,,,,,,,,,
可***贝,2018-6-12 21:50,给妈妈买的，她说挺好用的。另外，这个手机字比一般手机也大，适合老年人用,,,,,,,,,
可***8,2018-6-4 20:20,这次给我妈买的手机，运行流畅，大小合适，性价比高，满意。,,,,,,,,,
可***6,2018-4-18 12:57,此用户没有填写评论!,,,,,,,,,
康***然,2018-6-7 20:41,老米粉啦，一直喜欢用小米，给婆婆的，说很好用。,,,,,,,,,
看***长,2018-6-14 11:25,给爸爸买的，很好用,,,,,,,,,
凯***号,2018-6-7 19:20,好，我非常满意，小米手机一直物美价廉，非常耐用，就是有一点瑕疵的地方就是，像素不太好,,,,,,,,,
开***2,2018-6-11 12:48,买给老爸的，他挺喜欢,,,,,,,,,
开***1,2018-6-19 09:43,拍照效果很好，人像效果也很好 信号给很足 续航能力很强 音质比较好 充电速度一般 物流很快,,,,,,,,,
开***0,2018-6-6 15:21,卖家描述的一致，包装仔细严实，拆开包装一看，手机完好无损。手机做工精细，开机试用了一下，系统挺流畅的，运行软件一点也不卡，手机信号挺强的，通话非常清晰。非常满意的一次网购，,,,,,,,,,
开***、,2018-6-13 19:28,还可以吧,,,,,,,,,
卡***控,2018-6-4 13:06,真心不错 性价比挺高 机身很轻,,,,,,,,,
君***6,2018-6-9 17:59,老妈用着很好，质量也不错！,,,,,,,,,
军***物,2018-6-17 08:51,物有所值。,,,,,,,,,
军***2,2018-6-16 12:16,手机太卡了，刚买回来就这样以后怎么用啊，申请了退货退款商家迟迟不给处理是什么意思啊，这样拖着干嘛啊，不要耽搁大家时间好吗？赶紧处理,,,,,,,,,
绝***8,2018-6-5 08:56,非常不错的手机，外观手感都挺好,,,,,,,,,
娟***6,2018-6-20 10:25,指示灯不会亮  虽说小毛病  但是买的新的就有问题 售后竟然不会修   让我寄回去修 极速退款仅限会员   没那么多钱再拍一个了   等邮回修修再回来也不知道几天了  售后不怎么样    倒是我不打算解决问题了申请退款以后   天天给我打电话让我撤销  哈哈哈哈哈哈哈哈哈  手机还可以  我买的大内存  够我爷爷玩个微信了,,,,,,,,,
菊***佳,2018-6-12 22:44,给爸爸买的看着还可以，比实体店便宜,,,,,,,,,
桔***w,2018-6-16 22:08,给母亲买的，看着不错，使用感受以后追评，快递用的邮政，效率不高。,,,,,,,,,
就***弓,2018-6-21 10:38,一如既往~~值得拥有~~！,,,,,,,,,
玖***w,2018-6-21 13:55,卡得不行，新的都卡死机，太烂了，后悔买了。我一般很少给差评，但是，这个手机真的是卡死机,,,,,,,,,
玖***3,2018-6-11 14:24,挺满意的，给老人用很合适,,,,,,,,,
竟***4,2018-6-16 20:17,em，刚拿到东西还没怎么用先不评价，之后用过再追评吧,,,,,,,,,
劲***境,2018-6-10 14:31,物流师傅辛苦了，很感动，晚上9点了还在送快递,,,,,,,,,
锦***a,2018-6-14 11:10,给妈妈买的，平时看个微信看个电视，够用了,,,,,,,,,
金***贞,2018-6-12 13:50,给妈妈用的，挺不错的,,,,,,,,,
金***娟,2018-1-12 21:41,此用户没有填写评论!,,,,,,,,,
金***火,2018-6-13 22:27,总之一句话，物美价廉，难怪销量这么高,,,,,,,,,
姐***土,2018-6-21 10:02,买给家里老太太的 目前没有什么问题 就是电池有点不耐用 前一天买的599第二天549 果断退了重新拍了一个 会在追平的,,,,,,,,,
洁***步,2018-6-7 21:10,宝贝已收到，送给妈妈的手机。我试用了一下，感觉还不错，内存足够妈妈他们用了，之前那个手机内存太小总是卡顿，妈妈想看电视总是下载不了多少，这部手机比之前的空间大多了。外形也不错不大不小很适合妈妈。好评！,,,,,,,,,
洁***4,2018-6-18 21:56,拿回来用了几天感觉一般般，就用了几天而已居然偶尔就会有点卡，买来是给老爸用的，老爸感觉屏幕小，拍照不清晰，拍出来的照片质感不好，老年人用着也就打打电话，看看电视玩玩微信，手机软件多了手机用这也卡，用这也就那样，一分钱一分货，说实话用过之后不推荐大家买，使用的总体感觉.......,,,,,,,,,
杰***登,2018-6-11 15:44,质量值得信赖性价比挺高的手机非常好，视频够清晰，声音也很大，，大小也合适 板厚度也可以。满意的 清晰度高，玩游戏，一点不卡，运行内存顺畅。完全对得起这个价格。我选择了这个手机练小号用，主要图便宜。家里人一直都有人用小米的手机，质量完全靠得住，清晰度，拍照都挺好。小米的质量和品牌，,,,,,,,,,
杰***1,2018-6-13 08:41,还可以比较500多,,,,,,,,,
孑***叶,2018-6-4 11:27,小米手机老爸特别满意，我小米4依旧坚挺,,,,,,,,,
焦***朵,2018-6-11 19:02,物流很快，手机挺好的，非常满足我的需求,,,,,,,,,
姜***2,2018-6-5 14:45,小巧玲珑，反应挺快的，到货更快，感觉第二天就到了哈哈?支持小米,,,,,,,,,
江***我,2018-5-29 07:10,手机不错，给妈妈买的，还行，这个价格划算。用起来正正好，可以满足日常微信聊天，一直支持小米,,,,,,,,,
江***d,2018-5-26 22:23,像素略差。比不了苹果的八百万像素，不过老人用的也还可以，下单第二天就收到了物流很快，手感大小也很合适方便拿，反应速度也很快，OV绝对不买，所以一开始在华为魅族小米之间考虑了很久，在相同配置下小米的性价比比较高，价格比较实惠。有不会的地方问客服也很认真负责，其实小米还是适合线上，线下这个价格中间商没得赚，比不了其他。,,,,,,,,,
简***n,2018-6-12 11:04,帮同事买的，他感觉用着还不错，基本上给家里老人用没什么大问题,,,,,,,,,
减***5,2018-4-7 17:52,此用户没有填写评论!,,,,,,,,,
贾***锦,2018-6-19 10:04,一直都是用的小米，给身边的朋友也是推荐的小米，因为手机真的很好用,,,,,,,,,
贾***啊,2018-6-13 13:30,老人用挺好的,,,,,,,,,
夹***树,2018-6-11 23:01,便宜好用。给长辈买的！,,,,,,,,,
嘉***艺,2018-6-17 13:07,挺好的  感觉不错,,,,,,,,,
嘉***i,2018-6-15 06:39,老人家很适合用,,,,,,,,,
珈***梦,2018-6-13 19:26,挺漂亮的一款手机！实惠！给老妈用挺合适的！,,,,,,,,,
加***子,2018-6-21 17:21,买给妈妈用的，挺好的，有极简页面，老人用起来很方便。,,,,,,,,,
加***6,2018-6-11 19:09,小米还是性价比很高的，支持,,,,,,,,,
季***红,2018-6-10 20:29,用着还行吧,,,,,,,,,
几***宁,2018-6-6 19:34,手机很好用，运行流畅！手机轻轻的  老爸用的大小刚刚好,,,,,,,,,
极***手,2018-6-8 00:23,给老妈买的，说是不错，那就给个好评吧，支持国产。,,,,,,,,,
吉***强,2018-6-6 14:49,妈妈用起来很好 ，样子也好看 忠实米粉，从用智能手机就是小米,,,,,,,,,
吉***儿,2018-6-5 22:47,手机很不错，网速也挺快。一直支持小米,,,,,,,,,
唧***唧,2018-6-15 15:42,东西给别人买的，用了一段时间，不错，没什么问题。,,,,,,,,,
魂***阁,2018-6-15 18:00,我觉得OK，给我妈买来练习智能机的,,,,,,,,,
慧***悠,2018-6-12 21:59,帮老爸买的。很好用！老人家开心就好。,,,,,,,,,
会***心,2018-6-8 17:56,小米手机，手机界的良心产品，我们全家都用小米机，支持,,,,,,,,,
回***4,2018-6-12 22:31,给婆婆买的，还没用，自己也没看到实物，等用了再追评。,,,,,,,,,
恍***生,2018-6-10 21:05,东西好看，妈妈用的开心?,,,,,,,,,
凰***蛋,2018-6-13 20:09,颜色很好看，性能不错,,,,,,,,,
黄***裳,2018-6-7 18:24,性价比杠杠的，忠实米粉!,,,,,,,,,
黄***c,2018-6-5 08:27,手机不错，给老妈买的，打打电话发发微信还是可以的，便宜划算,,,,,,,,,
黄***5,2018-6-11 18:17,手机很好，,,,,,,,,,
黄***4,2018-6-4 15:19,给爸买的，性价比比较高，相信小米的品质。?当大家看到我的这一篇评价时，表示我对产品是认可的，尽管我此刻的评论是复制黏贴的。这一方面是为了肯定商家的服务，另一方面是为了节省自己的时间，因为差评我会直接说为什么的。所以大家就当作是产品质量合格的意思来看就行了。最后祝店家越做越好，大家幸福平安，中华民族繁荣昌盛,,,,,,,,,
幻***绝,2018-6-5 12:40,还不错，性能挺好，不大不小，蛮喜欢的,,,,,,,,,
幻***界,2018-6-16 01:23,手机特意用一段时间才来评价的，老公说非常好用，很顺手，放歌听音质也好！而且价格非常便宜,,,,,,,,,
化***1,2018-6-18 14:27,用惯了华为，老人家都嫌这个慢,,,,,,,,,
华***易,2018-6-19 10:47,非常棒！谢谢！,,,,,,,,,
花***8,2018-5-30 17:43,给家里老人买的，收到要出差来不及拿回去，我自己先用用看，软件很多，新机也快，目前好评,,,,,,,,,
胡***1,2018-6-20 15:20,宝贝收到了，字体可以变换，买给妈妈的，很喜欢,,,,,,,,,
后***2,2018-6-11 14:37,很满意，价格实惠，质量手感都很好，运行也快，屏幕清晰，,,,,,,,,,
荭***蛋,2018-6-14 10:06,给爷爷买的，很满意的一次购物。挺好用的，性价比很好,,,,,,,,,
红***鱼,2018-6-9 10:14,很不错的。婆婆喜欢，反应快的啊,,,,,,,,,
红***诗,2018-6-18 22:50,都很好，手机喜欢很好,,,,,,,,,
红***梦,2018-6-17 22:07,发的顺丰物流，很满意，很快。机子正品未开封，好评,,,,,,,,,
红***姑,2018-6-4 13:47,速度快，隔天就收到货了，手机挺好用的，家里人很喜欢。,,,,,,,,,
红***6,2018-6-19 11:18,还可以吧,,,,,,,,,
黑***条,2018-6-21 09:37,很好，物流超快,,,,,,,,,
黑***0,2018-6-20 18:57,哈哈哈哈哈哈哈哈哈哈哈哈哈哈哈何必干脆就你那里聚餐费甘苦与共宝宝健康就好虚惊一场有促销呀恭喜恭喜消息称尝尝尝尝尝尝尝尝尝粗粗粗粗郁郁,,,,,,,,,
贺***5,2018-6-20 10:14,好，快递慢了,,,,,,,,,
何***呀,2018-6-12 19:08,性价比很高的一款手机。像素不错用着很舒服。好评！！！,,,,,,,,,
何***来,2018-6-11 20:26,电量够用，大小合适,,,,,,,,,
合***g,2018-6-10 23:56,小米产品，我信赖，,,,,,,,,,
喝***g,2018-6-11 10:42,妈妈很喜欢,,,,,,,,,
行***3,2018-6-19 11:44,买给老爸的，很好用,,,,,,,,,
瀚***溟,2018-6-15 08:06,外观大气，包装也很好，挺实用的，买了好几个了，妈妈，婆婆，妹妹的公婆，人手一个，老年人用的软件少，内存完全ok，快递给力，发货速度也很快，推荐购买,,,,,,,,,
寒***者,2018-6-21 16:12,此用户没有填写评论!,,,,,,,,,
韩***依,2018-6-12 01:21,买给妈妈用的 目前用得可以的,,,,,,,,,
海***5,2018-6-8 08:22,给妈妈买的生日礼物  看她挺喜欢的  用着还不错  她说好用  我就放心了   手机大小刚刚好  她就喜欢这样的  卖家态度还不错,,,,,,,,,
海***3,2018-6-20 17:05,给老妈用，目前还刚用 还是不错的。,,,,,,,,,
哈***皮,2018-6-18 19:03,挺好，就是相素不行,,,,,,,,,
哈***动,2018-6-12 07:51,特别轻，塑料手感。还是容易发热，买给老爸用的，操作简单，整体还是蛮不错,,,,,,,,,
果***哥,2018-6-4 09:50,手机机身小巧，配置合理，选小米选对啦！,,,,,,,,,
果***兜,2018-6-12 22:22,快递挺快的，手机买给妈妈的，挺好的，这个价钱可以说性价比很高了，比杂牌子的手机强多了。,,,,,,,,,
果***n,2018-6-21 13:52,包装太简陋了,,,,,,,,,
郭***赢,2018-6-21 11:42,好评 给我妈买的,,,,,,,,,
郭***b,2018-6-8 19:27,东西很不错，一直都是高性价比,,,,,,,,,
贵***敏,2018-6-5 21:48,送亲人的，大品牌值得信赖，非常非常好,,,,,,,,,
光***丽,2018-5-11 12:04,提前送给婆婆节日礼物?，婆婆非常喜欢。,,,,,,,,,
关***健,2018-6-13 19:52,给老妈买的 可以 老人家用正好 我试了一下 机子反应挺快的 很满意 满意 像素也还可以 给老人买值得。颜值也不错,,,,,,,,,
乖***鹿,2018-6-18 17:44,给我爸爸买的，还可以吧,,,,,,,,,
顾***鞋,2018-6-6 11:31,质量运行没得讲，好好,,,,,,,,,
顾***啊,2018-6-21 18:30,还可以，满意,,,,,,,,,
谷***5,2018-6-14 14:26,帮爸爸买的，感觉挺不错的，价格也很划算，性能方便可能还要再使用一段时间知道，第一次买小米手机，初使用不错的。,,,,,,,,,
古***生,2018-6-12 10:43,给老妈用，她很喜欢,,,,,,,,,
孤***泪,2018-6-15 15:47,第二次又帮朋友的老人买了一台，手机手感挺好，电池耐用，老人挺喜欢的。,,,,,,,,,
咕***哩,2018-6-6 23:36,给爸爸买的，暂时挺好的相信也挺好的,,,,,,,,,
购***0,2018-6-11 05:58,手机好用，物超所值,,,,,,,,,
龚***军,2018-6-17 13:44,性价比超高,,,,,,,,,
龚***8,2018-6-7 22:32,手机不错，叔叔很喜欢，很流畅,,,,,,,,,
宫***曦,2018-6-17 19:56,老人用足够了 估计用个一年肯定还要换 年轻人不建议买低配的,,,,,,,,,
攻***心,2018-6-12 13:55,买了七八台了&hellip;&hellip;买了公司打电话的,,,,,,,,,
搁***8,2018-6-9 13:44,给老人买的，字体很保护眼睛，小米客服态度也不错，好评,,,,,,,,,
哥***贱,2018-6-16 16:36,好用 性能好 很喜欢,,,,,,,,,
哥***g,2018-6-20 16:18,帮同事买的，同事很喜欢，买时一眼就相中了！同事用着很顺手！好评,,,,,,,,,
高***音,2018-6-11 07:00,老年人用挺不错的,,,,,,,,,
高***弄,2018-6-19 16:43,刚收到货就降价50，这东西真不值。,,,,,,,,,
高***3,2018-6-4 09:09,手机质量很好，爸爸很喜欢，下次还会再来,,,,,,,,,
高***2,2018-6-16 09:22,第二次买了。之前给老妈买的，邻居觉得挺好让给买一个，用了一段时间才来评论，五分好评请收下,,,,,,,,,
高***0,2018-6-17 12:39,很好    很好用    手感很好    用段时间看看,,,,,,,,,
尴***7,2018-6-16 11:06,还是有点卡，用了几天,,,,,,,,,
盖***涛,2018-5-23 21:57,此用户没有填写评论!,,,,,,,,,
嘎***鸡,2018-6-5 17:01,买给老爸的，感觉刚用着挺好的，不知道用一段时间怎么样,,,,,,,,,
富***用,2018-6-5 01:27,自己都记不清是第几次购买小米的产品。要不是昆明地区没货的话，我也不会舍近求远。但没想到物流超快，服务特好。包装无损，一惯小米的作风！赞赞赞！会一直支持下去的。,,,,,,,,,
辐***果,2018-6-20 15:10,就那样当老年机用,,,,,,,,,
凤***1,2018-6-18 22:25,手机质量很好，4G的内存，这个价位，很值！使用很方便快捷，一点儿也不卡，式样又大方。帮同事买的，很满意！,,,,,,,,,
冯***汪,2018-6-15 00:06,功能强大。老人用正好，爸爸很满意,,,,,,,,,
冯***6,2018-6-12 07:42,东东收到了，给老人买的，很不错的，真心的物美价廉！,,,,,,,,,
枫***儿,2018-6-12 07:08,一直信赖小米手机，良心价格，性价比相当高，小米加油,,,,,,,,,
风***雪,2018-6-13 17:39,宝贝收到了，发货很及时，很漂亮，上手了，很不错。,,,,,,,,,
风***情,2018-6-7 10:56,还不错 没测试 没有拍照习惯 还可以 这个不知道 刚收到货 也可以 整体来说 都可以,,,,,,,,,
风***怀,2018-6-19 23:10,发热太严重，玩大概一个来小时王者就烫到不行。,,,,,,,,,
风***船,2018-6-12 14:10,小米手机，已经买了好多部了，适用..................................值得购买，适合老人用！&mdash;&mdash;&mdash;&mdash;&mdash;&mdash;&mdash;-&mdash;&mdash;&mdash;&mdash;&mdash;&mdash;&mdash;&mdash;&mdash;&mdash;&mdash;&mdash;&mdash;&mdash;&mdash;&mdash;&mdash;&mdash;&mdash;&mdash;&mdash;&mdash;&mdash;&mdash;&mdash;&mdash;&mdash;&mdash;,,,,,,,,,
风***n,2018-6-7 11:05,非常好，可以用一整天。 很好，打吃鸡不断线。 使用专业的充电器充电快，杂牌充电器的很慢。 非常清晰。 音质很好。 这是我第三次购买小米手机了，这次是给家人买的，第一部手机是小米3，用了三多年，第二部手机是红米Note4，一直用到现在，在这家店小米的其他产品也买了不少，小米电视，小米手环，小米VR眼镜&hellip;&hellip;也是一名忠实的米粉了。,,,,,,,,,
风***5,2018-6-5 20:33,帮同事买的，质量可以，也好用同事喜欢。,,,,,,,,,
粉***瓜,2018-6-5 22:36,买给家里老人的，屏幕大，有简单模式，适合老人用，不需要太复杂的，价格合适,,,,,,,,,
分***四,2018-6-6 08:59,给爸爸买的还不知道用着怎么样呢，应该不错吧,,,,,,,,,
菲***属,2018-6-19 22:39,用段时间再追评,,,,,,,,,
菲***0,2018-6-15 17:05,给父母买的，家人很喜欢,,,,,,,,,
飞***虫,2018-6-9 07:12,价格实惠到爆，领了徊挪坏600，买个3+32的手机。送给老爸，老头也足够用了，而且也喜欢。,,,,,,,,,
飞***o,2018-5-30 17:32,此用户没有填写评论!,,,,,,,,,
飞***8,2018-6-20 10:34,这个价格真心不贵，老妈很喜欢,,,,,,,,,
飞***1,2018-6-18 18:04,刚收到手机，带到国外不知道好用不，两周后再见,,,,,,,,,
放***步,2018-6-17 22:20,给爸妈买的，他们挺喜欢的，手机再大一点就更好了,,,,,,,,,
放***5,2018-6-11 20:39,质量好，放心购买,,,,,,,,,
方***8,2018-6-15 08:28,目前用着蛮好，就是自带的软件有点多，又不能卸载，这点不喜欢。,,,,,,,,,
凡***5,2018-6-9 17:14,可以，6.1买的，便宜了50，549很优惠，希望是正品，目前来看还挺好用,,,,,,,,,
发***麦,2018-6-11 12:23,客服和物流都非常好。快递小哥很好，因为我下班了，又帮我改地址送到家去。给你一百个赞！,,,,,,,,,
二***桑,2018-6-5 14:45,手机非常好，玩游戏贼流畅(五毛一条),,,,,,,,,
二***锅,2018-6-14 20:18,很好很不错喜欢,,,,,,,,,
二***爹,2018-6-14 23:18,以前在天猫淘宝上买东西，开始买的时候，每一样基本都会认真地评论，但买的东西越来越多，没时间一一回复，都靠系统自动好评。最近才知道淘宝评论和积分有关系，好像评论80个字以前就可以涨气值，得50积分，现在无论是买什么东西，都要认真评论80字以上。对！评论80字以上就有50积分。嗯，对了，宝贝不错！值得买！,,,,,,,,,
尔***水,2018-6-20 22:16,买给长辈的，这个价格不错了。    当然了，和几千块的是没法比的。,,,,,,,,,
恩***6,2018-6-14 14:43,给婆婆买的，用着还可以。婆婆洋气，自己选的粉色?,,,,,,,,,
恶***y,2018-5-29 17:42,在这个世界里，人类以光年为单位穿梭宇宙，有些人活在自己像城市一样的飞船里，也有人活在各种奇怪的行星上&mdash;&mdash;和当地的外星人一起。,,,,,,,,,
俄***子,2018-6-7 20:51,以前买过一次，还是一如既往的好，物美价廉,,,,,,,,,
哆***娘,2018-6-1 22:25,给姥爷买的 设成简单的模式后老人用起来很方便～以前在淘宝上买东西都是系统自动好评,买了很多很多都是这样,后来才知道淘宝评论积分可以涨气值呢,就知道评论的重要性,所以以后无论买什么东西我都会先把这段话复制粘贴下来,然后再填写宝贝评论,没错,评论80个字以上可以得到50个积分,字数凑够了,非常感谢非常感谢非常感谢非常感谢非常感谢非常感谢非常感谢
对***心,2018-6-19 15:03,买给爸爸用的，用着还不错，不下载太多应用完全够用。,,,,,,,,,
段***甜,2018-6-15 17:37,给老妈买的 挺好用的,,,,,,,,,
读***9,2018-6-5 09:09,宝贝收到了，发现有些问题，跟客服联系了一下，客服发了一些附近的售后地址，售后师傅检测后没有发现问题，是我自己使用不当。宝贝性价比还是挺高的，可以放心购买,,,,,,,,,
嘟***誓,2018-6-19 10:14,很好，很实用，,,,,,,,,,
窦***云,2018-6-5 11:35,给老妈妈的，使用挺流畅的，性价比高,,,,,,,,,
兜***w,2018-6-10 16:18,质量非常好，与卖家描述的完全一致，非常满意,真的很喜欢，完全超出期望值，发货速度非常快，包装非常仔细、严实，物流公司服务态度很好，运送速度很快，很满意的一次购物      希望更多的朋友信赖。。。帮同学买的   她说好用   内存足够???笔芯??????,,,,,,,,
栋***f,2018-6-12 03:25,宝贝妈妈很喜欢,,,,,,,,,
董***祥,2018-6-20 07:28,宝贝收到 挺满意的,,,,,,,,,
冬***佳,2018-6-11 20:12,官网买什么都没有送的   手机老爸还是很喜欢的  个人感觉一般般   以下内容请忽视 火速我不v打游戏机是吧跋山涉水v打个电话电话不大不小不好消化圣彼得堡货好像就是不好单核细胞都不喜欢好的好的好很喜欢的货不对板小虎还乡回电话喜欢的话八大豪侠简单百宝箱好的好的,,,,,,,,,
冬***0,2018-6-4 13:15,昨天收到的，试用了下，各种都不错吧！买来给我妈用的，她还是很满意，耗电好像也快，就是说充电的速度慢点，她喜欢快充的，回头再追加吧,,,,,,,,,
东***宇,2018-6-21 11:22,老妈说用着还可以,,,,,,,,,
东***方,2018-6-13 12:45,用后再评,,,,,,,,,
叮***店,2018-6-12 18:32,给妈妈买的老人机，没什么要求，可以视频就行，小米性价比还是不错的,,,,,,,,,
叮***3,2018-6-20 18:14,很好，不错。,,,,,,,,,
第***瑰,2018-6-11 22:07,给妈妈买的，还不错，我买的是32G的，老人家够用了，没事还可以视频，语音。电话费都省了。,,,,,,,,,
迪***普,2018-6-11 09:45,用了几天感觉不错,,,,,,,,,
等***天,2018-6-10 16:15,给妈妈买的，她很喜欢呀～,,,,,,,,,
等***7,2018-6-21 13:13,我是我们村第一个在淘宝上买东西的人。这里大部分人是不网购的。他们买东西价格一般不超过五块，听说我在淘宝买东西后，整个村都震惊了，村长跑到我家里对我爸说我是不是疯了?老婆跟我闹离婚，说这日子没法过了，面对重重压力，我坚持要买。我相信我这个月的工资不会白花，终于快递我怀揣着激动的心情，颤抖的打开包裹，那到了，一霎那，感觉我的眼都要亮瞎了，啊.这颜值、这手感、只怪我读书少，这质量、无法用华丽的语整个言来形容它。我举着它，骄傲的站在村口，村都沸腾了，更有人喊，我不给他们看，他们就跳井。吓得我赶紧收起宝贝，挤出人群落荒而逃。为测试宝贝效果，我立刻去我们村高达100米山上村长家里用。用完后，在全村人羡慕的目光中，仰首挺胸扬长而去。,,,,,,,,,
德***6,2018-6-12 09:42,老人机，应该对的起这个价位吧,,,,,,,,,
到***9,2018-6-20 09:03,好，给父亲买的，很喜欢！,,,,,,,,,
蛋***懒,2018-6-3 12:29,买给婆婆用的。特地选了个粉色。 以前用的红米4A感觉还不错。 今年买了个5A。希望好用吧。  好评。然后买了一套壳和膜。还有挂绳。给老人当备用老人机。下了几个单机游戏。希望没问题。好评,,,,,,,,,
蛋***3,2018-6-16 11:35,运行速度很快，给父母买的，父母都很喜欢，,,,,,,,,,
待***4,2018-6-4 21:00,挺不错的，很好用，价格也实惠。信赖小米～,,,,,,,,,
代***燕,2018-6-16 11:33,货到家了，老婆讲手机里有张电信卡！我想说，如果你发个翻新机给我也请你处理干净一点，骗我也用点心好吗？淘宝购这些年，这次心被伤了！感觉不如京东了！,,,,,,,,,
呆***斯,2018-6-11 16:15,试用下还不错，这价位性价比高，就不知耐不耐用了。,,,,,,,,,
大***子,2018-5-24 09:19,才用一两天，暂时没发现什么问题，妈妈很满意，不晓得时间长了怎么样，以后来追评，懒得拍照了，价格也比较实惠，就是如果能送手机壳小礼品就好了，送的通信大礼包，不用买手机平时都能得到的，没得啥子用，还有那个,,,,,,,,,
大***姓,2018-6-9 16:36,手机不错,便宜好用.,,,,,,,,
大***芯,2018-6-19 22:15,还不错，挺好的,,,,,,,,,
大***物,2018-6-17 13:56,虽然我本人没有用过小米的手机，但是我周围有很多人都在用，因为他性价比实在是很高，这个手机是买给我老姑用的最重要的一个原因，就是他性价比超高各项功能都有价钱还那么划算，不知道用着怎么样啊，能不能永久。但是我想说物流真的是超级快顺丰就是给力。,,,,,,,,,
大***使,2018-6-16 13:14,很好，妈妈用着很方便,,,,,,,,,
大***莉,2018-6-9 14:45,非常糟糕的一次购物体验！前两天刚买了一款小米其他型号的手机感觉还不错，就给家里再买了一台。因为原手机卡没有开通流量，就想着米粉卡可以用。但是，宣传页面上明明说的手机出库后米粉卡就发货，但是客服却一直狡辩说是确认收货以后。说好了有专员联系解决问题，但是过了三天都没有任何动静！真糟糕,,,,,,,,,
大***了,2018-6-4 11:42,物品以收到，很喜欢小米的产品，国产的手机质量也是很好的。   拍照效果也不错， 信号强度大 音质也很好 充电速度快 感谢此次购物过程中所有工作人员，,,,,,,,,,
大***购,2018-6-10 09:29,正常手机里面输入的文字是从左到右的顺序，它的是从右到左&hellip;&hellip;问客服怎么回事，给的答复就是让自己升级系统和恢复出厂设置，按客服说的以上两种方式去设置了，结果字还是从右到左，反的顺序！,,,,,,,,,
大***啊,2018-6-4 21:01,送给老爸的，可以可以。淘宝几年才知道原来评论85个字才会有积分。所以从今天到以后，这段话走到哪里就会复制到哪里。首先要保证质量啊，东西不赖啊。不然就用别的话来评论了。不知道这样子够不够85字。谢谢老板的认真检查。东西特别好，我不是刷评论的，我是觉得东西好我才买的，你会发现我每一家都是这么写的。因为复制一下就好了。,,,,,,,,,
大***8,2018-5-21 21:25,手机收到了！红米5a居然这么强大！32G内存对于我来说足够了！外观漂亮精致，手感相当好！原想着当备用手机，这下好了，用吧！快递小哥直接送到家门口，赞！支持小米！永远的米粉！,,,,,,,,,
达***品,2018-6-13 21:21,东西不错，比较薄，性能也好,,,,,,,,,
翠***儿,2018-6-5 08:59,物流快，手机给长辈买的，应该可以,,,,,,,,,
崔***宝,2018-6-5 12:08,还可以 点亮很好 一般 可以看视频没问题 比较慢 总体很哈好 没有问过问题 不知道,,,,,,,,,
从***天,2018-6-11 18:36,买的第3个了，用着的都说好,,,,,,,,,
聪***6,2018-6-20 16:13,这说有什么卡，的也没有信了，这是骗人了吗，还是怎么回事，手机现在还行，不知道过过怎么样,,,,,,,,,
穿***c,2018-6-15 00:02,质量好,,,,,,,,,
储***宝,2018-6-15 15:47,给我家老佛爷买的，据说很满意,,,,,,,,,
出***9,2018-6-21 16:55,一分价钱一分货,,,,,,,,,
臭***5,2018-6-13 15:01,买给老妈用的，小米手机质量高价格优，快递是真的很快，晚上买，第二天一大早就到了。,,,,,,,,,
赤***神,2018-6-18 20:35,充电还可以 用来做备用机的 信号不错。,,,,,,,,,
赤***1,2018-6-16 00:07,-25 终于收到我需要的宝贝了，东西很好，价美物廉，谢谢掌柜的！说实在，这是我淘宝购物来让我最满意的一次购物。无论是掌柜的态度还是对物品，我都非常满意的。掌柜态度很专业热情，有问必答，回复也很快，我问了不少问题，他都不觉得烦，都会认真回答我，这点我向掌柜表示由衷的敬意，这样的好掌柜可不多。再说宝贝，正是我需要的，收到的时候包装完整，打开后让我惊喜的是，宝贝比我想象中的还要好！不得不得竖起大拇指。下次需要的时候我还会再来的，到时候麻烦掌柜给个优惠哦,,,,,,,,,
承***旅,2018-5-27 17:37,收到，暂时没有使用呢，好评,,,,,,,,,
诚***码,2018-6-14 13:37,垃圾,,,,,,,,,
诚***君,2018-6-16 19:20,。                 /&acute; &macr;/)                      /&macr; ../                     /     /               /&acute;. &macr;/&apos;    &apos;/&acute;&macr;.    `&middot;&cedil;           /&apos;/     /     /     /       &macr;\\          (&apos;?&acute;??&acute;? &macr;?/&apos;?&apos;)          \\                              /            \\         ?         _.&middot;&acute;              \\                   (               \\                   \\,,,,,,,,,
诚***2,2018-6-21 11:10,高性价比，铁杆米粉爱小米,,,,,,,,,
成***c,2018-6-10 16:53,音质：满意 好评。,,,,,,,,,
陈***欣,2018-6-15 19:24,作为老年机或是备用机还可以，价格合适，暂时没有发现什么问题，好评吧，掌柜的服务态度真好，发货很快。商品质量也相当不错。太喜欢了，谢谢！ 好卖家，真有耐心，我终于买到想要的东西了。谢谢卖家。 不错的卖家。合作非常愉快！以后还来。 掌柜太善良了,,,,,,,,,
陈***他,2018-6-18 11:17,忽略我的小胖手！物流很快！！！一直很喜欢国产机红米 用着顺手 但是并没有什么礼品赠送。礼品不存在的,,,,,,,,,
陈***9,2018-6-11 21:21,便宜，好用，全家都在用小米，红米,,,,,,,,,
陈***0,2018-6-3 19:30,买给妈妈用的，小巧轻便，不需要太多功能，小米品质值得信赖。,,,,,,,,,
辰***萃,2018-6-16 15:56,很好，爸爸很喜欢，屏幕很清晰,,,,,,,,,
潮***c,2018-6-12 21:42,手机收到了确实不错，婆婆用的很方便，说拍照也清晰，速度也快，儿媳妇真好，哈哈我也开心,,,,,,,,,
晁***盼,2018-6-6 21:21,给老妈买的，没之前买的4X有分量，不过相信小米的口碑，加油小米,,,,,,,,,
超***网,2018-6-16 16:58,第三台这小米手机了，价性比高，好评,,,,,,,,,
柴***玲,2018-6-13 23:58,手机质量挺好   给婆婆买的   婆婆非常喜欢,,,,,,,,,
钗***飞,2018-5-14 10:27,宝贝还行，老爷子很满意。支持雷布斯很久了，希望他能找个女星代言人来代言产品，阿弥陀佛。,,,,,,,,,
姹***红,2018-6-4 22:03,物流特别快，快递员也很负责任，坚持要亲手给我，不放各种快递站。再来说说这个手机的使用，买给爸爸用的，机身很轻，大小装兜刚刚好，系统暂时也很顺畅，完全够用了。我都想留下当备用机了?,,,,,,,,,
曾***g,2018-6-10 22:58,收到货特意用几天再来评价，超级好用，外壳漂亮，非常满意，价格又优惠，满意满意！,,,,,,,,,
曾***9,2018-6-15 22:18,其他的都还可以，就是电池发热的很。,,,,,,,,,
曾***8,2018-6-10 23:01,挺好的，卖给老爸的，很喜欢很好用,,,,,,,,,
草***华,2018-6-11 15:09,极具性价比的老年机,,,,,,,,,
苍***然,2018-6-18 23:22,值这个价吧。,,,,,,,,,
残***歌,2018-6-13 08:46,很好很不错,,,,,,,,,
蔡***娜,2018-6-8 11:46,好,,,,,,,,,
猜***头,2018-6-9 01:07,手机还不错 买来给老年人用的 合适,,,,,,,,,
布***宝,2018-6-12 17:38,已经在用，不错,,,,,,,,,
不***现,2018-6-13 16:57,可以，没毛病,,,,,,,,,
不***可,2018-6-16 21:13,很不满意的手机。感觉上当了，现在卡的要死，我就一个微信，别的软件一个都没下载，手机后面都成黑得了， 那个壳子，你是上的色吗？掉漆，严重，客服态度绝了， 问个东西，嗯嗯，嗯嗯，就这两个字，你敷衍谁呢？ 手机上当了房当买个教训，你们商家良心不痛吗？被狗吃了肯定。最差的一次购物。绝了。,,,,,,,,,
不***缝,2018-6-15 09:46,手机用的材质很塑料！而且自带软件一大堆，删都删不了，玩下游戏就发烫，果然是为发烧而生，自身内存16G，实际11个就不错了,,,,,,,,,
冰***火,2018-6-12 10:55,发货的速度十分快，包装也非常的仔细。很满意，老爸分外的开心。五星好评。,,,,,,,,,
冰***1,2018-4-3 15:54,此用户没有填写评论!,,,,,,,,,
冰***0,2018-6-10 18:38,出差回来晚了，宝贝还是一如既往的好，喜欢 很好,,,,,,,,,
宾***娃,2018-6-7 09:34,很不错，老爸用的功能绰绰有余就是像素低了点,,,,,,,,,
别***3,2018-6-19 17:42,活动的时候买了送给我爸的 手机挺好看的,,,,,,,,,
碧***1,2018-5-23 17:22,手机非常不错，速度很快，我选了很多，这款手机性价比最高，功能很多，已经足够用了，像素很高很清晰，手机膜很好，不伤眼睛，非常满意，非常适合我，屏幕正好，不大不小的，揣兜里也正合适，满意的一次购物,,,,,,,,,
毕***嵩,2018-6-8 21:57,支持小米 质量靠谱  性能强大  性价比很高 放的放心 用的安心 希望小米公司为国争光 把我们中国人自己的品牌越做越好 超越索尼 东芝  松下  夏普   苹果等世界强企,,,,,,,,,
彼***y,2018-6-18 07:34,老人家使用，很不错,,,,,,,,,
彼***3,2018-6-4 09:26,还行 这个价格买到这个质量 不错的,,,,,,,,,
彼***0,2018-6-21 07:21,物美价廉,,,,,,,,,
笨***爱,2018-6-17 14:08,买给老爸用的，用了两天都没什么问题，作为老人机还是不错的,,,,,,,,,
本***9,2018-6-20 16:57,很好！给老爸用的，足够了！物流很快，一天内就到了,,,,,,,,,
被***子,2018-6-10 23:00,买给家人的 次日达 目前使用良好,,,,,,,,,
北***5,2018-6-7 12:55,此用户没有填写评论!,,,,,,,,,
悲***色,2018-6-17 11:50,手机还不错  查询了下  是正版的  嘿嘿,,,,,,,,,
宝***8,2018-6-16 01:23,物流慢，五天才到，手机描述不符，买的16g的内存，到货却只有10.39g，跟客服沟通说会帮我查然后一天没回复我，差评,,,,,,,,,
棒***油,2018-6-14 09:42,给我爸买的，用了几天才来评价，感觉还不错,,,,,,,,,
半***瓜,2018-6-4 10:34,帮同事女儿买的 很实用 做活动买的价格也非常实惠,,,,,,,,,
柏***图,2018-6-9 18:53,手机非常好，一直信得过小米，也一直没有失望过。,,,,,,,,,
柏***4,2018-6-11 10:51,东西性价比很高，买给家里老人用的，完全的够用了，值得入手！流畅度都是可以的，关键是用不到几个应用，打电话聊微信就差不多了，总之，老人机当之无愧！,,,,,,,,,
白***客,2018-6-12 19:37,以前托朋友在网上买过一个小米2S，用了3年多，第四年被我老公废了&hellip;&hellip;。现在用苹果，感觉还是没小米用的顺心，还老贵了！帮婆婆买的小米，她非常喜欢，很高兴。支持国产，支持小米！,,,,,,,,,
白***5,2018-6-9 22:18,家里所有人，所有电器几乎都是小米产品，在我的影响下都是米粉，但是就是这样。还不能给个优惠，有点失望，直接回来升级最新版本，不过安卓手机通病都是越用越卡，还有小米的缺陷是电池容易故障，希望这台用的时间可以久点！,,,,,,,,,
白***3,2018-5-30 17:55,手机还可以，给母上大人买的，只用一个微信的话还是绰绰有余的。主要还是因为便宜，对于动不动就丢手机的人来说性价比还是挺高的。希望这部可以撑的久一点，不然我可能考虑下一次买一个老人机了。整体来说还是挺满意的，给个?,,,,,,,,,
白***2,2018-6-15 16:06,帮同事买的，他说很好用挺喜欢的，主要是他不怎么玩，电池容量耐用。,,,,,,,,,
巴***4,2018-6-16 12:48,宝贝很好，很满意。,,,,,,,,,
傲***不,2018-6-12 10:13,给爷爷买的，直接寄回家里去了，感觉不错，一直喜欢小米手机，国产手机必须支持一下。爷爷跟我说手机好看，大气！实用！性价比超高的,,,,,,,,,
昂***的,2018-5-31 22:50,520活动价699。十天后回头看发现还降了50,售价649。不管怎么说，姥姥还是很开心的，七十六岁老人家学会了视频和微信，不容易了已经。这款也可以调节字号，对老年人来说够用了。,,,,,,,,
按***1,2018-6-4 20:02,手机性价比高的，也实惠，爸爸妈妈很喜欢，回购几次了，会继续关注的,,,,,,,,,
安***园,2018-6-21 09:56,此用户没有填写评论!,,,,,,,,,
安***叶,2018-6-4 20:43,给妈妈买的，很合适，不管是价位还是其它，老人家高兴最重要，换了新手机，整天捣鼓，这样一个人也不会无聊,,,,,,,,,
安***妖,2018-6-9 10:38,信任小米品质，寄回老家给老人用，满足老人使用需求，老人很满意，字大，反应快，但就是声音小了一点，没有图片老人不会拍。发货物流都挺快，满意，满意，满意，满意，满意，满意，满意,,,,,,,,,
安***雪,2018-6-10 06:54,用起来不错~价格实惠,,,,,,,,,
安***彬,2018-6-11 16:28,第5次购买了，一如既往地好评！,,,,,,,,,
安***6,2018-6-17 13:05,买给妈妈用的，她挺喜欢,,,,,,,,,
安***0,2018-6-4 07:47,此用户没有填写评论!,,,,,,,,,
爱***籽,2018-6-13 07:03,帮老年人买的，还不知道效果怎么样，用了再追评。,,,,,,,,,
爱***镁,2018-6-17 21:12,奶奶用些还可以，用的极简桌面，很好用,,,,,,,,,
爱***康,2018-6-18 09:56,给妈妈买的，不错手机,,,,,,,,,
爱***迹,2018-6-20 06:42,用了段时间了，还不错,,,,,,,,,
爱***宝,2018-6-10 11:06,手机收到了给家人买的希望用着给力吧,,,,,,,,,
爱***l,2018-6-2 18:05,挺意外的，小米做的越来越好了，送给妈妈的(ノ=Д=)ノ┻━┻，加油(? &bull;?_&bull;?)?小米，系统挺流畅的。,,,,,,,,,
爱***2,2018-6-5 13:05,给姐夫买的，姐姐说挺好用。比在实体店看的便宜多了。,,,,,,,,,
艾***品,2018-6-9 16:14,能淘到自己喜欢的宝贝最幸福。知道评论的重要性。当大家看到我的这一篇评价时，表示我对产品是认可的。比如说这次购物就很好，物美价廉，发货也很快，比较满意。这一方面是为了肯定商家的服务，因为差评我会直接说为什么的。店家挣钱也不容易，大家要相互谅解，能私下解决的，就不轻易动用中差评，中国人讲究以和为贵，家和万事兴，退一步海阔天空，也祝愿全天下的淘友，都能淘到自己喜欢的宝贝。最后祝店家越做越好，小程序&ldquo;湖北卖女装&rdquo;女装购物商城生意越来越好。 较好 较好 较好 较好 服务较好,发货较快。,,,,,,,,
艾***海,2018-6-8 16:21,挺好的 小米手机性价比都挺高的,,,,,,,,,
艾***2,2018-6-17 21:46,手机还可以   电池充电稍微慢点 只是上网听歌看电影不打游戏  完全没问题,,,,,,,,,
哎***熊,2018-6-18 10:53,像素一般&hellip;开视屏看着有点模糊&hellip;快递跑了一星期&hellip;,,,,,,,,,
哎***7,2018-6-10 16:15,昨天给老爸用了 整体目前感觉OK,,,,,,,,,
啊***9,2018-6-9 00:44,这个价位能买到牌子的挺不错了 还没用 希望难用点,,,,,,,,,
阿***个,2018-6-18 12:23,n次买了，老人机,,,,,,,,,
阿***8,2018-6-13 15:07,很不错，第三次回购了，手机都是用小米的了,,,,,,,,,
阿***5,2018-6-20 16:29,跟公公买的，老人用合适，如果字幕能再调大点就好了，他老花眼看不清楚，然后能集成一些老人常用功能在一起就好了,,,,,,,,,
阿***4,2018-6-4 09:56,刚拿到手，手感不错，画面也还行，,,,,,,,,,
阿***2,2018-6-15 14:21,很好用，爸爸更喜欢，还会再来的,,,,,,,,,
z***头,2018-6-1 21:36,最开心的一次购物。视频够清晰，声音也很大，就是机身有点小。但是我很满意了，因为我在百度搜到一款手机比这个价格还贵，但是不好用，联系不到卖家被拉黑了。,,,,,,,,,
z***z,2018-6-8 19:42,还行，给父亲买的，很喜欢，但愿性能可以，不卡可，赞一个吧,,,,,,,,,
z***u,2018-6-20 09:03,还可以，老人机,,,,,,,,,
z***t,2018-6-13 13:19,东西不错,,,,,,,,,
z***q,2018-6-18 17:50,手机正品，价格不贵。质量很好。好评！,,,,,,,,,
z***o,2018-6-17 13:51,非常满意，手机用了几天了，还在观察中,,,,,,,,,
z***n,2018-6-20 21:21,东西很好物流很快,,,,,,,,,
z***k,2018-5-23 18:50,此用户没有填写评论!,,,,,,,,,
z***g,2018-5-24 15:03,给老妈买的母亲节礼物，这款的字体够大，里面的功能老人家都会用，暂时也没有发现什么问题，粉红色挺漂亮的,,,,,,,,,
z***f,2018-6-21 11:18,屏幕有划痕也不处理，服务差,,,,,,,,,
z***9,2018-6-17 15:03,手机很好，买给爸爸的，客服态度也非常好,,,,,,,,,
z***8,2018-6-8 15:52,超级忠实米粉，家里手机全是小米，支持国产，支持小米，性价比不用说，超高，本来价格不贵，618又给了优惠，应该说没有什么利润空间了，美中不足，音量不能分开调，音量大了，信息太吵，音量小了，来电话听不到，锁屏后，有两个左右滑动的快捷键不知怎么取消，在口袋里很容易碰到，总体满意，有点设计缺陷，也能理解，总之支持小米，一直会用小米，还会再买小米，希望小米越来越好。,,,,,,,,,
z***7,2018-6-4 17:35,物品收到了。体面的。质量也不错,,,,,,,,,
z***6,2018-6-21 15:51,很满意，性价比很高,,,,,,,,,
z***5,2018-6-18 10:22,我是米粉，很好的一款老年机,,,,,,,,,
z***4,2018-6-21 16:17,冲着小米来的，可能对手机期望太高吧，手机符合老年机的性能，没有想象中的画面清晰，拍照也是一般水平，刚买过就降价了，不开心，不开心，客服也不解决~,,,,,,,,,
z***3,2018-6-18 13:16,用起来非常好，家里人很喜欢！,,,,,,,,,
z***2,2018-6-5 10:07,给老妈买的，功能足够，性价比高，已经是家里的第6部小米手机了，现在我们全家都是米粉！,,,,,,,,,
z***1,2018-6-20 16:09,真的是待机很不好，早上充电不怎么玩，下午就没有电了，真的很无语，对小米挺失望的,,,,,,,,,
z***0,2018-6-11 10:23,帮别人买的，说还好用的，小米手机真的还不错，以前一直用,,,,,,,,,
y***子,2018-6-18 18:40,收到了，便宜，红米的大概用一年就坏了，买了好几部了,,,,,,,,,
y***熊,2018-5-23 17:19,给我爸爸买的手机。爸爸很喜欢，一直很喜欢小米的手机，简单易操作，适合中老年人使用。灰色的很漂亮。沉稳。客服反应太慢。问个问题半天不带回复的。,,,,,,,,,
y***天,2018-6-6 11:54,给家里买的，老爹说坐在家里都能打电话，给个好评,,,,,,,,,
y***咪,2018-6-6 14:19,送给妈妈的，挺好看的。活动买的划算,,,,,,,,,
y***x,2018-6-18 21:09,老爸喜欢。,,,,,,,,,
y***s,2018-6-17 22:53,挺好的，买给妈妈用的。,,,,,,,,,
y***r,2018-6-18 12:59,目前是还可以，有问题会继续追评,,,,,,,,,
y***n,2018-6-15 21:14,靠运气吧。反正我这机就是不能下载个性主题，因为换了主题，我设置的锁屏密码开不了锁，（确信没有记错密码，还多次清楚数据重新设置）。不知道你们会不会啦。现在是没密码状态机。反正老人用，只要可以接听电话就好了。,,,,,,,,,
y***i,2018-6-16 09:39,手机不错,,,,,,,,,
y***h,2018-6-16 07:59,性价比高，帮朋友买过几次了，好评。,,,,,,,,,
y***f,2018-6-17 06:47,很好！五分,,,,,,,,,
y***e,2018-6-4 07:02,用起来不错，手感较轻，使用流畅。,,,,,,,,,
y***c,2018-6-14 14:28,非常好用，非常好,,,,,,,,,
y***b,2018-6-7 15:59,一直用小米的手机。比之前的红米便宜而且配置高。,,,,,,,,,
y***9,2018-6-4 16:37,宝贝挺实惠而且又好用，配置也可以，外观也好，请广大用户放心购买?,,,,,,,,,
y***8,2018-6-16 21:50,手机是正品！给老妈买的！老妈挺喜欢！大小也合适！现在全家都是小米手机了！大爱小米！,,,,,,,,,
y***6,2018-6-12 15:23,一波几折的终于到了妈妈手中，客服泽米旭日，泽米芙蓉都棒棒的，买了几次红米手机了，相信他会一直棒棒的，以后有需要还会再次购买。,,,,,,,,,
y***5,2018-6-18 12:44,手机用起还可以了  基本没什么问题  家人一直用的小米的 他们都觉得小米不错  只是我觉得客服太差 发个消息半天不回  回的消息也不是我问得问题  简直无语  建议客服能回快点,,,,,,,,,
y***4,2018-6-11 14:06,续航能力：还行吧 给公司买的一起买四台。反正当公用电话用。,,,,,,,,,
y***3,2018-6-12 14:37,买给妈妈用的 手机挺不错了 这个价钱能买到这样的手机真是可以了 刚用总的来说 都还不错?,,,,,,,,,
y***2,2018-6-6 17:12,给爷爷奶奶用的，还挺好的，待机时间长，功能简单易上手！总体挺满意,,,,,,,,,
y***1,2018-6-14 15:05,买给妈妈用的她说好用,,,,,,,,,
y***0,2018-5-27 15:00,小米的忠实粉丝，手机是正品，颜值高，打王者，吃鸡完全不卡，运行内存顺畅，大爱,,,,,,,,,
x***滟,2018-6-18 20:35,用着挺好的，画面清晰反应也快,,,,,,,,,
x***家,2018-6-8 21:44,买来给小孩用的，挺不错，很智能,,,,,,,,,
x***哎,2018-6-16 12:50,挺好的手机,,,,,,,,,
x***y,2018-6-8 21:51,红米5A手机已经收到，一如既往的好用。对于不玩游戏的老人来说，足够了。不懂设置的人，再好的手机配置也一样不好使。,,,,,,,,,
x***v,2018-6-4 10:48,给父母买的，应该还可以吧，目前没有什么问题,,,,,,,,,
x***o,2018-6-15 16:46,老爸用的还可以！感觉老年人用足够了，性价比蛮高的。,,,,,,,,,
x***n,2018-6-15 10:54,给老妈买的，很好用！,,,,,,,,,
x***h,2018-6-11 10:21,已经收到了哦在使用中了呢，不错哦老人用用挺好的，特意买的32G下载了一些游戏和微信老人可以了，待机时间也不错，满意呢关健是价格比较合理，老人能接受画面和质地都不错也不知道到底是不是翻新机，随便用用吧去吧，使用起来也方便快捷的，好评吧,,,,,,,,,
x***f,2018-6-19 13:24,用着还不错 没什么问题,,,,,,,,,
x***8,2018-6-19 15:02,性价比高，实用,,,,,,,,,
x***7,2018-6-17 17:21,可以，老人用实惠，其实不玩游戏，年青人也可以用,,,,,,,,,
x***6,2018-6-17 19:23,手机收到用了一段时间了，是送给老人用的，其他还好，就是反应有点慢,,,,,,,,,
x***2,2018-6-11 20:01,买给老爸的.,,,,,,,,,
x***1,2018-6-17 16:19,挺好用的，妈妈挺喜欢的,,,,,,,,,
x***0,2018-6-17 11:04,暂时用的还可以  至于接下来的就要慢慢看了,,,,,,,,,
w***王,2018-6-11 10:23,还可以 老人用,,,,,,,,,
w***s,2018-6-12 08:42,非常好用，小米粉,,,,,,,,,
w***p,2018-6-14 09:03,好,,,,,,,,,
w***h,2018-6-5 13:23,挺好用的，喜欢，一直是米粉，米家很多产品都有买过，一如既往的好，啦啦啦啦啦啦啦啦啦啦啦啦啦啦,,,,,,,,,
w***b,2018-6-4 16:01,很趁手，非常满意！,,,,,,,,,
w***9,2018-6-20 11:24,手机不错，很满意，已经是第二次购买了！用着速度也挺快的！,,,,,,,,,
w***8,2018-6-16 17:45,二号的那个你就会知道的时候我们还能看见你们的身影。我的小弟弟都有喜欢你和谁说了很多遍就可以快速删除所有人员信息,,,,,,,,,
w***7,2018-6-21 09:57,已收到，外观完好，使用速度快。,,,,,,,,,
w***6,2018-6-10 14:54,给老爸买的，不要求多大功能。但愿用的时间长点,,,,,,,,,
w***5,2018-6-10 11:03,东西收到！谢谢。那么轻，老爸以为是三四百元的手机呢！以前用红米3s，信号不稳定就买的这个手机希望老人家用得没问题,,,,,,,,,
w***4,2018-6-13 17:21,还不错，学生用的，裸机,,,,,,,,,
w***3,2018-6-21 16:18,给姥爷买的，不知道怎么样,,,,,,,,,
w***1,2018-6-21 10:12,宝贝不错，收到很满意！以后会经常光顾的！,,,,,,,,,
w***0,2018-6-4 21:27,小米的忠实用户，家里人人手一只小米手机。,,,,,,,,,
v***婆,2018-6-10 21:04,不错，挺好的！,,,,,,,,,
v***狐,2018-6-19 10:34,送老妈的，目前用着没啥问题，小米牝~,,,,,,,,,
v***v,2018-6-21 21:51,这个价位还行,,,,,,,,,
v***s,2018-6-11 09:27,还行吧，买给爸爸用的，价格很便宜,,,,,,,,,
v***o,2018-6-21 22:43,还可以 2g很慢 选错了因为没有什么概念,,,,,,,,,
u***n,2018-6-18 10:20,各种铃声太小，不适合于老年人用。,,,,,,,,,
u***k,2018-6-18 22:20,买给老爸的，挺好的~,,,,,,,,,
t***者,2018-6-9 10:12,手机不错，性价比很高,,,,,,,,,
t***旋,2018-6-11 12:16,大爱小米，欧耶！,,,,,,,,,
t***师,2018-6-10 18:31,全新的 未开封 正品,,,,,,,,,
t***u,2018-6-16 10:34,老爸给老妈买的，手机本身挺轻便的，老人用够用了。,,,,,,,,,
t***t,2018-6-13 13:47,给三姨买的，试用了，待机时间超长，反应速度也快，老年人用足够了。,,,,,,,,,
t***o,2018-6-21 21:55,送人的，说还可以,,,,,,,,,
t***n,2018-6-18 21:25,还可以，同一天买给岳父和老爸各一个！,,,,,,,,,
t***j,2018-6-10 11:58,老人用可以了，反应挺快，满足简单的上网需求,,,,,,,,,
t***e,2018-6-15 20:46,拍照效果：效果挺好的。。,,,,,,,,,
t***d,2018-6-18 10:23,质量不错，值得购买。,,,,,,,,,
t***b,2018-6-5 21:03,给老人买的，尺寸刚好不大，挺实惠,,,,,,,,,
t***9,2018-6-8 10:54,当备用机的，价格确实实惠，但是使用起来确实不够流畅，下载了UC浏览器，在用的时候有很明显的卡顿。页面翻页会延时一点。玩王者荣耀感觉还好，不会特别影响娱乐。,,,,,,,,,
t***8,2018-6-11 22:43,质量非常好，与卖家描述的完全一致，非常满意,真的很喜欢，完全超出期望值，发货速度非常快，包装非常仔细、严实，物流公司服务态度很好，运送速度很快，很满意的一次购物。 以上这些是我复制的，还好吧，没这么夸张。一般,,,,,,,,
t***7,2018-6-10 16:26,宝贝已经再用了，是给老爸买的，像素也挺好的，应该是正品，想买的可以考虑入！,,,,,,,,,
t***6,2018-6-21 01:28,买给妈妈的，性价比很高的一款手机，希望好用，好评,,,,,,,,,
t***5,2018-6-18 10:42,给老爹买的，一直是米粉，持续支持小米。,,,,,,,,,
t***4,2018-6-21 23:50,还可以，买给老妈的！她非常喜欢！,,,,,,,,,
t***3,2018-6-19 19:13,每次确定收货后，偶都会默认好评接着把星星填满，偶觉得这是个好习惯，每当看到：亲，您的评价对别的买家有很大帮助时，偶就发誓一定要做个好评专业户去好好帮助别的买家。马云大叔都说了，给好评的买家都是好买家哈。老板，临走之前再悄悄告诉你一个小秘密，偶已经把你的店铺收藏起来啦！如果别的买家因此而找不到，你可不要怪我哟&hellip;&hellip;。,,,,,,,,,
t***2,2018-6-20 09:49,还可以， 和此卖家交流，不由得精神为之一振，自觉七经八脉为之一畅，我在淘宝买了这么多年，所谓阅商无数，但与卖家您交流，我只想说，老板你实在是太好了，交易成功后，我的心情是久久不能平静，看着交易成功，我竟产生出一种无以名之的悲痛感&mdash;&mdash;啊，这么好的卖家，如果将来我再也遇不到了，那我该怎么办？直到我毫不犹豫地把卖家的店收藏了，我内心的那种激动才逐渐平静下来，可是我立刻想到，这么好的卖家，倘若别人看不到，那么不是浪费心血吗？经过痛苦的思想斗争，我终于下定决心，牺牲小我，奉献大我。我要以此评价奉献给世人赏阅，我要给好评&hellip;&hellip;评到所有人都看到为止！,,,,,,,,,
t***1,2018-6-11 07:27,手机?收到了，质量还行，价格合理，顺丰快递超级给力，服务态度非常好，老爸对手机非常满意，老人不喜欢大的手机，这个尺寸正好。,,,,,,,,,
t***0,2018-6-21 11:32,全部同事都被偶安利到，很多同事包括她们的家人都是用小米手机，差不多每个型号都有，哈哈，支持国产手机！,,,,,,,,,
s***珠,2018-6-14 21:04,给公公买的他很喜欢,,,,,,,,,
s***圆,2018-6-16 15:55,买给老爸的，还可以,,,,,,,,,
s***语,2018-6-6 22:04,帮我婆婆买的手机，她以前的旧手机都给我女儿摔坏了，就想着给她换一个，刚好搞活动，不过没有抢到我想要的颜色，总的来说性价比很高，对于老人来说功能也是够了的，婆婆说她挺喜欢的，那就行了,,,,,,,,,
s***瑜,2018-6-20 09:41,听不错的，给爸妈用性价比比较高,,,,,,,,,
s***夕,2018-6-11 14:31,劝大家不要买，不是真的，假货。类似于翻新机。我的买来就出现了问题。外包装如果有问题厂家不可能会出厂卖的，不可能砸自己招牌。也只有卖家骗骗一些不识货的人。。找了客服两天都不理人。,,,,,,,,,
s***少,2018-6-12 20:02,不错，挺好的,,,,,,,,,
s***米,2018-6-19 23:59,可以的吧，买给奶奶用，刚刚开始用,,,,,,,,,
s***峰,2018-6-19 14:50,一般般，廉价感,,,,,,,,,
s***y,2018-6-11 20:37,很快收到宝贝，妈妈非常高兴喜欢，谢谢！,,,,,,,,,
s***u,2018-6-4 17:43,到货很快，给家人用实惠够用,推荐！ For a while it was fun but not worth buying from your phone so much that would have been better if you could add more levels or something like this one vfd has e of u h ddsdds  。,,,,,,,,
s***r,2018-6-17 22:34,这是买的第二个了，给妈妈买了个樱花粉，妈妈喜欢极了。简单的功能不复杂，妈妈也赶时尚用上了智能机，潇洒一把。全5分哦。,,,,,,,,,
s***q,2018-6-15 10:23,好，就是没有耳机送,,,,,,,,,
s***i,2018-5-30 11:32,520活动买给妈妈的，粉色的很好看，而且确实不重很轻巧，对于手机性能是完全好评，毕竟小米还是很牛掰的。就是价格活动力度不一样，大家要看准时机下手，估计618可以看一下。,,,,,,,,,
s***a,2018-6-11 17:51,小米产品一如既往的好,,,,,,,,,
s***9,2018-6-10 14:56,收到特地用了来评价的，质优价廉是首选，手感不错，照相清晰，内存够用，非常不错的高性价比手机，大赞,,,,,,,,,
s***8,2018-6-18 19:29,不错的 用后追评,,,,,,,,,
s***7,2018-6-16 13:05,挺好的。怪便宜,,,,,,,,,
s***6,2018-6-20 23:27,一直支持小米的产品，这次是给妈妈买的，还不错！,,,,,,,,,
s***5,2018-6-12 11:42,暂时挺好用的，过段时间再评论,,,,,,,,,
s***3,2018-6-16 19:07,挺好的，妈妈挺喜欢,,,,,,,,,
s***1,2018-6-11 16:33,good 老爸很喜欢～～,,,,,,,,,
s***0,2018-6-5 17:31,送给老人的，比较喜欢这个，屏幕也大，主要便宜，用一段时间就可以换了。,,,,,,,,,
r***丶,2018-6-8 18:08,送给父母实惠的选择！,,,,,,,,,
r***u,2018-6-10 22:34,适合老人用，性价比高,,,,,,,,,
r***9,2018-6-16 08:58,质量不错，性价比很高,,,,,,,,,
r***8,2018-6-9 14:07,手机给妈妈买的，妈妈很喜欢，老年人这个配置用用足够了,,,,,,,,,
r***4,2018-6-18 06:58,给妈妈买的，用着不错,,,,,,,,,
r***3,2018-6-10 21:54,给爸爸买的，很好，适合老年人用,,,,,,,,,
r***1,2018-6-15 13:55,不错不错，给老人用的,,,,,,,,,
r***0,2018-6-19 13:20,物流很快，手机也很漂亮，触健很灵敏,,,,,,,,,
q***野,2018-6-20 20:51,不错，妈妈挺喜欢,,,,,,,,,
q***人,2018-6-20 18:09,买给老爸用的，很不错,,,,,,,,,
q***z,2018-6-18 22:49,对得起这个价，一分钱一分货。,,,,,,,,,
q***q,2018-4-3 16:52,此用户没有填写评论!,,,,,,,,,
q***m,2018-6-14 20:45,帮别人买的好评，全五分,,,,,,,,,
q***i,2018-6-21 00:43,还可以 就是不送耳机,,,,,,,,,
q***8,2018-5-23 20:06,很不错，女儿很喜欢，手机套是自己买的，原本以为要很久才会到，结果第一天下午四点过下的单，第二天上午十点就到了，物流不是一般的快!要买的朋友们最好快点下手哦,,,,,,,,,
q***7,2018-6-15 21:02,唉，帮叔叔买的，没用几天掉水里了，七百元就用了不到一个星期，修一下600元多。,,,,,,,,,
q***5,2018-6-3 15:35,此用户没有填写评论!,,,,,,,,,
q***4,2018-6-18 14:07,当大家看到我的这一篇评价时，表示我对产品是认可的，尽管我此刻的评论是复制粘贴的。这一方面是为了肯定商家的服务，另一方面是为了节省自己的时间，因为差评我会直接说为什么的。所以大家就当做是产品质量合格的意思来看就行了。最后祝店家越做越好，大家幸端午安康，中华民族繁荣昌盛。,,,,,,,,,
q***3,2018-6-20 12:19,帮老爸买的，暂时用着还不错,,,,,,,,,
q***2,2018-6-16 21:43,手机不错，就是电池不耐用，充电慢了一点。,,,,,,,,,
q***1,2018-6-13 19:49,不错，米粉,,,,,,,,,
q***0,2018-6-8 21:49,用惯了小米的手机，一家人都在用红米3，七八部都是我帮他们买的，很好用，用了2年一直很好，最近想换代就选了红米5x，用了下不错，手机不贵好用就行，配置也很高！ 服务很好,,,,,,,,,
p***诺,2018-6-4 10:42,ok啊给奶奶用的他说太复杂了不怎么会用 慢慢教吧主要玩消灭星星的  包装不错，这手机实惠,,,,,,,,,
p***洌,2018-6-10 14:29,特的用了几天才来评价，好用，反应快，内存容量大，价格实惠。,,,,,,,,,
p***y,2018-6-11 14:03,还是不错的，一直支持小米的产品,,,,,,,,,
p***r,2018-6-20 18:00,给姨妈买的，她很高兴,,,,,,,,,
p***n,2018-6-13 12:06,买给老人家用的 很不错,,,,,,,,,
p***h,2018-5-30 20:25,非常实惠的小米手机，给家里老人很好，不需要太多太好的手机性能&hellip;&hellip;性价比非常高!小米的手机自己用了好多年了，家里也买了很多小米的商品，都很实惠，性价比很高，以后也会一如既往的支持小米的商品!,,,,,,,,,
p***g,2018-6-19 07:23,买给老爸用的，速度蛮快的。,,,,,,,,,
p***6,2018-6-21 13:39,上手感觉还不错，期待进一步的使用,,,,,,,,,
p***3,2018-6-15 22:35,给爸爸买的 功能简单  小巧轻薄 适合老年人使用,,,,,,,,,
p***0,2018-6-20 18:27,挺好的,,,,,,,,,
o***杨,2018-6-17 17:53,收到宝贝了，家里人用着感觉很棒，支持小米,,,,,,,,,
o***o,2018-6-15 17:33,东西非常不错，很好,,,,,,,,,
o***n,2018-6-17 19:05,卖家太不负责任了，包裹名字和手机号，地址都没有打，害的我在邮政等了2个小时才找到货，邮政ESM太差劲，时间太长了，以后千万别用邮政。差评。。。。。,,,,,,,,,
o***9,2018-6-15 21:41,机子一般，价格便宜。买给妈妈的，挺好的,,,,,,,,,
o***6,2018-6-11 13:11,第二次购买，好用，实惠，好评。,,,,,,,,,
o***0,2018-6-12 15:13,送我妈妈的，她说东西还可以，客服也不错，发票没有也立即解决了，好评,,,,,,,,,
n***轩,2018-6-9 06:45,手机挺好的手感也挺好反应也挺快的,,,,,,,,,
n***8,2018-6-7 13:54,买的手机用后评价不错待机时间长物流快 服务态度很好喜欢的亲们赶快买吧！,,,,,,,,,
n***7,2018-6-12 09:32,给老人买的，目前用着还行,,,,,,,,,
n***5,2018-6-16 08:52,很棒的手机,,,,,,,,,
n***2,2018-6-8 11:41,物美价廉 看着不错 大小合适,,,,,,,,,
m***羽,2018-6-11 15:33,给父母买的  听说还不错  我也没看过??,,,,,,,,,
m***轩,2018-6-6 07:54,手机收到了!红米5a居然这么强大! 32G内存对于我来说足够了!外观漂亮精致，手感相当好!  原想着当备用手机，  这下好了，用吧!  赞!支持小米!,,,,,,,,,
m***闻,2018-6-17 20:52,第二次买了，第一次给母亲买了一只，第二次给父亲，虽然并不是很前排的手机，但也算自己的一片心意吧，父亲节快乐,,,,,,,,,
m***面,2018-6-11 20:56,给爸爸买的，一直都用小米，性价比高,,,,,,,,,
m***君,2018-6-13 09:50,给妈妈买的，她不会用就用个微信，所以不用买太好，寄回老家了，所以没看见真机，妈妈说挺好的，红米6A出来了，感觉买早了啊,,,,,,,,,
m***冬,2018-6-4 09:27,物流特别快，宝贝挺好用的，给家里的长辈买滴，他们蛮喜欢的！,,,,,,,,,
m***s,2018-6-19 13:00,用了几天感觉还不错,,,,,,,,,
m***o,2018-6-12 14:39,买给老人用的，可设极简桌面，总体还算方便。,,,,,,,,,
m***j,2018-6-9 16:08,东西卖给老人的 老人还不会用，不知道到底怎么样，只能等啥时候回去了在给老人教会，看到手机了才能知道质量咋样。先给好评吧,,,,,,,,,
m***g,2018-6-19 21:01,不错，一直都在用小米，包括手机，衣服，路由器，品质始终?,,,,,,,,,
m***9,2018-6-13 18:45,结实耐用，原装正品，终生受益，五星好评。,,,,,,,,,
m***8,2018-6-19 23:49,此用户没有填写评论!,,,,,,,,,
m***6,2018-6-21 15:16,买给老妈的，可以好用,,,,,,,,,
m***5,2018-5-26 15:15,此用户没有填写评论!,,,,,,,,,
m***4,2018-6-10 14:02,给老妈买的，会微信视频了哈哈，目前没发现什么问题 ，赞赞赞,,,,,,,,,
m***1,2018-6-9 17:55,此用户没有填写评论!,,,,,,,,,
m***0,2018-6-19 20:07,手机很好  给外婆买的,,,,,,,,,
l***苑,2018-6-14 10:29,不错，老人很喜欢。,,,,,,,,,
l***原,2018-6-21 12:01,快递0分，这什么破快递公司？如风达？？小米差这几个破钱？快递员不认识路就算了，我跟他说怎样走，硬是不肯过来，要我走十分钟走了一身汗出去。快递员跟我说车过不了桥送不了，我签收完他就开车往我住的地方去了？,,,,,,,,,
l***瑟,2018-6-15 11:11,实物和图片一样，用了半个月，暂时没发现什么问题，除了网络差点，价格比较实惠，适合老人。,,,,,,,,,
l***琦,2018-6-17 13:00,这是买的第二个了，真的好用，很不错,,,,,,,,,
l***娘,2018-6-21 08:01,没发现毛病，备用机,,,,,,,,,
l***倪,2018-6-6 20:10,妈妈非常喜欢用小米的手机&hellip;&hellip;,,,,,,,,,
l***苗,2018-6-12 08:12,东西很好物流很快，非常满意,,,,,,,,,
l***落,2018-6-18 08:32,发货有点慢，，，宝贝正品,,,,,,,,,
l***露,2018-6-10 21:16,还不错，婆婆用着挺好的,,,,,,,,,
l***利,2018-6-17 08:54,一直都用小米的手机，给老人买的，挺实用的，还便宜,,,,,,,,,
l***离,2018-6-10 22:20,手机挺不错的，很流畅，一点也不卡。给家里的老人用的。老人很喜欢,,,,,,,,,
l***灬,2018-6-13 17:51,挺好用的，百元机里算很不错！好评,,,,,,,,,
l***逅,2018-5-12 19:04,手机收到了，就一个裸机，和一个充电器，没有耳机额?，比想象中的小，唯一一个好的就发货快，到货也快,,,,,,,,,
l***黑,2018-6-10 14:48,支持小米,,,,,,,,,
l***y,2018-6-10 23:53,买个老人用的，字大清晰，好用，大小合适，好评！,,,,,,,,,
l***t,2018-6-17 21:22,公公说很不错 运行流畅 像素也好 很喜欢,,,,,,,,,
l***n,2018-5-31 09:37,性价比挺高的 作为备用机还可以,,,,,,,,,
l***l,2018-6-20 19:55,还行。给妈妈买的。挺好用。不需要多大功能,,,,,,,,,
l***i,2018-6-14 07:47,买给一个年纪大的同事，东西还是很不错！物流也很快，一直也忘记来评价了。东西非常满意！就是没有随手机赠送一个手机套。,,,,,,,,,
l***g,2018-6-10 19:17,o老I的，屏幕大小好,,,,,,,,,
l***e,2018-6-16 17:09,小米的手机是不错的，客服太差了！一个官方店的客服就不能培训一下吗？？完全一问三不知的状态。我自己查百度都比你们客服回答的快且准确，太有损品牌形象了好吗。强烈建议培训一下客服吧！,,,,,,,,,
l***d,2018-6-16 07:51,样子很漂亮，之前出过卡片突然不识别的情况，后来又自己好了，不知道是不是新办的卡注册的事，用了几天都没事了。,,,,,,,,,
l***a,2018-6-15 14:51,便宜 简单  老人用用够了 一年一换,,,,,,,,,
l***8,2018-6-17 19:04,第一次用小米 想不到性价比这么高 赶紧又入手一台mix2,,,,,,,,,
l***7,2018-6-13 08:13,收到好多天了。一直没打开，因为是送公公的礼物，最近刚好没有空气，相信品牌质量应该没问题,,,,,,,,,
l***6,2018-6-18 22:10,一分钱一分货，能满足老人需要，屏幕不是很清楚,,,,,,,,,
l***5,2018-6-19 18:41,还不错 送妈妈的,,,,,,,,,
l***4,2018-6-15 09:31,妈妈很喜欢?,,,,,,,,,
l***3,2018-6-16 23:08,还不错，妈妈喜欢,,,,,,,,,
l***2,2018-6-21 10:54,非常满意，当备用手机最好的选择。速度快。,,,,,,,,,
l***1,2018-6-19 15:29,给老爸买的，反应还行！,,,,,,,,,
l***0,2018-5-25 14:31,给妈妈买的，已经买第二个了，挺好的，质量非常好，与卖家描述的完全一致，非常满意,真的很喜欢，完全超出期望值，发货速度非常快，包装非常仔细、严实，物流公司服务态度很好，运送速度很快，很满意的一次购物,,,,,,,,
k***u,2018-6-3 16:37,此用户没有填写评论!,,,,,,,,,
k***g,2018-6-12 15:38,给母上大人换的手机&hellip;非常不错&hellip;完全满足她的需要！,,,,,,,,,
k***a,2018-6-9 17:26,给老爸买的，字大，老花眼好用。,,,,,,,,,
k***8,2018-6-4 19:52,此用户没有填写评论!,,,,,,,,,
k***6,2018-6-16 05:25,给老爸买的，不错,,,,,,,,,
k***2,2018-6-15 14:19,还不错，给家人买的，用着还好,,,,,,,,,
k***1,2018-6-13 15:06,手机买给老人用的，很实用，文字可以调节到很大，基本的打电话和短信功能操作方便，而且电池很耐用，属于物美价廉的一款智能机,,,,,,,,,
k***0,2018-6-12 04:25,不错，老妈很喜欢，还会再次购买,,,,,,,,,
j***品,2018-6-8 11:54,买了送给爸爸的，手感不错，操作也挺方便的。,,,,,,,,,
j***y,2018-6-12 20:51,非常好，适合老人,,,,,,,,,
j***w,2018-6-14 12:23,非常好，爸妈用的，很喜欢。,,,,,,,,,
j***u,2018-6-11 23:05,还是很适合老年人打接电话的。外观很时尚大方。就是铃声小声了一点。室外有时听不见。智能机的操作方式还是不太适合家里老年人。经常滑动到别的界面。,,,,,,,,,
j***s,2018-6-17 14:50,灰常感谢,,,,,,,,,
j***n,2018-6-7 22:27,一家人都用的小米，价格真是亲民价啊，系统好用，手机好看拿在手上的感觉真的很舒服，下的游戏玩起来一点都不卡,,,,,,,,,
j***m,2018-6-19 21:11,妈妈很喜欢?,,,,,,,,,
j***e,2018-6-20 10:59,给爸爸妈妈买的，小巧，内存也够用，喜欢!!!!!,,,,,,,,,
j***9,2018-6-12 18:31,整体不错，老人机,,,,,,,,,
j***8,2018-6-11 10:12,好好好，买给老妈用的，配置足够，到货太快了。,,,,,,,,,
j***7,2018-6-10 10:26,小米品牌，质量很好，值得信赖。多次购买了。 热情周到。,,,,,,,,,
j***6,2018-6-19 18:59,手机收到了用了几天感觉还可以,,,,,,,,,
j***5,2018-6-4 11:27,质量很好，在官网买好多小米的产品了，一直很信赖，真心不错,,,,,,,,,
j***4,2018-6-19 23:38,还不错，速度快，价格实惠，给家里老人用的,,,,,,,,,
j***3,2018-6-4 08:38,第三次买小米手机了，家人换机，也都是买小米，老人用很超值，待机长，屏幕好，丈母娘天天拿着看广场舞&middot;&middot;,,,,,,,,,
j***2,2018-6-18 18:22,给老爸买的当老年机用的，总体来说还算可以吧，就是用一会手机有点热，功能老年人用足够了。,,,,,,,,,
j***1,2018-6-19 09:16,以前都是系统自动好评，买了很多都是这样，后来才知道淘宝评论积分，可以涨气值呢，才知道评论的重要性，现在，我买什么东西，都会评论，没错，这样就可以得积分，感谢大家看这一段话。手机不错,,,,,,,,,
i***余,2018-6-5 18:12,此用户没有填写评论!,,,,,,,,,
i***安,2018-6-6 21:07,手机收到后还算满意，给老爸买的，不大不小，用着正好，,,,,,,,,,
i***w,2018-6-20 21:56,虽然刚买就发布了同价的红米6a，但我还是觉得还好，体验还不错。买广告送手机根本不存在的！全五星好评！,,,,,,,,,
i***e,2018-6-18 14:59,电池很耐用,,,,,,,,,
i***8,2018-6-19 14:18,小巧玲珑,,,,,,,,,
i***6,2018-6-17 10:46,手机给妈妈买的，暂时用着还不错，用一段时间会来追评的,,,,,,,,,
i***1,2018-6-20 10:25,宝贝挺好，价钱便宜。,,,,,,,,,
h***神,2018-6-10 11:19,二次购买，质量挺好，对于老年人来说足够了,,,,,,,,,
h***明,2018-6-16 12:36,给老家  爸买的，老人机够用了,,,,,,,,,
h***购,2018-6-5 17:57,宝贝不错，老爸用的话这个配置也差不多够用了，第一次买雷布斯家的东西，感觉还可以,,,,,,,,,
h***店,2018-6-13 08:36,物美价廉，好用 ！,,,,,,,,,
h***点,2018-6-6 08:34,手机收到了 这个价格可以接受 忠实米粉,,,,,,,,,
h***y,2018-6-5 15:49,拍照效果：给老妈买的，挺好的，用着很流畅~。,,,,,,,,,
h***q,2018-6-20 11:00,给妈妈买的，妈妈说不错,,,,,,,,,
h***n,2018-6-16 20:27,帮朋友买的，团购，感觉还不错，手机党，很完美！,,,,,,,,,
h***l,2018-6-13 11:16,挺好的。下次需要还来。,,,,,,,,,
h***a,2018-6-13 05:49,送给长辈的礼物，挺好的,,,,,,,,,
h***9,2018-6-20 09:05,给家里老人买的，很不错，价格也不贵，速度很快。很不错的一次网购！,,,,,,,,,
h***8,2018-5-17 17:15,手机非常好 买之前还在犹豫 收到货之后挺惊喜的 很好 挺满意的 清晰度高 给你们看看火山小视频 现实更清晰，大小也合适 板厚度也可以，实在是太满意了 多照几张照片。,,,,,,,,,
h***7,2018-6-17 06:36,很不错，是的，非常不错,,,,,,,,,
h***6,2018-6-2 21:26,这是我第三次购买小米手机了，这次是给家人买的，第一部手机是小米2S，用了将近三年，第二部手机是小米5，一直用到现在。小米的其他产品也买了不少，小米电视，小米手环，小米VR眼镜&hellip;&hellip;也是一名忠实的米粉了，小米8前几天刚发布了，准备入手一部，估计现在还不好抢，再过一段时间再看。这次给父亲买的小米5A手机，性价比确实很高，发货速度挺快的，发货之后第二天就收到了，和卖家描述的一致，包装仔细严实，拆开包装一看，手机完好无损。手机做工精细，开机试用了一下，系统挺流畅的，运行软件一点也不卡，父亲拿到手上挺满意的，手机信号挺强的，通话非常清晰。非常满意的一次网购，如果有需要，还会光临的！,,,,,,,,,
h***5,2018-6-18 10:34,还不错，很清楚 父母用足够了 还可以 正常 很好 手机不错，给父母用的！,,,,,,,,,
h***4,2018-6-18 21:53,给老人买的，这么大小正合适，用了一下还可以。联系客服发货也及时,,,,,,,,,
h***3,2018-6-20 22:02,手机很好，只是贴的膜有气泡也不帮处理下，所以还是有点瑕疵！,,,,,,,,,
h***2,2018-6-20 10:52,第11台小米的手机。全家都用小米。靠谱,,,,,,,,,
h***1,2018-6-18 11:12,这是我用的第三台小米手机，一直觉得小米手机很棒，物美价廉，质量和操作感都不错，红米5A也没让我失望，很满意。,,,,,,,,,
g***s,2018-6-20 09:40,便宜，实惠啊。,,,,,,,,,
g***n,2018-5-29 16:39,作为备用机很好用！ 虽然配置不高但是优化很好，所以软件体验流畅，画面清晰。我是用魅族5s过来的，对比起来，虽然没有指纹但是流畅不卡啊，而且音响和画面这个价位段的来说那个好啊。  如果你注重实用的话，&apos;这个配置真心比八核和金属外壳和指纹那种不实用的设计有用，还便宜一百块,,,,,,,,,
g***h,2018-6-8 17:12,手机收到货了，外观看着挺好看的，买给爸爸用的，买的16G的，拿来看看电视，打打电话，非常不错，卖家态度好，物流快，性价比高，值得购买,,,,,,,,,
g***9,2018-6-5 16:39,给我姥姥买的 特别好 我姥姥之前用的按键老人机坏了 换成天语L920 充话费送的 放了好几年 怎么都学不会 学了一个月 坏了 给她买了红米 下载极简桌面APP 秒变老人机模式 10分钟就学会了！只接打电话 不关机一周冲一次电 特别好！ 唯一的缺点：不小心碰到home键 极简桌面就自动退出了 怎么设置都不行 建议优化下系统 变成强制无法退出的  家里好多亲戚用的都是小米或者红米 除了iPhone最喜欢小米手机了 支持小米 支持国货 一不小心写了这么多 因为姥姥 姥爷用的方便 我和妈妈也十分开心～,,,,,,,,,
g***8,2018-6-17 10:12,手机买回来几天，刚充满电一会就没电了，严重的问题，这是早上刚充满的电。,,,,,,,,,
g***7,2018-6-13 07:10,外形颜色性能音效字体俱?,,,,,,,,,
g***6,2018-6-4 15:32,给妈妈买的，直接寄回家了，初开始搞活动499的时候就相中了，但是没有买，后来妈妈原来的手机反应迟钝了，本来想等着再有活动的时候买的，最后没有等到，就直接买了一个，虽然比活动的时候贵点，但是妈妈用到新手机了，还是很开心?,,,,,,,,,
g***5,2018-6-16 22:08,严重差评，买到手两天就降价了，退货回去运费还要自己承担，太差了,,,,,,,,,
g***3,2018-6-1 10:56,给父母买的一人一部，质量值得信赖,,,,,,,,,
g***2,2018-5-26 21:43,此用户没有填写评论!,,,,,,,,,
g***1,2018-6-11 08:01,宝贝收到了，爸挺喜欢的,,,,,,,,,
g***0,2018-6-16 08:13,给老人用蛮好的，第二次买了。,,,,,,,,,
f***线,2018-6-20 10:51,物流快，本次购物很满意!,,,,,,,,,
f***磊,2018-6-6 10:39,买的时候优惠50，寄过来的发票居然显示优惠100，感觉很不好。。。其余还蛮好的。。。一直在用小米的手机，这次是给妈妈买的，一家人都在用，支持哦~！！东西收到以后马上查看，发现与图片描述一致，超级喜欢，卖家发货速度很快，，服务也很到位，给老板点个赞，下次还会来购买.........   东西收到以后马上查看，发现与图片描述一致，超级喜欢，卖家发货速度很快，，服务也很到位，给老板点个赞，下次还会来购买.........,,,,,,,,,
f***n,2018-6-16 16:20,帮老爸买的手机，还不错，性价比高。,,,,,,,,,
f***a,2018-6-19 13:37,小米的产品使人放心用，很好,,,,,,,,,
f***9,2018-6-18 09:58,一般，玩久了发热，网络慢。,,,,,,,,,
f***7,2018-6-20 19:14,第二次买小米了，支持国产。,,,,,,,,,
f***6,2018-6-10 12:44,用了一段时间还不错，音质也好，好评！,,,,,,,,,
f***4,2018-6-4 10:33,自从第一个小米note开始，给全家人都陆续换成了小米，哈哈哈，应该算是米粉了，支持国产，小米没有让我失望！,,,,,,,,,
f***3,2018-6-19 15:06,价格比实体店里划算一些哦,,,,,,,,,
f***2,2018-6-21 18:37,还不错，给妈妈用的。,,,,,,,,,
f***1,2018-5-17 15:46,手机好像还不错，就是快递包装太简单了，没软垫什么吊着，买给老妈用的，等用了以后再来追评。,,,,,,,,,
f***0,2018-6-21 23:16,很好，便宜！,,,,,,,,,
e***e,2018-6-13 09:48,很好的宝贝，帮叔叔买的，很喜欢！好评,,,,,,,,,
e***a,2018-6-15 12:01,手机不错，当老年机挺合适的,,,,,,,,,
e***9,2018-6-13 08:36,手机送给婆婆的，超级赞,,,,,,,,,
e***3,2018-6-19 12:40,非常差，刚收到就降价五十元，服务超级差！！！态度非常差,,,,,,,,,
e***0,2018-6-17 15:23,发货速度，手机灵敏度，都可以，其余的后期在评论,,,,,,,,,
d***圆,2018-6-18 14:54,这款手机比我想象中地好！那性价比很高啊！小米手机值得信赖哦。,,,,,,,,,
d***谁,2018-6-18 16:31,买给老妈的，用段时间过来追平,,,,,,,,,
d***儿,2018-6-16 12:33,发货速度，宝贝很好！,,,,,,,,,
d***n,2018-6-13 16:10,给老爸买的，老爸说电池好像不耐用，好评吧,,,,,,,,,
d***m,2018-6-14 18:08,用后来追评,,,,,,,,,
d***9,2018-6-11 09:21,物流比较快，隔天到的。给家里老人买的，用了几天，操作都比较熟了。价格便宜，性价比高。,,,,,,,,,
d***3,2018-6-12 07:21,学生用很好,,,,,,,,,
d***2,2018-6-10 16:31,货到后试了以下，不错，满意。 快递服务好。,,,,,,,,,
d***0,2018-6-18 20:56,质量很不错，便宜又好用，非常满意！,,,,,,,,,
c***座,2018-6-6 10:27,还行，给老妈用刚刚好,,,,,,,,,
c***馨,2018-6-19 22:20,还可以，给老妈买的，作为老人机还是可以的！,,,,,,,,,
c***喃,2018-6-15 15:22,差评一百遍，给妈妈买来的第二天，45厘米左右的凳子上摔下去屏幕碎了。。。心好累。。。。。从此把小米红米拉入黑名单。。。虽然我也是叫小米，但是她真的不适合我,,,,,,,,,
c***r,2018-6-6 23:00,此用户没有填写评论!,,,,,,,,,
c***o,2018-6-16 14:34,可以，买给妈妈用的,,,,,,,,,
c***c,2018-6-18 20:50,东西好不好放一边，刚刚买完，货还没收到，就降价五十，还不给补差价，只能退货重新拍，就是告诉你想要便宜就要浪费时间，想不浪费时间就别想便宜，真是无语了，从来没有这种体验，官方旗舰店也不过如此！,,,,,,,,,
c***9,2018-6-20 13:47,性价比还是很高的,,,,,,,,,
c***8,2018-6-20 21:02,第二次买了，挺好的，性价比很高，买给老人用很合适。,,,,,,,,,
c***7,2018-6-6 21:11,收到了，用着不卡，挺好，给老爸买的，非常喜欢，这个内存足够用的，不玩游戏，好评。,,,,,,,,,
c***6,2018-6-21 21:25,非常好，价钱便宜，老爸用用可以,,,,,,,,,
c***5,2018-6-20 08:53,给老人买的 目前使用一段时间没任何问题 小米真心不错 便宜还好用 买来当备用机也不错,,,,,,,,,
c***4,2018-6-13 15:16,积木有助于开发智力，训练孩子手眼协调能力，积木中的排列，接合，环形，对称等都对孩子的智力有好处。搭积木时，孩子一定要涉及到比例，对称等问题，这就有利于孩子数概念的早期培养。 ? 积木 积木有利于孩子发挥想象，综合运用多种不同种类的积木共同搭建实物。有利于他们想象力和创造力的培养。 选择方法 0-1岁：色彩鲜艳的布积木 1岁前的孩子还没有形成真正意义上的空间概念，那种标准的六面体、有一定质感、符合力学原理的积木，对他们来说意义不是很大，因此最好选择趣味性积木。如布积木，它柔软，有鲜艳的颜色，还有动物或水果等图案，可以让孩子感知颜色，认识物体，发展触觉等，而且不用担心硬积木碰伤孩子。当然，如果没有准备这样的玩具，娃娃、布绒动物玩具、图书等同样可以起到这些作用。小宝宝喜欢把所有到手的东西都往嘴里放，因此不管是木质积木还是布积木，都要安全,,,,,,,,,
c***3,2018-6-15 16:54,玩手游无压力，不错,,,,,,,,,
c***2,2018-6-20 11:30,还行用着，给老爸买的，发的顺丰。挺快的,,,,,,,,,
c***1,2018-6-19 16:12,给老爸买的、手机反应挺快手感也很好、性价比也高这是第二次购买了、有需要还会来的,,,,,,,,,
c***0,2018-6-18 14:24,还不错，买个公公用的，很实惠,,,,,,,,,
b***霞,2018-6-19 12:28,给公公买的，手机很轻，很喜欢,,,,,,,,,
b***兔,2018-6-13 16:08,很满意的一次购物，下次还会光顾的,,,,,,,,,
b***丽,2018-6-6 01:08,不e 屯事I的 感X行,,,,,,,,,
b***w,2018-6-11 23:37,帮家里人买的，一直相信小米，好评,,,,,,,,,
b***u,2018-6-10 00:40,还好吧，之前是自己买了红米5x用了一年到现在觉得还行，就比较喜欢小米的牌子，之后就给妈妈买了一部红米5A，妈妈用着挺喜欢的，到现在还没出现什么问题，所以当朋友想买的时候就给推荐了这个，他用了有半个月了吧，我一直没确认收货，怕有什么问题，到现在也还好，没出现什么问题，他也很喜欢，总是谢我帮他买到了很酷的手机，哈哈哈，太好玩了。,,,,,,,,,
b***o,2018-6-13 15:22,买给公婆用的，字体大，声音也大，他们用着挺不错的,,,,,,,,,
b***n,2018-6-19 16:58,手机目前一切正常,,,,,,,,,
b***9,2018-6-12 15:12,这个价位做到这样的手机不错了，流畅性很好，电量也很耐用，性价比很高。,,,,,,,,,
b***6,2018-6-12 21:19,东西不错，爸妈很喜欢。。大小合适,,,,,,,,,
b***5,2018-6-20 21:04,手机性价比挺高的给老妈买的32g,,,,,,,,,
b***4,2018-6-16 10:52,老妈很喜欢???,,,,,,,,,
b***3,2018-6-10 09:46,备用首选,,,,,,,,,
b***0,2018-6-14 10:46,使用了几天，不错，物美价廉,,,,,,,,,
a***子,2018-6-18 10:22,经济实惠，性价比高,,,,,,,,,
a***扬,2018-6-19 00:38,用着挺流畅的，性价比高，给爸妈用正合,,,,,,,,,
a***晴,2018-6-17 12:25,给婆婆买的，婆婆很喜欢,,,,,,,,,
a***琴,2018-6-17 08:11,垃圾小米，再也不买了！  小米粉变成小米黑！  要上市开始膨胀了,,,,,,,,,
a***蕾,2018-6-19 03:30,拿来做备用手机还可以,,,,,,,,,
a***劲,2018-6-13 14:09,还不错我老妈挺喜欢的，点个赞,,,,,,,,,
a***y,2018-6-11 16:01,大红大紫，漂亮，手感不错，没有货了，本想买两台的！,,,,,,,,,
a***t,2018-6-8 09:02,不错还行,,,,,,,,,
a***r,2018-6-17 22:48,在这店购物，感觉十非生气  出外打工，只能靠手机和家联  保证48小时发货，做不到  3天过去，什么时候发货说不出  如果客服去查一下，货在第2天已发,,,,,,,,,
a***n,2018-6-10 19:01,买给老妈的，很喜欢,,,,,,,,,
a***l,2018-6-4 23:07,给爸妈买的，前一个也是小米。好用，用的惯,,,,,,,,,
a***i,2018-6-7 11:59,头天排，第二条就收到了，超级快，很好用。用来当工作用的手机，500多块钱要啥自行车,,,,,,,,,
a***g,2018-6-14 09:04,以前一直再官网买，但是官网发货太慢了。这次给我妹买一个手机，就在淘宝上试试，感觉还不错。正好适合小学生用，嘎嘎嘎。,,,,,,,,,
a***a,2018-6-15 08:06,手机还可以，实用型的，适合中老年人用，要玩游戏的，安装软件比较多的不太适合，发热、卡很严重，希望小米能解决这两大难题，那就算比较完美了。,,,,,,,,,
a***9,2018-6-14 08:44,第二个了，给老妈买的，用着还行！,,,,,,,,,
a***8,2018-6-16 21:54,好手机，非常好用。,,,,,,,,,
a***7,2018-6-12 08:26,买给老妈的 用起来不错 家里个个用小米手机 哈哈,,,,,,,,,
a***5,2018-6-12 08:56,老人家灰常喜欢,,,,,,,,,
a***4,2018-6-20 07:57,还可以吧，快递也挺快的，手机就看好不好用了,,,,,,,,,
a***3,2018-6-11 15:41,现在用着很顺畅 外观也很好看 送给婆婆的 希望他喜欢,,,,,,,,,
a***2,2018-6-7 15:23,顺丰物流速度没得说，老爸很喜欢，老妈还很和小爱对话呢，这款手机很适合老人字体也很大,,,,,,,,,
a***1,2018-6-19 10:56,挺好的！！老爸挺满意！！！,,,,,,,,,
a***0,2018-6-10 06:31,备用机，性价比还不错，这个价格不用期望太高。,,,,,,,,,
9***跳,2018-6-10 12:59,买给老人用的，声音挺大，电池抗用，不玩游戏，正常使用五天左右，不错，赞！,,,,,,,,,
9***瑞,2018-6-5 14:54,很好很好，特别适合老年人使用，很轻，手感也不错。运行个微信也就够了，挺好用的。,,,,,,,,,
9***美,2018-6-20 11:27,夏天养心安神之品有茯苓、麦冬、小枣、莲子、百合、竹叶、柏子仁等，养心食物 这些都能起到养心安神的作用。在饮食方面，应多吃小米、玉米、豆类、鱼类、洋葱、土豆、冬瓜、苦瓜、芹菜、芦笋、南瓜、香蕉、苹果等，少吃动,,,,,,,,,
9***来,2018-6-16 21:02,手机挺好用的。老妈说信号也挺好的。唯一不满的是顺丰快递，我知道顺丰快递送东西快。但我发烧了不舒服几天都没空去拿我也说了我的原因。还老是打电话崔我去拿。说过了三天就退回去了。一点都不体谅一下我，又没人在家最后顶着发烧骑车去拿回来后发高烧了。,,,,,,,,,
9***t,2018-6-21 10:52,家人说用起来不错，挺好的，实惠,,,,,,,,,
9***g,2018-6-16 09:24,此用户没有填写评论!,,,,,,,,,
9***b,2018-6-18 07:14,不错的手机,,,,,,,,,
8***萍,2018-6-19 23:25,这是我第二次在你们店里买给婆婆的手机了，去年买了一部感觉用的挺好的，后来用着用着被我侄女掉水里去了，今年果断又在你店里买了一部，反正老人用着跟我接接视频，看看电视玩玩小游戏都挺好的，像素也还行吧，毕竟这个价格在这呢，总之很满意哦?,,,,,,,,,
8***丹,2018-6-18 22:06,买给公公的，很喜欢，好评,,,,,,,,,
8***o,2018-6-17 12:22,买给妈妈用的，还行吧,,,,,,,,,
8***l,2018-6-12 14:59,挺不错，用了几天才来评价，听说要八十个字才会涨分数，先凑一下字数，讲一废话先。手机挺不错，用了几天才来评价，目前还很滑，不卡，电池可以用个两天，还算是比较满意的一次购物。,,,,,,,,,
8***j,2018-6-7 20:26,快 好 不错 流畅，无卡顿 清晰 好,,,,,,,,,
6***爱,2018-6-11 13:22,给家里人买的，现在刚开始用，还不错。以后再看吧！,,,,,,,,,
6***l,2018-6-21 11:28,暂时还可以,,,,,,,,,
5***子,2018-6-19 22:16,买个婆婆用的，老人使用刚刚好,,,,,,,,,
5***w,2018-6-7 18:03,顺丰大哥太好了，赶到我下班前送来,,,,,,,,,
5***p,2018-6-5 09:38,电池不太理想，其他的都不错，特别是信号，比金属外壳的原红米4好很多，以前看网页不行的地方可以看视频，买的就是它的塑壳，希望以后多出非金属外壳的给大家选择,,,,,,,,,
5***n,2018-6-13 09:36,手机给老妈买的，樱花粉很漂亮，特意用了几天才来评价的，速度还比较快，暂时也没有什么问题，老人用功能也够了，以后如果没有什么问题的话，等以后我换手机也用小米的,,,,,,,,,
5***m,2018-6-17 10:54,价格实惠，服务良好，物流很快，性价比高，好评点赞！,,,,,,,,,
5***c,2018-6-13 10:01,质量蛮好，适合老妈用。,,,,,,,,,
5***3,2018-6-21 18:25,还不错哈,,,,,,,,,
4***兵,2018-6-10 13:00,很漂亮的手机，非常喜欢.,,,,,,,,,
4***h,2018-6-20 22:10,好像还不错,,,,,,,,,
4***b,2018-6-15 10:31,不错，送给老妈用的，她平时也就用来抢抢红包发个信息打打电话完全够用了！,,,,,,,,,
3***舞,2018-6-6 10:46,我是我们村第一个淘宝的人，这里大部分人都是不网购的，他们买东西价格一般不会超过五块，听说我在淘宝买东西整个村子都震惊了，村长跑到我家对我爸说你是不是疯了？媳妇跟我闹离婚这日子没法过啦，面对重重压力下我依然坚持要买，我相信这个月的工资不会白花，终于快递到了，我怀着激动的心情颤抖着双手打开包裹，啊！！！我惊呆了，这颜色，这手感，这质量，只恨我读书少无法用华丽的词语来形容它，我举着它骄傲的站在村口，整个村都沸腾啦，更有人喊如果不给他们看，他们就要跳井，吓的我赶紧收起宝贝立刻前往海拔100米的村长家使用，用完后在全村人羡慕的眼光中昂首挺胸扬长而去。,,,,,,,,,
2***涯,2018-6-20 18:59,手机用了几天，还不错，适合老年人用！,,,,,,,,,
2***王,2018-6-5 09:29,给老妈买的，足够她用了，之前给老爸也买了一个，都说不错,,,,,,,,,
2***钱,2018-6-18 11:26,599没两天就降50元，伤心,,,,,,,,,
2***妞,2018-6-12 12:13,买给老人用的，应该还不错,,,,,,,,,
2***u,2018-6-12 11:51,淘宝几年才知道原来评论85个字才会有积分。所以从今天到以后，这段话走到哪里就会复制到哪里。首先要保证质量啊，东西不赖啊。不然就用别的话来评论了。不知道这样子够不够85字。谢谢老板的认真检查。东西很好，祝老板生意发财！！！！！！！！！！！！！！！,,,,,,,,,
2***t,2018-6-6 01:27,一直用小米，从红米1到 1s,到小米3，小米4到小米6，再到平板2，小米盒子3，小米note3，红米5A,性价比高，质量好，良心企业，支持国产，好评，电视坏了的话准备入手75寸那个。。。哈哈。,,,,,,,
1***子,2018-6-13 01:11,快递很快 感谢,,,,,,,,,
1***迎,2018-6-15 09:42,此用户没有填写评论!,,,,,,,,,
1***淘,2018-6-20 21:02,手机非常好，性比价高，价格真是便宜，最重要的是好用啊，挺快的，好手机，喜欢小米,,,,,,,,,
1***人,2018-6-10 11:19,挺好用的，用了好几个星期了，手机很好用，不卡不顿，基本的王者荣耀啥的游戏都可以玩。然后可以说满足一个手机的基本要求吧。,,,,,,,,,
1***热,2018-6-21 19:27,物流差评,,,,,,,,,
1***静,2018-6-4 08:56,寄回老家送给妈妈用的，用了几天了的效果还不错。颜色也是我喜欢的，刚开始还担心妈妈不会用，但是这款老人用挺好的。因为东西在老家，所以也没办法传图片。不过挺实惠的。,,,,,,,,,
1***锋,2018-6-18 19:27,以后不要发邮政,,,,,,,,,
1***癫,2018-6-10 22:22,很好 给爸爸买的 不过好像没有极简模式了,,,,,,,,,
1***y,2018-6-18 16:09,给爸爸买的，爸爸很喜欢,,,,,,,,,
1***x,2018-6-18 01:16,爸爸很喜欢~就是物流有点慢。采用对称式设计，手机正面按键、听筒、摄像头、感光器等部件分布在一条中轴线的两侧。红米Note 5A标准版整个机身重150克，塑料机身，采用仿金属设计，拥有铂银灰、香槟金、玫瑰金三种颜色可选。不过该机标准版没有指纹识别模块。,,,,,,,,,
1***l,2018-6-19 16:27,挺好的，就是信号不怎么好,,,,,,,,,
1***i,2018-5-5 13:19,此用户没有填写评论!,,,,,,,,,
1***h,2018-6-7 17:06,手机不错吧，刚开始感觉有点杂音，后来慢慢好了，小米手机一直都觉得质量还是很不错的了,,,,,,,,,
1***g,2018-6-7 16:19,手机性价比高，卖家还赠送我一个充电宝。物超所值！还等什么呢，喜欢的朋友赶快购买吧！,,,,,,,,,
1***a,2018-6-10 15:41,给老爸买的，还不错，挺喜欢的，整体很满意,,,,,,,,,
1***8,2018-6-1 06:59,很好骨灰盒蔡淳佳结婚v活该哈哈哈犯过错v比较好吃成本价CG鼻甲肥大挺好v小粉红v吹风机股份广告费#胡天地长白空v刚发的吃播尽管吩咐吃饭v发信息吃播vv许多地方公积金干脆等等v减肥的超级歌单成本价刚放学不回复发,,,,,,,,,
1***3,2018-6-19 12:12,第一次在网上买手机 非常差 手机刚收到扯开包装就有碰撞的痕迹！找客户 客户一直不理不睬 希望大家谨慎下单！ 下单前回复快得不得了 有问题了不理不睬 就你们这样对待客户 迟早关门！,,,,,,,,,
1***2,2018-6-9 15:18,我一直是小米的忠实粉丝，我们家几乎所有的智能家用品都是小米的，会继续努力的，谢谢,,,,,,,,,
1***1,2018-6-21 14:25,能用就好,,,,,,,,,
0***味,2018-5-28 16:31,买给妈妈的，手机不错，颜色也好看，好评！希望性能稳定，能用久一点吧！,,,,,,,,,
0***x,2018-6-19 07:54,手机是不错的，但刚买完就出了红米6A，心情不美好了,,,,,,,,,
0***c,2018-6-5 19:32,性价比很高，用了一星期没什么毛病。,,,,,,,,,
0***2,2018-6-10 19:58,买给老爸用的，还可以吧。玩微信QQ。看电视听歌拍照这些都可以。玩游戏就不行了！适合老人用,,,,,,,,,
0***0,2018-6-17 08:38,给老妈买的，电话挺好，老人用的不太好，得时时刻刻的交。。。,,,,,,,,,
