丿***兜,2018-6-16 20:54,包装完好，还没开始看。对数学非常之厌恶，作为一个没有好好读书的工作党，希望这本书引起我对数学的喜欢?
t***y,2018-6-13 08:18,很满意
慧***5,2018-6-9 18:12,书的纸张和印刷质量很好。
四***烂,2018-6-16 08:55,还没看，不知道说什么，看了再来追评
贵***娜,2018-6-11 15:39,内容很好，有干货
朕***浩,2018-5-27 12:14,.趁阳光正好，趁微风不噪。趁繁花还未开至荼蘼，趁现在还年轻。还可以走很长很长的路，还能诉说很深很深的思念。去寻找那些曾出现在梦境中的路径、山峦与田野吧。&mdash;&mdash;《人生终要有一场触及灵魂的旅行》 .我喜欢深存感恩之心又独自远行的女人。知道谢父母，却不盲从。知道谢天地，却不畏惧。知道谢自己，却不自恋。知道谢朋友，却不依赖。知道谢每一粒种子每一缕清风，也知道要早起播种和御风而行
a***r,2018-6-11 17:21,可以挺好的
蜡***包,2018-6-5 22:58,学习使我快乐
秋***7,2018-6-5 12:07,很早之前就有人推荐这本书给我，现在买来看看，卖家服务态度很好，书的包装也很好，发货快
t***5,2018-6-3 17:08,书本质量很好，送人的
c***2,2018-6-12 13:07,书后面有瑕疵
y***7,2018-5-30 15:29,书中将高深的数学原理讲得更加通俗易懂，让非专业读者也能领略数学的魅力。通过具体实例教会读者在解决问题时如何化繁为简，如何用数学去解决工程问题，如何跳出固有思维不断去思考创新等。
随***2,2018-5-30 15:53,学校建议买的，书不错
独***里,2018-5-22 21:12,包装完好，无破损。
a***o,2018-5-27 00:07,质量很好 内容更好
l***w,2018-6-6 10:23,书还行，发货有一点点慢
q***1,2018-5-23 15:14,消遣娱乐，好书
陈***8,2018-6-11 09:45,有很大的煤油味
方***6,2018-6-3 17:53,书脚折了 虽然不可避免 但还是不开心?_?
无***k,2018-5-8 18:35,喜欢吴军的写作风格，之前也看了浪潮之巅，现在这本书也看到网络爬虫了，阅读体验可以，感觉还不错
问***k,2018-5-1 09:15,此用户没有填写评论!
h***4,2018-5-15 17:30,正版，比某东便宜
t***7,2018-6-2 16:29,书还行，但都备注了别发圆通还发圆通，领个快递花了一个多小时，厂家还需要多注意注意细节
k***买,2018-5-10 13:09,老师和长辈都推荐看，对数学学习很有帮助！
劭***n,2018-5-12 06:23,书是慕名而买，现在的书的开本真心感叹不适合携带，其它还好！
b***4,2018-6-1 11:40,书的内容不错，不过求都皱了，物流太烂了吧！
冷***9,2018-5-8 19:51,帮同事买的，她买给她儿子看的，应该还不错。
h***媛,2018-4-17 12:09,特别棒，这本书真的遗憾没有早点看到，可以作为数学启蒙教材了。另外书的质量蛮好的，没有错字，纸质优，应该是正版。
北***熊,2018-5-18 09:00,看起来～～
红***石,2018-6-1 13:50,快递慢，但包装好。看看再说。
m***a,2018-5-5 21:22,好好好 吴军铁粉
t***4,2018-5-20 00:40,本书很好
t***4,2018-4-26 19:38,刚收到货，打开翻了翻，看到别人对此书的评价。我想我学习这本书后也会获益匪浅。值得入手。
t***0,2018-5-7 17:55,此用户没有填写评论!
将***国,2018-5-16 19:37,很不错的一本书
惠***园,2018-5-24 19:24,新书、破损严重
洛***c,2018-4-27 21:38,好东西。
g***g,2018-5-22 18:34,包装不错，真期待打开看看
p***m,2018-4-13 17:33,此用户没有填写评论!
食***4,2018-5-19 18:36,书是正版。就是发过来的时候书被压了。
l***1,2018-4-24 21:56,纸张质量很好，印刷清晰，物流很快，挺不错的
7***r,2018-4-29 16:02,挺好的 给朋友买的 哈哈哈
b***7,2018-4-23 18:18,书的质量还不错
什***博,2018-4-18 16:51,还可以，不过推荐读电子版
刘***欢,2018-4-25 23:11,正品，真心觉得不错
p***n,2018-4-25 22:17,吴军大大的书，不错不错
胡***c,2018-4-14 23:08,一本好书！值得购买，受益匪浅
凯***店,2018-4-28 08:14,很不错的书，好评送上！
m***0,2018-4-10 22:21,非常棒的书
星***忻,2018-4-22 12:26,不错，别人推荐的。
浚***风,2018-4-20 18:27,东西很好，很喜欢
k***x,2018-3-20 17:31,是正版，印刷清晰纸张很好，吴军老师的书看了《智能时代》很有启发，这本他的经典制作出第二版了前来捧场为我所用，呵呵谢谢快递真的很快，卖家人好。
c***7,2018-5-4 16:42,数学学渣买数学书看，??这是因为万维钢、卓克、吴军老师都认为数学重要无比。所以果断购买，了解数学到底美在哪里。
草***乐,2018-3-31 19:37,好看
邻***比,2018-3-25 11:22,纸张还不错，书得慢慢看
雷***画,2018-3-22 12:19,价格美丽
给***h,2018-4-2 17:59,书很好很好 刚看了一点点嘻嘻嘻
夜***树,2018-4-3 22:42,出来工作两年了，很久没看书了，就想找些东西看看，刚开始看，感觉还不错
顺***1,2018-4-1 11:45,书非常不错 女儿特意挑的 是必读的 在高考后后看 提前买了。书非常不错 女儿特意挑的 是必读的 想在高考后看 提前买了
乐***5,2018-3-27 07:05,挺好的书，本来是准备给小朋友启蒙数学，自己先看看。
潸***1,2018-3-29 12:57,很好，作为一个没有学过高数的人?虽然也有看不懂的部分，但是作者行文深入浅出，也很有意思
花***与,2018-4-4 19:17,数学之美可以让你领略到数学的魅力，数学无处不在，
h***o,2018-3-27 10:04,书正在看，应该是正版
y***菜,2018-5-14 19:58,老公买的 估计他是装逼
问***w,2018-3-26 09:50,送给朋友的，他很喜欢～
z***4,2018-3-10 18:29,很好
j***6,2018-5-14 11:36,包装有点简陋
黄***1,2018-3-12 22:24,包装好，正版书
唐***萌,2018-3-26 13:16,东西很棒啊
风***雪,2018-3-25 21:57,非常好的一本书值得一看
爸***芭,2018-5-13 11:48,有破损，希望改进
c***x,2018-3-30 15:45,内容很好 受用
s***5,2018-3-17 08:33,喜欢这本书。
j***o,2018-3-20 16:24,好书 值得
t***4,2018-3-22 21:48,合作愉快
j***h,2018-4-29 10:43,这是我导师推荐看的书，图书内容是可以的。就是在印刷装订方面能不能上点心。有一面上面是黑的，有烧焦的味道。还有十页左右纸张多出来了一角，让我剪了。
天***人,2018-4-22 19:14,挺好的朋友也在不断更新知识讲座&hellip;&hellip;不过这个时候还在等车时才看到我们一起的样子&hellip;&hellip;在一起就是这么的开心与否直接交易系统和我说话吗&hellip;&hellip;不过这个时候还在为别人考虑自己喜欢什么时候放假回家就回家吧&hellip;&hellip;这种事情就应该这样的生活习惯都不会忘记自己最初那样我不容易。在线等方面取得河北卫视播出平台进行互动话题都非常不错哇&hellip;&hellip;这种事情一定不会改变。不会是这样想我想对这个事情有什么区别&hellip;&hellip;在线等方面都很不错滴&hellip;&hellip;这种天气还是比较冷？在线等方面有很多种不同类型特点一波又一次看演唱会，不过这个事情也不是没有结果，一下自己买的东西也
封***文,2018-4-14 23:39,还好吧，就是书内容不够深入，也不够普及。有种不上不下的感觉，权当了解一下数学在网络中的应用了。作为普及书来说，公式太深了点。如果，想当作进阶书，又太不够详细了。
p***s,2018-4-20 10:29,从谷歌方法论而来，才读了一点感觉就是我想要的。材质还可以。整体好评
魏***7,2018-4-28 12:59,老公说看着不像正版
梦***喻,2018-4-20 16:00,描述不相同
六***宝,2018-4-27 20:15,作为一个数学没及格过得人，真不知道咋想的
l***听,2018-4-16 10:26,工作不尽职
w***4,2018-4-8 11:58,书应该是正书，纸质，字都很让人舒服，但是拿到手的书已经破损了，这就很舒服了！！
s***8,2018-3-23 11:01,美中不足的就是书角有点受伤，包装有点草率造成的
杨***啊,2018-3-20 13:21,书感觉纸质不是特别好，而且封面有点褶，其它到是没啥问题
t***1,2018-3-18 22:53,还没有看
大***6,2018-3-25 22:49,包b不e，客服有改善空g
阿***的,2018-6-19 13:03,好书，不错
t***6,2018-4-30 09:02,东西很好！！！啦啦啦啦啦啦啦啦啦啦啦啦啦啦啦啦啦啦啦啦啦啦啦啦啦啦啦啦啦啦啦啦啦啦啦啦啦啦啦啦啦啦啦啦啦啦啦啦啦啦啦啦啦啦啦啦啦啦啦啦啦啦啦啦啦啦啦啦啦啦啦啦啦啦啦啦
t***1,2018-4-17 18:30,好 都是系统自动好评，花了有好多好多钱，后来才知道淘宝评论得积分可以涨淘气值时，才知道评论的重要性，所以以后无论买什么东西，我都先把这段话复制粘贴下来，然后再写宝贝评论，没错，评论80个字以上就可以获得50个积分   好 都是系统自动好评，花了有好多好多钱，后来才知道淘宝评论得积分可以涨淘气值时，才知道评论的重要性，所以以后无论买什么东西，我都先把这段话复制粘贴下来，然后再写宝贝评论，没错，评论80个字以上就可以获
笑***a,2018-5-4 12:25,好好好好好好好好好好好好好好好好好好好好好好好好好好好好好好好好好好好好好好好好好好好好好好好好好好好好好好好好好好好好好好好好好好好好好好好好好好好好好好好好好好好好好好好好好好好好好好好好
涂***4,2018-4-4 04:50,挺好的
y***7,2018-4-17 12:21,好
玉***m,2018-6-11 21:08,很好
j***j,2018-4-7 09:21,好书
狼***3,2018-4-7 14:52,是正版
t***4,2018-3-31 14:13,好评
庐***洛,2018-4-16 16:05,灰常好。
h***i,2018-4-11 22:30,不错
